#ifndef __padman_irx__
#define __padman_irx__

unsigned int size_padman_irx = 36757;
unsigned char padman_irx[] __attribute__((aligned(16))) = {
	0x7f, 0x45, 0x4c, 0x46, 0x01, 0x01, 0x01, 0x00, 0x00, 0x00, 0x00, 0x00, 0x00, 0x00, 0x00, 0x00, 
	0x80, 0xff, 0x08, 0x00, 0x01, 0x00, 0x00, 0x00, 0x70, 0x00, 0x00, 0x00, 0x34, 0x00, 0x00, 0x00, 
	0xac, 0x75, 0x00, 0x00, 0x01, 0x10, 0x00, 0x00, 0x34, 0x00, 0x20, 0x00, 0x02, 0x00, 0x28, 0x00, 
	0x0c, 0x00, 0x09, 0x00, 0x80, 0x00, 0x00, 0x70, 0x74, 0x00, 0x00, 0x00, 0x00, 0x00, 0x00, 0x00, 
	0x00, 0x00, 0x00, 0x00, 0x1b, 0x00, 0x00, 0x00, 0x00, 0x00, 0x00, 0x00, 0x04, 0x00, 0x00, 0x00, 
	0x04, 0x00, 0x00, 0x00, 0x01, 0x00, 0x00, 0x00, 0x90, 0x00, 0x00, 0x00, 0x00, 0x00, 0x00, 0x00, 
	0x00, 0x00, 0x00, 0x00, 0xc0, 0x74, 0x00, 0x00, 0xf0, 0x91, 0x00, 0x00, 0x07, 0x00, 0x00, 0x00, 
	0x10, 0x00, 0x00, 0x00, 0xb0, 0x74, 0x00, 0x00, 0x70, 0x00, 0x00, 0x00, 0xb0, 0xf4, 0x00, 0x00, 
	0x20, 0x6e, 0x00, 0x00, 0xa0, 0x06, 0x00, 0x00, 0x30, 0x1d, 0x00, 0x00, 0x06, 0x03, 0x00, 0x00, 
	0x00, 0x00, 0xc0, 0x41, 0x00, 0x00, 0x00, 0x00, 0x02, 0x01, 0x00, 0x00, 0x70, 0x61, 0x64, 0x6d, 
	0x61, 0x6e, 0x00, 0x00, 0x70, 0x00, 0x00, 0x00, 0x64, 0x00, 0x00, 0x00, 0x64, 0x00, 0x00, 0x00, 
	0x64, 0x00, 0x00, 0x00, 0xe0, 0x17, 0x00, 0x00, 0x40, 0x2a, 0x00, 0x00, 0xbc, 0x25, 0x00, 0x00, 
	0x4c, 0x29, 0x00, 0x00, 0xe4, 0x36, 0x00, 0x00, 0x74, 0x0a, 0x00, 0x00, 0x34, 0x37, 0x00, 0x00, 
	0x58, 0x2c, 0x00, 0x00, 0x5c, 0x2d, 0x00, 0x00, 0x4c, 0x2e, 0x00, 0x00, 0xb8, 0x2b, 0x00, 0x00, 
	0x7c, 0x32, 0x00, 0x00, 0x74, 0x33, 0x00, 0x00, 0x4c, 0x34, 0x00, 0x00, 0xe8, 0x34, 0x00, 0x00, 
	0x00, 0x00, 0x00, 0x00, 0x08, 0x00, 0xe0, 0x03, 0x00, 0x00, 0x00, 0x00, 0x00, 0x00, 0x00, 0x00, 
	0x14, 0x00, 0x02, 0x24, 0xc8, 0xff, 0xbd, 0x27, 0x00, 0x00, 0x01, 0x3c, 0xa8, 0x78, 0x22, 0xac, 
	0x2e, 0x00, 0x02, 0x24, 0x00, 0x00, 0x01, 0x3c, 0xa4, 0x78, 0x22, 0xac, 0x02, 0x00, 0x82, 0x28, 
	0x00, 0x00, 0x01, 0x3c, 0xb0, 0x78, 0x20, 0xac, 0x34, 0x00, 0xbf, 0xaf, 0x30, 0x00, 0xb6, 0xaf, 
	0x2c, 0x00, 0xb5, 0xaf, 0x28, 0x00, 0xb4, 0xaf, 0x24, 0x00, 0xb3, 0xaf, 0x20, 0x00, 0xb2, 0xaf, 
	0x1c, 0x00, 0xb1, 0xaf, 0x18, 0x00, 0xb0, 0xaf, 0x00, 0x00, 0x01, 0x3c, 0x10, 0x78, 0x20, 0xac, 
	0x39, 0x00, 0x40, 0x14, 0x2e, 0x00, 0x10, 0x24, 0x00, 0x00, 0x02, 0x3c, 0x90, 0x6e, 0x42, 0x24, 
	0x25, 0xa0, 0x80, 0x00, 0x25, 0xa8, 0xa0, 0x00, 0x14, 0x00, 0x11, 0x24, 0x01, 0x00, 0x13, 0x24, 
	0x10, 0x00, 0xa2, 0xaf, 0x2c, 0x00, 0x16, 0x24, 0x80, 0x10, 0x13, 0x00, 0x21, 0x10, 0xa2, 0x02, 
	0x00, 0x00, 0x45, 0x8c, 0x10, 0x00, 0xa4, 0x8f, 0x06, 0x00, 0x06, 0x24, 0x18, 0x02, 0x11, 0x04, 
	0x14, 0x00, 0xa5, 0xaf, 0x14, 0x00, 0xa5, 0x8f, 0x57, 0x00, 0x40, 0x14, 0x00, 0x00, 0x00, 0x00, 
	0x06, 0x00, 0xa4, 0x80, 0x10, 0x02, 0x11, 0x04, 0x06, 0x00, 0xb2, 0x24, 0x04, 0x00, 0x42, 0x30, 
	0x05, 0x00, 0x40, 0x10, 0x0a, 0x00, 0x06, 0x24, 0x25, 0x28, 0x00, 0x00, 0x0e, 0x02, 0x11, 0x04, 
	0x25, 0x20, 0x40, 0x02, 0x25, 0x88, 0x40, 0x00, 0x00, 0x00, 0x44, 0x82, 0x06, 0x02, 0x11, 0x04, 
	0x00, 0x00, 0x00, 0x00, 0x04, 0x00, 0x42, 0x30, 0x3f, 0x00, 0x40, 0x14, 0x7c, 0x00, 0x22, 0x2a, 
	0x12, 0x00, 0x40, 0x10, 0x25, 0x28, 0x20, 0x02, 0x00, 0x00, 0x42, 0x82, 0x00, 0x00, 0x00, 0x00, 
	0x3b, 0x00, 0x56, 0x14, 0x00, 0x00, 0x00, 0x00, 0x01, 0x00, 0x44, 0x82, 0xfa, 0x01, 0x11, 0x04, 
	0x00, 0x00, 0x00, 0x00, 0x04, 0x00, 0x42, 0x30, 0x05, 0x00, 0x40, 0x10, 0x0a, 0x00, 0x06, 0x24, 
	0x25, 0x28, 0x00, 0x00, 0xf8, 0x01, 0x11, 0x04, 0x01, 0x00, 0x44, 0x26, 0x25, 0x80, 0x40, 0x00, 
	0x7c, 0x00, 0x02, 0x2a, 0x2e, 0x00, 0x40, 0x14, 0x25, 0x28, 0x00, 0x02, 0x00, 0x00, 0x04, 0x3c, 
	0x1a, 0x02, 0x11, 0x04, 0x98, 0x6e, 0x84, 0x24, 0x00, 0x00, 0x05, 0x3c, 0xa8, 0x78, 0xa5, 0x8c, 
	0x14, 0x00, 0x02, 0x24, 0x00, 0x00, 0x06, 0x3c, 0xa4, 0x78, 0xc6, 0x8c, 0x03, 0x00, 0xa2, 0x14, 
	0x2e, 0x00, 0x02, 0x24, 0x04, 0x00, 0xc2, 0x10, 0x00, 0x00, 0x00, 0x00, 0x00, 0x00, 0x04, 0x3c, 
	0xd8, 0x01, 0x11, 0x04, 0xf8, 0x6e, 0x84, 0x24, 0x00, 0x00, 0x04, 0x3c, 0x79, 0x01, 0x11, 0x04, 
	0x00, 0x00, 0x84, 0x24, 0x00, 0x00, 0x04, 0x3c, 0x24, 0x6f, 0x84, 0x24, 0x09, 0x00, 0x40, 0x14, 
	0x25, 0x80, 0x40, 0x00, 0x00, 0x00, 0x04, 0x3c, 0xa4, 0x78, 0x84, 0x8c, 0x3f, 0x01, 0x11, 0x04, 
	0x00, 0x00, 0x00, 0x00, 0x20, 0x00, 0x40, 0x14, 0x00, 0x00, 0x00, 0x00, 0x00, 0x00, 0x04, 0x3c, 
	0x50, 0x6f, 0x84, 0x24, 0xc7, 0x01, 0x11, 0x04, 0x01, 0x00, 0x10, 0x24, 0x34, 0x00, 0xbf, 0x8f, 
	0x30, 0x00, 0xb6, 0x8f, 0x2c, 0x00, 0xb5, 0x8f, 0x28, 0x00, 0xb4, 0x8f, 0x24, 0x00, 0xb3, 0x8f, 
	0x20, 0x00, 0xb2, 0x8f, 0x1c, 0x00, 0xb1, 0x8f, 0x25, 0x10, 0x00, 0x02, 0x18, 0x00, 0xb0, 0x8f, 
	0x08, 0x00, 0xe0, 0x03, 0x38, 0x00, 0xbd, 0x27, 0xbb, 0xff, 0x00, 0x10, 0x01, 0x00, 0x52, 0x26, 
	0x2a, 0x10, 0x11, 0x02, 0x04, 0x00, 0x40, 0x10, 0x00, 0x00, 0x00, 0x00, 0x00, 0x00, 0x04, 0x3c, 
	0xb4, 0x01, 0x11, 0x04, 0xb8, 0x6e, 0x84, 0x24, 0x01, 0x00, 0x73, 0x26, 0x9f, 0xff, 0x93, 0x16, 
	0x80, 0x10, 0x13, 0x00, 0x00, 0x00, 0x01, 0x3c, 0xa8, 0x78, 0x31, 0xac, 0x00, 0x00, 0x01, 0x3c, 
	0xc9, 0xff, 0x00, 0x10, 0xa4, 0x78, 0x30, 0xac, 0x00, 0x00, 0x04, 0x3c, 0xa9, 0x01, 0x11, 0x04, 
	0x78, 0x6f, 0x84, 0x24, 0xe1, 0xff, 0x00, 0x10, 0x00, 0x00, 0x00, 0x00, 0x98, 0xff, 0xbd, 0x27, 
	0x54, 0x00, 0xa7, 0x27, 0x01, 0x00, 0x06, 0x24, 0x60, 0x00, 0xb1, 0xaf, 0x25, 0x88, 0xa0, 0x00, 
	0x00, 0x10, 0xa5, 0x34, 0x5c, 0x00, 0xb0, 0xaf, 0x64, 0x00, 0xbf, 0xaf, 0x76, 0x01, 0x11, 0x04, 
	0x25, 0x80, 0x80, 0x00, 0x54, 0x00, 0xa2, 0x8f, 0x00, 0x00, 0x00, 0x00, 0x00, 0x10, 0x42, 0x30, 
	0x0a, 0x00, 0x40, 0x10, 0x27, 0x28, 0x11, 0x00, 0x10, 0x00, 0xa5, 0x27, 0x59, 0x01, 0x11, 0x04, 
	0x25, 0x20, 0x00, 0x00, 0x00, 0x10, 0x05, 0x24, 0x65, 0x01, 0x11, 0x04, 0x25, 0x20, 0x00, 0x02, 
	0x50, 0x01, 0x11, 0x04, 0x00, 0x00, 0x00, 0x00, 0x27, 0x28, 0x11, 0x00, 0x64, 0x01, 0x11, 0x04, 
	0x25, 0x20, 0x00, 0x02, 0x64, 0x00, 0xbf, 0x8f, 0x60, 0x00, 0xb1, 0x8f, 0x5c, 0x00, 0xb0, 0x8f, 
	0x08, 0x00, 0xe0, 0x03, 0x68, 0x00, 0xbd, 0x27, 0x00, 0x00, 0x00, 0x00, 0x00, 0x00, 0x00, 0x00, 
	0xe8, 0xff, 0xbd, 0x27, 0x00, 0x00, 0x04, 0x3c, 0xa0, 0x6f, 0x84, 0x24, 0x14, 0x00, 0xbf, 0xaf, 
	0x80, 0x01, 0x11, 0x04, 0x1c, 0x00, 0xa5, 0xaf, 0x14, 0x00, 0xbf, 0x8f, 0x1c, 0x00, 0xa2, 0x8f, 
	0x08, 0x00, 0xe0, 0x03, 0x18, 0x00, 0xbd, 0x27, 0xd0, 0xff, 0xbd, 0x27, 0x2c, 0x00, 0xbf, 0xaf, 
	0x28, 0x00, 0xb1, 0xaf, 0x5f, 0x01, 0x11, 0x04, 0x24, 0x00, 0xb0, 0xaf, 0x06, 0x00, 0x40, 0x14, 
	0x00, 0x00, 0x00, 0x00, 0x00, 0x00, 0x04, 0x3c, 0x72, 0x01, 0x11, 0x04, 0xdc, 0x6f, 0x84, 0x24, 
	0x52, 0x01, 0x11, 0x04, 0x00, 0x00, 0x00, 0x00, 0x5f, 0x01, 0x11, 0x04, 0x25, 0x20, 0x00, 0x00, 
	0x2e, 0x01, 0x11, 0x04, 0x00, 0x80, 0x11, 0x3c, 0x00, 0x00, 0x10, 0x3c, 0x48, 0x76, 0x10, 0x26, 
	0x00, 0x00, 0x04, 0x3c, 0x48, 0x76, 0x84, 0x24, 0x5b, 0x01, 0x11, 0x04, 0x25, 0x28, 0x40, 0x00, 
	0x18, 0x00, 0xb0, 0xaf, 0x01, 0x01, 0x25, 0x26, 0x14, 0x00, 0xa0, 0xaf, 0x00, 0x00, 0x07, 0x3c, 
	0xc0, 0x74, 0xe7, 0x24, 0x00, 0x00, 0x06, 0x3c, 0x20, 0x03, 0xc6, 0x24, 0x00, 0x00, 0x04, 0x3c, 
	0xc0, 0x75, 0x84, 0x24, 0x4e, 0x01, 0x11, 0x04, 0x10, 0x00, 0xa0, 0xaf, 0x18, 0x00, 0xb0, 0xaf, 
	0x14, 0x00, 0xa0, 0xaf, 0x10, 0x00, 0xa0, 0xaf, 0x00, 0x00, 0x04, 0x3c, 0x04, 0x76, 0x84, 0x24, 
	0x00, 0x00, 0x07, 0x3c, 0x40, 0x75, 0xe7, 0x24, 0x00, 0x00, 0x06, 0x3c, 0x20, 0x03, 0xc6, 0x24, 
	0x43, 0x01, 0x11, 0x04, 0x1f, 0x01, 0x25, 0x26, 0x2c, 0x00, 0xbf, 0x8f, 0x28, 0x00, 0xb1, 0x8f, 
	0x25, 0x20, 0x00, 0x02, 0x24, 0x00, 0xb0, 0x8f, 0x41, 0x01, 0x00, 0x10, 0x30, 0x00, 0xbd, 0x27, 
	0xd0, 0xff, 0xbd, 0x27, 0x2c, 0x00, 0xbf, 0xaf, 0x28, 0x00, 0xb1, 0xaf, 0x2d, 0x01, 0x11, 0x04, 
	0x24, 0x00, 0xb0, 0xaf, 0x06, 0x00, 0x40, 0x14, 0x00, 0x00, 0x00, 0x00, 0x00, 0x00, 0x04, 0x3c, 
	0x40, 0x01, 0x11, 0x04, 0xdc, 0x6f, 0x84, 0x24, 0x20, 0x01, 0x11, 0x04, 0x00, 0x00, 0x00, 0x00, 
	0x2d, 0x01, 0x11, 0x04, 0x25, 0x20, 0x00, 0x00, 0xfc, 0x00, 0x11, 0x04, 0x00, 0x80, 0x11, 0x3c, 
	0x00, 0x00, 0x10, 0x3c, 0xe8, 0x77, 0x10, 0x26, 0x00, 0x00, 0x04, 0x3c, 0xe8, 0x77, 0x84, 0x24, 
	0x29, 0x01, 0x11, 0x04, 0x25, 0x28, 0x40, 0x00, 0x18, 0x00, 0xb0, 0xaf, 0x00, 0x01, 0x25, 0x26, 
	0x14, 0x00, 0xa0, 0xaf, 0x00, 0x00, 0x07, 0x3c, 0x60, 0x76, 0xe7, 0x24, 0x00, 0x00, 0x06, 0x3c, 
	0xd8, 0x04, 0xc6, 0x24, 0x00, 0x00, 0x04, 0x3c, 0x60, 0x77, 0x84, 0x24, 0x1c, 0x01, 0x11, 0x04, 
	0x10, 0x00, 0xa0, 0xaf, 0x18, 0x00, 0xb0, 0xaf, 0x14, 0x00, 0xa0, 0xaf, 0x10, 0x00, 0xa0, 0xaf, 
	0x00, 0x00, 0x04, 0x3c, 0xa4, 0x77, 0x84, 0x24, 0x00, 0x00, 0x07, 0x3c, 0xe0, 0x76, 0xe7, 0x24, 
	0x00, 0x00, 0x06, 0x3c, 0xd8, 0x04, 0xc6, 0x24, 0x11, 0x01, 0x11, 0x04, 0x0f, 0x01, 0x25, 0x26, 
	0x2c, 0x00, 0xbf, 0x8f, 0x28, 0x00, 0xb1, 0x8f, 0x25, 0x20, 0x00, 0x02, 0x24, 0x00, 0xb0, 0x8f, 
	0x0f, 0x01, 0x00, 0x10, 0x30, 0x00, 0xbd, 0x27, 0xe8, 0xff, 0xbd, 0x27, 0x10, 0x00, 0xb0, 0xaf, 
	0x25, 0x80, 0xa0, 0x00, 0x00, 0x00, 0xa5, 0x8c, 0x00, 0x00, 0x00, 0x00, 0x00, 0x01, 0xa2, 0x30, 
	0x17, 0x00, 0x40, 0x10, 0x14, 0x00, 0xbf, 0xaf, 0x0d, 0x00, 0xa1, 0x04, 0xff, 0x00, 0xa2, 0x30, 
	0x01, 0x00, 0x42, 0x24, 0xff, 0xff, 0x42, 0x24, 0x12, 0x00, 0x43, 0x2c, 0x75, 0x00, 0x60, 0x10, 
	0x80, 0x10, 0x02, 0x00, 0x00, 0x00, 0x03, 0x3c, 0x20, 0x6e, 0x63, 0x24, 0x21, 0x10, 0x62, 0x00, 
	0x00, 0x00, 0x42, 0x8c, 0x00, 0x00, 0x00, 0x00, 0x08, 0x00, 0x40, 0x00, 0x00, 0x00, 0x00, 0x00, 
	0x00, 0x01, 0x02, 0x24, 0x6b, 0x00, 0xa2, 0x14, 0x00, 0x00, 0x00, 0x00, 0x14, 0x00, 0xbf, 0x8f, 
	0x25, 0x10, 0x00, 0x02, 0x10, 0x00, 0xb0, 0x8f, 0x08, 0x00, 0xe0, 0x03, 0x18, 0x00, 0xbd, 0x27, 
	0xec, 0xff, 0x00, 0x10, 0x25, 0x10, 0xa0, 0x00, 0x10, 0x00, 0x04, 0x8e, 0xa0, 0x04, 0x11, 0x04, 
	0x00, 0x00, 0x00, 0x00, 0xf5, 0xff, 0x00, 0x10, 0x0c, 0x00, 0x02, 0xae, 0x34, 0x09, 0x11, 0x04, 
	0x00, 0x00, 0x00, 0x00, 0xf1, 0xff, 0x00, 0x10, 0x0c, 0x00, 0x02, 0xae, 0x55, 0x0c, 0x11, 0x04, 
	0x00, 0x00, 0x00, 0x00, 0xed, 0xff, 0x00, 0x10, 0x0c, 0x00, 0x02, 0xae, 0x10, 0x00, 0x06, 0x8e, 
	0x08, 0x00, 0x05, 0x8e, 0x04, 0x00, 0x04, 0x8e, 0x08, 0x08, 0x11, 0x04, 0x14, 0x00, 0x07, 0x26, 
	0xe6, 0xff, 0x00, 0x10, 0x0c, 0x00, 0x02, 0xae, 0x10, 0x00, 0x06, 0x8e, 0x08, 0x00, 0x05, 0x8e, 
	0x04, 0x00, 0x04, 0x8e, 0xe5, 0x08, 0x11, 0x04, 0x00, 0x00, 0x00, 0x00, 0xdf, 0xff, 0x00, 0x10, 
	0x0c, 0x00, 0x02, 0xae, 0x10, 0x00, 0x07, 0x8e, 0x0c, 0x00, 0x06, 0x8e, 0x08, 0x00, 0x05, 0x8e, 
	0x04, 0x00, 0x04, 0x8e, 0xa0, 0x09, 0x11, 0x04, 0x00, 0x00, 0x00, 0x00, 0xd7, 0xff, 0x00, 0x10, 
	0x14, 0x00, 0x02, 0xae, 0x10, 0x00, 0x07, 0x8e, 0x0c, 0x00, 0x06, 0x8e, 0x08, 0x00, 0x05, 0x8e, 
	0x04, 0x00, 0x04, 0x8e, 0xd9, 0x09, 0x11, 0x04, 0x00, 0x00, 0x00, 0x00, 0xcf, 0xff, 0x00, 0x10, 
	0x14, 0x00, 0x02, 0xae, 0x10, 0x00, 0x07, 0x8e, 0x0c, 0x00, 0x06, 0x8e, 0x08, 0x00, 0x05, 0x8e, 
	0x04, 0x00, 0x04, 0x8e, 0x0d, 0x0a, 0x11, 0x04, 0x00, 0x00, 0x00, 0x00, 0xc7, 0xff, 0x00, 0x10, 
	0x14, 0x00, 0x02, 0xae, 0x10, 0x00, 0x07, 0x8e, 0x0c, 0x00, 0x06, 0x8e, 0x08, 0x00, 0x05, 0x8e, 
	0x04, 0x00, 0x04, 0x8e, 0x60, 0x09, 0x11, 0x04, 0x00, 0x00, 0x00, 0x00, 0xbf, 0xff, 0x00, 0x10, 
	0x14, 0x00, 0x02, 0xae, 0x08, 0x00, 0x05, 0x8e, 0x04, 0x00, 0x04, 0x8e, 0x0b, 0x0b, 0x11, 0x04, 
	0x0c, 0x00, 0x06, 0x26, 0xb9, 0xff, 0x00, 0x10, 0x14, 0x00, 0x02, 0xae, 0x08, 0x00, 0x05, 0x8e, 
	0x04, 0x00, 0x04, 0x8e, 0x43, 0x0b, 0x11, 0x04, 0x0c, 0x00, 0x06, 0x26, 0xb3, 0xff, 0x00, 0x10, 
	0x14, 0x00, 0x02, 0xae, 0x08, 0x00, 0x05, 0x8e, 0x04, 0x00, 0x04, 0x8e, 0x73, 0x0b, 0x11, 0x04, 
	0x00, 0x00, 0x00, 0x00, 0xad, 0xff, 0x00, 0x10, 0x0c, 0x00, 0x02, 0xae, 0x0c, 0x00, 0x06, 0x8e, 
	0x08, 0x00, 0x05, 0x8e, 0x04, 0x00, 0x04, 0x8e, 0x93, 0x0b, 0x11, 0x04, 0x00, 0x00, 0x00, 0x00, 
	0xa6, 0xff, 0x00, 0x10, 0x10, 0x00, 0x02, 0xae, 0x08, 0x00, 0x05, 0x8e, 0x04, 0x00, 0x04, 0x8e, 
	0xc9, 0x0b, 0x11, 0x04, 0x0c, 0x00, 0x06, 0x26, 0xa0, 0xff, 0x00, 0x10, 0x1c, 0x00, 0x02, 0xae, 
	0x00, 0x0c, 0x11, 0x04, 0x00, 0x00, 0x00, 0x00, 0x9c, 0xff, 0x00, 0x10, 0x0c, 0x00, 0x02, 0xae, 
	0x04, 0x00, 0x04, 0x8e, 0xfd, 0x0b, 0x11, 0x04, 0x00, 0x00, 0x00, 0x00, 0x97, 0xff, 0x00, 0x10, 
	0x0c, 0x00, 0x02, 0xae, 0x00, 0x00, 0x04, 0x3c, 0xfc, 0x6f, 0x84, 0x24, 0x91, 0x00, 0x11, 0x04, 
	0x00, 0x00, 0x00, 0x00, 0x91, 0xff, 0x00, 0x10, 0x00, 0x00, 0x00, 0x00, 0xc8, 0xff, 0xbd, 0x27, 
	0x28, 0x00, 0xb0, 0xaf, 0x34, 0x00, 0xbf, 0xaf, 0x30, 0x00, 0xb2, 0xaf, 0x2c, 0x00, 0xb1, 0xaf, 
	0x02, 0x00, 0x80, 0x10, 0x2e, 0x00, 0x10, 0x24, 0x25, 0x80, 0x80, 0x00, 0x00, 0x02, 0x12, 0x3c, 
	0x00, 0x00, 0x02, 0x3c, 0x10, 0x04, 0x42, 0x24, 0x00, 0x08, 0x11, 0x24, 0x10, 0x00, 0xa4, 0x27, 
	0x10, 0x00, 0xb2, 0xaf, 0x18, 0x00, 0xa2, 0xaf, 0x1c, 0x00, 0xb1, 0xaf, 0x37, 0x00, 0x11, 0x04, 
	0x20, 0x00, 0xb0, 0xaf, 0x11, 0x00, 0x40, 0x10, 0x00, 0x00, 0x00, 0x00, 0x25, 0x20, 0x40, 0x00, 
	0x36, 0x00, 0x11, 0x04, 0x25, 0x28, 0x00, 0x00, 0x00, 0x00, 0x02, 0x3c, 0x48, 0x03, 0x42, 0x24, 
	0x10, 0x00, 0xa4, 0x27, 0x10, 0x00, 0xb2, 0xaf, 0x18, 0x00, 0xa2, 0xaf, 0x1c, 0x00, 0xb1, 0xaf, 
	0x2a, 0x00, 0x11, 0x04, 0x20, 0x00, 0xb0, 0xaf, 0x04, 0x00, 0x40, 0x10, 0x25, 0x28, 0x00, 0x00, 
	0x2a, 0x00, 0x11, 0x04, 0x25, 0x20, 0x40, 0x00, 0x01, 0x00, 0x02, 0x24, 0x34, 0x00, 0xbf, 0x8f, 
	0x30, 0x00, 0xb2, 0x8f, 0x2c, 0x00, 0xb1, 0x8f, 0x28, 0x00, 0xb0, 0x8f, 0x08, 0x00, 0xe0, 0x03, 
	0x38, 0x00, 0xbd, 0x27, 0x00, 0x00, 0x00, 0x00, 0x00, 0x00, 0x00, 0x00, 0x00, 0x00, 0x00, 0x00, 
	0x00, 0x00, 0xe0, 0x41, 0x00, 0x00, 0x00, 0x00, 0x01, 0x01, 0x00, 0x00, 0x6c, 0x6f, 0x61, 0x64, 
	0x63, 0x6f, 0x72, 0x65, 0x08, 0x00, 0xe0, 0x03, 0x06, 0x00, 0x00, 0x24, 0x00, 0x00, 0x00, 0x00, 
	0x00, 0x00, 0x00, 0x00, 0x00, 0x00, 0xe0, 0x41, 0x00, 0x00, 0x00, 0x00, 0x02, 0x01, 0x00, 0x00, 
	0x69, 0x6e, 0x74, 0x72, 0x6d, 0x61, 0x6e, 0x00, 0x08, 0x00, 0xe0, 0x03, 0x09, 0x00, 0x00, 0x24, 
	0x08, 0x00, 0xe0, 0x03, 0x11, 0x00, 0x00, 0x24, 0x08, 0x00, 0xe0, 0x03, 0x12, 0x00, 0x00, 0x24, 
	0x00, 0x00, 0x00, 0x00, 0x00, 0x00, 0x00, 0x00, 0x00, 0x00, 0xe0, 0x41, 0x00, 0x00, 0x00, 0x00, 
	0x01, 0x01, 0x00, 0x00, 0x74, 0x68, 0x62, 0x61, 0x73, 0x65, 0x00, 0x00, 0x08, 0x00, 0xe0, 0x03, 
	0x04, 0x00, 0x00, 0x24, 0x08, 0x00, 0xe0, 0x03, 0x05, 0x00, 0x00, 0x24, 0x08, 0x00, 0xe0, 0x03, 
	0x06, 0x00, 0x00, 0x24, 0x08, 0x00, 0xe0, 0x03, 0x08, 0x00, 0x00, 0x24, 0x08, 0x00, 0xe0, 0x03, 
	0x14, 0x00, 0x00, 0x24, 0x08, 0x00, 0xe0, 0x03, 0x16, 0x00, 0x00, 0x24, 0x08, 0x00, 0xe0, 0x03, 
	0x17, 0x00, 0x00, 0x24, 0x00, 0x00, 0x00, 0x00, 0x00, 0x00, 0x00, 0x00, 0x00, 0x00, 0xe0, 0x41, 
	0x00, 0x00, 0x00, 0x00, 0x01, 0x01, 0x00, 0x00, 0x74, 0x68, 0x65, 0x76, 0x65, 0x6e, 0x74, 0x00, 
	0x08, 0x00, 0xe0, 0x03, 0x04, 0x00, 0x00, 0x24, 0x08, 0x00, 0xe0, 0x03, 0x05, 0x00, 0x00, 0x24, 
	0x08, 0x00, 0xe0, 0x03, 0x06, 0x00, 0x00, 0x24, 0x08, 0x00, 0xe0, 0x03, 0x07, 0x00, 0x00, 0x24, 
	0x08, 0x00, 0xe0, 0x03, 0x08, 0x00, 0x00, 0x24, 0x08, 0x00, 0xe0, 0x03, 0x0a, 0x00, 0x00, 0x24, 
	0x00, 0x00, 0x00, 0x00, 0x00, 0x00, 0x00, 0x00, 0x00, 0x00, 0xe0, 0x41, 0x00, 0x00, 0x00, 0x00, 
	0x01, 0x01, 0x00, 0x00, 0x73, 0x69, 0x66, 0x6d, 0x61, 0x6e, 0x00, 0x00, 0x08, 0x00, 0xe0, 0x03, 
	0x05, 0x00, 0x00, 0x24, 0x08, 0x00, 0xe0, 0x03, 0x07, 0x00, 0x00, 0x24, 0x08, 0x00, 0xe0, 0x03, 
	0x08, 0x00, 0x00, 0x24, 0x08, 0x00, 0xe0, 0x03, 0x1d, 0x00, 0x00, 0x24, 0x00, 0x00, 0x00, 0x00, 
	0x00, 0x00, 0x00, 0x00, 0x00, 0x00, 0xe0, 0x41, 0x00, 0x00, 0x00, 0x00, 0x01, 0x01, 0x00, 0x00, 
	0x73, 0x69, 0x66, 0x63, 0x6d, 0x64, 0x00, 0x00, 0x08, 0x00, 0xe0, 0x03, 0x0e, 0x00, 0x00, 0x24, 
	0x08, 0x00, 0xe0, 0x03, 0x11, 0x00, 0x00, 0x24, 0x08, 0x00, 0xe0, 0x03, 0x13, 0x00, 0x00, 0x24, 
	0x08, 0x00, 0xe0, 0x03, 0x16, 0x00, 0x00, 0x24, 0x00, 0x00, 0x00, 0x00, 0x00, 0x00, 0x00, 0x00, 
	0x00, 0x00, 0xe0, 0x41, 0x00, 0x00, 0x00, 0x00, 0x02, 0x01, 0x00, 0x00, 0x73, 0x74, 0x64, 0x69, 
	0x6f, 0x00, 0x00, 0x00, 0x08, 0x00, 0xe0, 0x03, 0x04, 0x00, 0x00, 0x24, 0x00, 0x00, 0x00, 0x00, 
	0x00, 0x00, 0x00, 0x00, 0x00, 0x00, 0xe0, 0x41, 0x00, 0x00, 0x00, 0x00, 0x01, 0x01, 0x00, 0x00, 
	0x73, 0x79, 0x73, 0x63, 0x6c, 0x69, 0x62, 0x00, 0x08, 0x00, 0xe0, 0x03, 0x08, 0x00, 0x00, 0x24, 
	0x08, 0x00, 0xe0, 0x03, 0x1d, 0x00, 0x00, 0x24, 0x08, 0x00, 0xe0, 0x03, 0x24, 0x00, 0x00, 0x24, 
	0x00, 0x00, 0x00, 0x00, 0x00, 0x00, 0x00, 0x00, 0x00, 0x00, 0xe0, 0x41, 0x00, 0x00, 0x00, 0x00, 
	0x01, 0x01, 0x00, 0x00, 0x76, 0x62, 0x6c, 0x61, 0x6e, 0x6b, 0x00, 0x00, 0x08, 0x00, 0xe0, 0x03, 
	0x08, 0x00, 0x00, 0x24, 0x08, 0x00, 0xe0, 0x03, 0x09, 0x00, 0x00, 0x24, 0x00, 0x00, 0x00, 0x00, 
	0x00, 0x00, 0x00, 0x00, 0x00, 0x00, 0xe0, 0x41, 0x00, 0x00, 0x00, 0x00, 0x02, 0x01, 0x00, 0x00, 
	0x73, 0x69, 0x6f, 0x32, 0x6d, 0x61, 0x6e, 0x00, 0x08, 0x00, 0xe0, 0x03, 0x0b, 0x00, 0x00, 0x24, 
	0x08, 0x00, 0xe0, 0x03, 0x2e, 0x00, 0x00, 0x24, 0x08, 0x00, 0xe0, 0x03, 0x31, 0x00, 0x00, 0x24, 
	0x08, 0x00, 0xe0, 0x03, 0x32, 0x00, 0x00, 0x24, 0x08, 0x00, 0xe0, 0x03, 0x37, 0x00, 0x00, 0x24, 
	0x08, 0x00, 0xe0, 0x03, 0x38, 0x00, 0x00, 0x24, 0x08, 0x00, 0xe0, 0x03, 0x3a, 0x00, 0x00, 0x24, 
	0x00, 0x00, 0x00, 0x00, 0x00, 0x00, 0x00, 0x00, 0x00, 0x00, 0xe0, 0x41, 0x00, 0x00, 0x00, 0x00, 
	0x01, 0x01, 0x00, 0x00, 0x73, 0x79, 0x73, 0x6d, 0x65, 0x6d, 0x00, 0x00, 0x08, 0x00, 0xe0, 0x03, 
	0x0e, 0x00, 0x00, 0x24, 0x00, 0x00, 0x00, 0x00, 0x00, 0x00, 0x00, 0x00, 0x00, 0x00, 0x00, 0x00, 
	0x01, 0x00, 0x02, 0x24, 0x00, 0x00, 0x01, 0x3c, 0x08, 0x00, 0xe0, 0x03, 0x10, 0x78, 0x22, 0xac, 
	0xe8, 0xff, 0xbd, 0x27, 0x14, 0x00, 0xbf, 0xaf, 0x10, 0x00, 0xb0, 0xaf, 0x00, 0x00, 0x10, 0x3c, 
	0xb4, 0x78, 0x10, 0x26, 0x04, 0x00, 0x04, 0x8e, 0x25, 0x38, 0x00, 0x00, 0x10, 0x00, 0x06, 0x24, 
	0x12, 0xfe, 0x11, 0x04, 0x01, 0x00, 0x05, 0x24, 0x2b, 0x12, 0x11, 0x04, 0x00, 0x00, 0x00, 0x00, 
	0x04, 0x00, 0x04, 0x8e, 0x86, 0xff, 0x11, 0x04, 0x04, 0x00, 0x05, 0x24, 0xf3, 0xff, 0x00, 0x10, 
	0x00, 0x00, 0x00, 0x00, 0x00, 0x00, 0x03, 0x3c, 0xac, 0x78, 0x63, 0x8c, 0x00, 0x00, 0x00, 0x00, 
	0x02, 0x00, 0x60, 0x10, 0x88, 0x00, 0xc2, 0x24, 0x25, 0x10, 0xc0, 0x00, 0xcc, 0x01, 0x03, 0x24, 
	0x18, 0x00, 0xa3, 0x00, 0x30, 0x07, 0x07, 0x24, 0x00, 0x00, 0x06, 0x3c, 0xd4, 0x78, 0xc6, 0x24, 
	0x01, 0x00, 0x09, 0x24, 0x12, 0x18, 0x00, 0x00, 0x00, 0x00, 0x00, 0x00, 0x00, 0x00, 0x00, 0x00, 
	0x18, 0x00, 0x87, 0x00, 0x12, 0x40, 0x00, 0x00, 0x21, 0x38, 0x68, 0x00, 0x21, 0x38, 0xc7, 0x00, 
	0x68, 0x01, 0xea, 0x8c, 0x00, 0x00, 0x00, 0x00, 0xb3, 0x00, 0x49, 0x15, 0x21, 0x18, 0xc3, 0x00, 
	0x00, 0x00, 0x40, 0xa0, 0xc1, 0x00, 0xe9, 0x90, 0x00, 0x00, 0x00, 0x00, 0x01, 0x00, 0x49, 0xa0, 
	0x4a, 0x01, 0xe7, 0x90, 0x21, 0x18, 0x68, 0x00, 0x1f, 0x00, 0x47, 0xa0, 0x1f, 0x00, 0x08, 0x24, 
	0x02, 0x00, 0x07, 0x24, 0x4b, 0x01, 0x6a, 0x90, 0x21, 0x48, 0x47, 0x00, 0x01, 0x00, 0xe7, 0x24, 
	0x00, 0x00, 0x2a, 0xa1, 0xfb, 0xff, 0xe8, 0x14, 0x01, 0x00, 0x63, 0x24, 0xcc, 0x01, 0x03, 0x24, 
	0x18, 0x00, 0xa3, 0x00, 0x30, 0x07, 0x07, 0x24, 0x12, 0x18, 0x00, 0x00, 0x00, 0x00, 0x00, 0x00, 
	0x00, 0x00, 0x00, 0x00, 0x18, 0x00, 0x87, 0x00, 0x12, 0x38, 0x00, 0x00, 0x21, 0x18, 0x67, 0x00, 
	0x21, 0x18, 0xc3, 0x00, 0xc1, 0x00, 0x67, 0x90, 0x12, 0x00, 0x03, 0x24, 0x05, 0x00, 0xe3, 0x14, 
	0xff, 0xff, 0x03, 0x24, 0x02, 0x00, 0x43, 0xa0, 0x03, 0x00, 0x43, 0xa0, 0x04, 0x00, 0x40, 0xa0, 
	0x05, 0x00, 0x40, 0xa0, 0xcc, 0x01, 0x03, 0x24, 0x18, 0x00, 0xa3, 0x00, 0x30, 0x07, 0x05, 0x24, 
	0x12, 0x18, 0x00, 0x00, 0x00, 0x00, 0x00, 0x00, 0x00, 0x00, 0x00, 0x00, 0x18, 0x00, 0x85, 0x00, 
	0x12, 0x20, 0x00, 0x00, 0x21, 0x18, 0x64, 0x00, 0x21, 0x30, 0xc3, 0x00, 0xc1, 0x00, 0xc4, 0x90, 
	0x79, 0x00, 0x03, 0x24, 0x6a, 0x00, 0x83, 0x14, 0x00, 0x00, 0x00, 0x00, 0x03, 0x00, 0x43, 0x90, 
	0x02, 0x00, 0x44, 0x90, 0x00, 0x1a, 0x03, 0x00, 0x25, 0x20, 0x64, 0x00, 0x00, 0x22, 0x04, 0x00, 
	0x02, 0x1a, 0x03, 0x00, 0x21, 0x18, 0x64, 0x00, 0xff, 0xff, 0x63, 0x30, 0x27, 0x18, 0x03, 0x00, 
	0x00, 0x20, 0x64, 0x30, 0x60, 0x00, 0x80, 0x10, 0x00, 0x00, 0x00, 0x00, 0x08, 0x00, 0x44, 0x90, 
	0x00, 0x00, 0x00, 0x00, 0x02, 0x00, 0x80, 0x14, 0x01, 0x00, 0x04, 0x24, 0x08, 0x00, 0x44, 0xa0, 
	0x00, 0x80, 0x64, 0x30, 0x5a, 0x00, 0x80, 0x10, 0x00, 0x00, 0x00, 0x00, 0x09, 0x00, 0x44, 0x90, 
	0x00, 0x00, 0x00, 0x00, 0x02, 0x00, 0x80, 0x14, 0x01, 0x00, 0x04, 0x24, 0x09, 0x00, 0x44, 0xa0, 
	0x00, 0x10, 0x64, 0x30, 0x54, 0x00, 0x80, 0x10, 0x00, 0x00, 0x00, 0x00, 0x0a, 0x00, 0x44, 0x90, 
	0x00, 0x00, 0x00, 0x00, 0x02, 0x00, 0x80, 0x14, 0x01, 0x00, 0x04, 0x24, 0x0a, 0x00, 0x44, 0xa0, 
	0x00, 0x40, 0x64, 0x30, 0x4e, 0x00, 0x80, 0x10, 0x00, 0x00, 0x00, 0x00, 0x0b, 0x00, 0x44, 0x90, 
	0x00, 0x00, 0x00, 0x00, 0x02, 0x00, 0x80, 0x14, 0x01, 0x00, 0x04, 0x24, 0x0b, 0x00, 0x44, 0xa0, 
	0x10, 0x00, 0x64, 0x30, 0x48, 0x00, 0x80, 0x10, 0x00, 0x00, 0x00, 0x00, 0x0c, 0x00, 0x44, 0x90, 
	0x00, 0x00, 0x00, 0x00, 0x02, 0x00, 0x80, 0x14, 0x01, 0x00, 0x04, 0x24, 0x0c, 0x00, 0x44, 0xa0, 
	0x20, 0x00, 0x64, 0x30, 0x42, 0x00, 0x80, 0x10, 0x00, 0x00, 0x00, 0x00, 0x0d, 0x00, 0x44, 0x90, 
	0x00, 0x00, 0x00, 0x00, 0x02, 0x00, 0x80, 0x14, 0x01, 0x00, 0x04, 0x24, 0x0d, 0x00, 0x44, 0xa0, 
	0x40, 0x00, 0x64, 0x30, 0x3c, 0x00, 0x80, 0x10, 0x00, 0x00, 0x00, 0x00, 0x0e, 0x00, 0x44, 0x90, 
	0x00, 0x00, 0x00, 0x00, 0x02, 0x00, 0x80, 0x14, 0x01, 0x00, 0x04, 0x24, 0x0e, 0x00, 0x44, 0xa0, 
	0x80, 0x00, 0x64, 0x30, 0x36, 0x00, 0x80, 0x10, 0x00, 0x00, 0x00, 0x00, 0x0f, 0x00, 0x44, 0x90, 
	0x00, 0x00, 0x00, 0x00, 0x02, 0x00, 0x80, 0x14, 0x01, 0x00, 0x04, 0x24, 0x0f, 0x00, 0x44, 0xa0, 
	0x04, 0x00, 0x64, 0x30, 0x30, 0x00, 0x80, 0x10, 0x00, 0x00, 0x00, 0x00, 0x10, 0x00, 0x44, 0x90, 
	0x00, 0x00, 0x00, 0x00, 0x02, 0x00, 0x80, 0x14, 0x01, 0x00, 0x04, 0x24, 0x10, 0x00, 0x44, 0xa0, 
	0x08, 0x00, 0x64, 0x30, 0x2a, 0x00, 0x80, 0x10, 0x00, 0x00, 0x00, 0x00, 0x11, 0x00, 0x44, 0x90, 
	0x00, 0x00, 0x00, 0x00, 0x02, 0x00, 0x80, 0x14, 0x01, 0x00, 0x04, 0x24, 0x11, 0x00, 0x44, 0xa0, 
	0x01, 0x00, 0x64, 0x30, 0x24, 0x00, 0x80, 0x10, 0x00, 0x00, 0x00, 0x00, 0x12, 0x00, 0x44, 0x90, 
	0x00, 0x00, 0x00, 0x00, 0x02, 0x00, 0x80, 0x14, 0x01, 0x00, 0x04, 0x24, 0x12, 0x00, 0x44, 0xa0, 
	0x02, 0x00, 0x63, 0x30, 0x1e, 0x00, 0x60, 0x10, 0x00, 0x00, 0x00, 0x00, 0x13, 0x00, 0x43, 0x90, 
	0x00, 0x00, 0x00, 0x00, 0x02, 0x00, 0x60, 0x14, 0x01, 0x00, 0x03, 0x24, 0x13, 0x00, 0x43, 0xa0, 
	0x08, 0x00, 0xe0, 0x03, 0x20, 0x00, 0x02, 0x24, 0xa5, 0xff, 0x00, 0x10, 0x08, 0x00, 0x40, 0xa0, 
	0xab, 0xff, 0x00, 0x10, 0x09, 0x00, 0x40, 0xa0, 0xb1, 0xff, 0x00, 0x10, 0x0a, 0x00, 0x40, 0xa0, 
	0xb7, 0xff, 0x00, 0x10, 0x0b, 0x00, 0x40, 0xa0, 0xbd, 0xff, 0x00, 0x10, 0x0c, 0x00, 0x40, 0xa0, 
	0xc3, 0xff, 0x00, 0x10, 0x0d, 0x00, 0x40, 0xa0, 0xc9, 0xff, 0x00, 0x10, 0x0e, 0x00, 0x40, 0xa0, 
	0xcf, 0xff, 0x00, 0x10, 0x0f, 0x00, 0x40, 0xa0, 0xd5, 0xff, 0x00, 0x10, 0x10, 0x00, 0x40, 0xa0, 
	0xdb, 0xff, 0x00, 0x10, 0x11, 0x00, 0x40, 0xa0, 0xe1, 0xff, 0x00, 0x10, 0x12, 0x00, 0x40, 0xa0, 
	0xe7, 0xff, 0x00, 0x10, 0x13, 0x00, 0x40, 0xa0, 0xff, 0xff, 0x03, 0x24, 0x00, 0x00, 0x43, 0xa0, 
	0x20, 0x00, 0x04, 0x24, 0x01, 0x00, 0x03, 0x24, 0x21, 0x28, 0x43, 0x00, 0x01, 0x00, 0x63, 0x24, 
	0xfd, 0xff, 0x64, 0x14, 0x00, 0x00, 0xa0, 0xa0, 0x08, 0x00, 0xe0, 0x03, 0x25, 0x10, 0x00, 0x00, 
	0x78, 0xff, 0xbd, 0x27, 0x00, 0x00, 0x02, 0x3c, 0xd4, 0x78, 0x42, 0x24, 0x6c, 0x00, 0xb3, 0xaf, 
	0x84, 0x00, 0xbf, 0xaf, 0x80, 0x00, 0xbe, 0xaf, 0x7c, 0x00, 0xb7, 0xaf, 0x78, 0x00, 0xb6, 0xaf, 
	0x74, 0x00, 0xb5, 0xaf, 0x70, 0x00, 0xb4, 0xaf, 0x68, 0x00, 0xb2, 0xaf, 0x64, 0x00, 0xb1, 0xaf, 
	0x60, 0x00, 0xb0, 0xaf, 0x58, 0x00, 0xa2, 0xaf, 0x00, 0x00, 0x13, 0x3c, 0x14, 0x78, 0x73, 0x26, 
	0x00, 0x00, 0x02, 0x3c, 0x00, 0x78, 0x42, 0x8c, 0x1e, 0x00, 0x03, 0x24, 0x01, 0x00, 0x42, 0x24, 
	0x02, 0x00, 0x60, 0x14, 0x1a, 0x00, 0x43, 0x00, 0x0d, 0x00, 0x07, 0x00, 0x00, 0x00, 0x01, 0x3c, 
	0x00, 0x78, 0x22, 0xac, 0x10, 0x10, 0x00, 0x00, 0x03, 0x00, 0x40, 0x14, 0x00, 0x00, 0x00, 0x00, 
	0xed, 0xfe, 0x11, 0x04, 0x00, 0x00, 0x00, 0x00, 0x00, 0x00, 0x14, 0x3c, 0xcc, 0x78, 0x94, 0x26, 
	0x00, 0x00, 0x16, 0x3c, 0xd4, 0x78, 0xd6, 0x26, 0x25, 0xa8, 0x80, 0x02, 0x25, 0x90, 0x00, 0x00, 
	0x5c, 0x00, 0xb4, 0xaf, 0x01, 0x00, 0x1e, 0x24, 0x25, 0x80, 0xc0, 0x02, 0x25, 0x88, 0x00, 0x00, 
	0x00, 0x00, 0xa2, 0x8e, 0x00, 0x00, 0x00, 0x00, 0x06, 0x10, 0x22, 0x02, 0x01, 0x00, 0x42, 0x30, 
	0x15, 0x00, 0x40, 0x10, 0x25, 0x30, 0x00, 0x00, 0x25, 0x28, 0x20, 0x02, 0x2a, 0x10, 0x11, 0x04, 
	0x25, 0x20, 0x40, 0x02, 0x25, 0x28, 0x20, 0x02, 0x4a, 0x11, 0x11, 0x04, 0x25, 0x20, 0x40, 0x02, 
	0xc4, 0x01, 0x02, 0xae, 0xbc, 0x01, 0x02, 0x8e, 0x00, 0x00, 0x00, 0x00, 0x0a, 0x00, 0x40, 0x10, 
	0x03, 0x00, 0x03, 0x24, 0x15, 0x00, 0x43, 0x14, 0x00, 0x00, 0x00, 0x00, 0xb8, 0x01, 0x02, 0xae, 
	0xb0, 0x01, 0x04, 0x8e, 0x02, 0x00, 0x02, 0x24, 0xbc, 0x01, 0x00, 0xae, 0x86, 0x01, 0x02, 0xa6, 
	0x6f, 0xfe, 0x11, 0x04, 0x00, 0x10, 0x05, 0x24, 0xb8, 0x01, 0x02, 0x8e, 0x00, 0x00, 0x00, 0x00, 
	0xff, 0xff, 0x42, 0x24, 0x07, 0x00, 0x43, 0x2c, 0x7e, 0x00, 0x60, 0x10, 0x80, 0x10, 0x02, 0x00, 
	0x00, 0x00, 0x03, 0x3c, 0x70, 0x6e, 0x63, 0x24, 0x21, 0x10, 0x62, 0x00, 0x00, 0x00, 0x42, 0x8c, 
	0x00, 0x00, 0x00, 0x00, 0x08, 0x00, 0x40, 0x00, 0x00, 0x00, 0x00, 0x00, 0xb8, 0x01, 0x02, 0x8e, 
	0x00, 0x00, 0x00, 0x00, 0x0a, 0x00, 0x5e, 0x14, 0x00, 0x00, 0x00, 0x00, 0xc0, 0x01, 0x04, 0x8e, 
	0x46, 0xfe, 0x11, 0x04, 0x25, 0x28, 0x00, 0x00, 0xbc, 0x01, 0x02, 0x8e, 0xbc, 0x01, 0x00, 0xae, 
	0xb8, 0x01, 0x02, 0xae, 0x02, 0x00, 0x02, 0x24, 0xe7, 0xff, 0x00, 0x10, 0x86, 0x01, 0x02, 0xa6, 
	0xbc, 0x01, 0x00, 0xae, 0xe4, 0xff, 0x00, 0x10, 0x86, 0x01, 0x1e, 0xa6, 0x01, 0x00, 0x05, 0x24, 
	0xb0, 0x01, 0x04, 0x8e, 0x4e, 0xfe, 0x11, 0x04, 0x00, 0x00, 0x00, 0x00, 0xb0, 0x01, 0x04, 0x8e, 
	0x25, 0x38, 0x00, 0x00, 0x10, 0x00, 0x06, 0x24, 0x4f, 0xfe, 0x11, 0x04, 0x80, 0x00, 0x05, 0x24, 
	0x01, 0x00, 0x06, 0x24, 0x25, 0x28, 0x20, 0x02, 0xef, 0x0f, 0x11, 0x04, 0x25, 0x20, 0x40, 0x02, 
	0x59, 0x00, 0x00, 0x10, 0x01, 0x00, 0x31, 0x26, 0x68, 0x01, 0x00, 0xae, 0xf0, 0xff, 0x00, 0x10, 
	0x02, 0x00, 0x05, 0x24, 0x94, 0x01, 0x04, 0x8e, 0x2e, 0xfe, 0x11, 0x04, 0x10, 0x00, 0xa5, 0x27, 
	0x18, 0x00, 0xa3, 0x8f, 0x98, 0x01, 0x04, 0x8e, 0x10, 0x00, 0x63, 0x30, 0x25, 0x18, 0x62, 0x00, 
	0x10, 0x00, 0xa5, 0x27, 0x27, 0xfe, 0x11, 0x04, 0x01, 0x00, 0x77, 0x2c, 0x18, 0x00, 0xa4, 0x8f, 
	0x00, 0x00, 0x00, 0x00, 0x10, 0x00, 0x84, 0x30, 0x25, 0x20, 0x82, 0x00, 0x02, 0x00, 0x80, 0x14, 
	0x00, 0x00, 0x00, 0x00, 0x01, 0x00, 0xf7, 0x26, 0xa0, 0x01, 0x04, 0x8e, 0x1d, 0xfe, 0x11, 0x04, 
	0x10, 0x00, 0xa5, 0x27, 0x18, 0x00, 0xa4, 0x8f, 0x00, 0x00, 0x00, 0x00, 0x10, 0x00, 0x84, 0x30, 
	0x25, 0x20, 0x82, 0x00, 0x02, 0x00, 0x80, 0x14, 0x00, 0x00, 0x00, 0x00, 0x01, 0x00, 0xf7, 0x26, 
	0xa4, 0x01, 0x04, 0x8e, 0x13, 0xfe, 0x11, 0x04, 0x10, 0x00, 0xa5, 0x27, 0x18, 0x00, 0xa4, 0x8f, 
	0x00, 0x00, 0x00, 0x00, 0x10, 0x00, 0x84, 0x30, 0x25, 0x20, 0x82, 0x00, 0x02, 0x00, 0x80, 0x14, 
	0x00, 0x00, 0x00, 0x00, 0x01, 0x00, 0xf7, 0x26, 0xa8, 0x01, 0x04, 0x8e, 0x09, 0xfe, 0x11, 0x04, 
	0x10, 0x00, 0xa5, 0x27, 0x18, 0x00, 0xa4, 0x8f, 0x00, 0x00, 0x00, 0x00, 0x10, 0x00, 0x84, 0x30, 
	0x25, 0x20, 0x82, 0x00, 0x02, 0x00, 0x80, 0x14, 0x00, 0x00, 0x00, 0x00, 0x01, 0x00, 0xf7, 0x26, 
	0xac, 0x01, 0x04, 0x8e, 0xff, 0xfd, 0x11, 0x04, 0x10, 0x00, 0xa5, 0x27, 0x18, 0x00, 0xa4, 0x8f, 
	0x00, 0x00, 0x00, 0x00, 0x10, 0x00, 0x84, 0x30, 0x25, 0x20, 0x82, 0x00, 0x1d, 0x00, 0x80, 0x10, 
	0x00, 0x00, 0x00, 0x00, 0x1b, 0x00, 0xe0, 0x16, 0x01, 0x00, 0x03, 0x24, 0x00, 0x00, 0xa2, 0x8e, 
	0x04, 0x18, 0x23, 0x02, 0x26, 0x10, 0x43, 0x00, 0x94, 0x01, 0x04, 0x8e, 0xb8, 0x01, 0x00, 0xae, 
	0x86, 0x01, 0x00, 0xa6, 0xe7, 0xfd, 0x11, 0x04, 0x00, 0x00, 0xa2, 0xae, 0x98, 0x01, 0x04, 0x8e, 
	0xe4, 0xfd, 0x11, 0x04, 0x00, 0x00, 0x00, 0x00, 0xa0, 0x01, 0x04, 0x8e, 0xe1, 0xfd, 0x11, 0x04, 
	0x00, 0x00, 0x00, 0x00, 0xa4, 0x01, 0x04, 0x8e, 0xde, 0xfd, 0x11, 0x04, 0x00, 0x00, 0x00, 0x00, 
	0xa8, 0x01, 0x04, 0x8e, 0xdb, 0xfd, 0x11, 0x04, 0x00, 0x00, 0x00, 0x00, 0xac, 0x01, 0x04, 0x8e, 
	0xd8, 0xfd, 0x11, 0x04, 0x00, 0x00, 0x00, 0x00, 0xb0, 0x01, 0x04, 0x8e, 0xec, 0xfd, 0x11, 0x04, 
	0x00, 0x04, 0x05, 0x24, 0x01, 0x00, 0x31, 0x26, 0x04, 0x00, 0x02, 0x24, 0x60, 0xff, 0x22, 0x16, 
	0xcc, 0x01, 0x10, 0x26, 0x01, 0x00, 0x43, 0x26, 0x02, 0x00, 0x02, 0x24, 0x04, 0x00, 0xb5, 0x26, 
	0x30, 0x07, 0xd6, 0x26, 0x58, 0xff, 0x62, 0x14, 0x01, 0x00, 0x12, 0x24, 0x00, 0x00, 0x04, 0x3c, 
	0xb8, 0x78, 0x84, 0x8c, 0x25, 0x38, 0x00, 0x00, 0x10, 0x00, 0x06, 0x24, 0x00, 0x00, 0x01, 0x3c, 
	0xc0, 0x78, 0x20, 0xac, 0x61, 0xfc, 0x11, 0x04, 0x04, 0x00, 0x05, 0x24, 0x5c, 0x00, 0xa2, 0x8f, 
	0x5c, 0x00, 0xa3, 0x8f, 0x00, 0x00, 0x42, 0x8c, 0x04, 0x00, 0x63, 0x8c, 0x00, 0x00, 0x00, 0x00, 
	0x25, 0x10, 0x43, 0x00, 0x1d, 0x00, 0x40, 0x10, 0x00, 0x00, 0x00, 0x00, 0x00, 0x00, 0x1e, 0x3c, 
	0xd4, 0x78, 0xde, 0x27, 0x25, 0x90, 0x00, 0x00, 0x01, 0x00, 0x15, 0x24, 0x04, 0x00, 0x16, 0x24, 
	0x02, 0x00, 0x17, 0x24, 0x25, 0x88, 0xc0, 0x03, 0x25, 0x80, 0x00, 0x00, 0x25, 0x28, 0x00, 0x02, 
	0x80, 0x0f, 0x11, 0x04, 0x25, 0x20, 0x40, 0x02, 0x09, 0x00, 0x55, 0x14, 0x00, 0x00, 0x00, 0x00, 
	0xb0, 0x01, 0x24, 0x8e, 0xc2, 0xfd, 0x11, 0x04, 0x00, 0x01, 0x05, 0x24, 0xb0, 0x01, 0x24, 0x8e, 
	0x25, 0x38, 0x00, 0x00, 0x10, 0x00, 0x06, 0x24, 0xc3, 0xfd, 0x11, 0x04, 0x00, 0x02, 0x05, 0x24, 
	0x01, 0x00, 0x10, 0x26, 0xf1, 0xff, 0x16, 0x16, 0xcc, 0x01, 0x31, 0x26, 0x01, 0x00, 0x42, 0x26, 
	0x30, 0x07, 0xde, 0x27, 0xeb, 0xff, 0x57, 0x14, 0x01, 0x00, 0x12, 0x24, 0x00, 0x00, 0x04, 0x3c, 
	0x08, 0x78, 0x84, 0x8c, 0xc5, 0xfd, 0x11, 0x04, 0x00, 0x00, 0x00, 0x00, 0x5e, 0x00, 0x40, 0x04, 
	0xf0, 0x00, 0x04, 0x24, 0x00, 0x00, 0x03, 0x3c, 0x0c, 0x78, 0x63, 0x8c, 0x02, 0x00, 0x80, 0x14, 
	0x1b, 0x00, 0x64, 0x00, 0x0d, 0x00, 0x07, 0x00, 0x10, 0x18, 0x00, 0x00, 0x0c, 0x00, 0x60, 0x14, 
	0x00, 0x00, 0x00, 0x00, 0x00, 0x00, 0x05, 0x3c, 0x08, 0x78, 0xa5, 0x8c, 0x00, 0x00, 0x04, 0x3c, 
	0x30, 0x70, 0x84, 0x24, 0x05, 0xfe, 0x11, 0x04, 0x25, 0x30, 0x40, 0x00, 0x00, 0xbd, 0x02, 0x3c, 
	0x40, 0x00, 0x45, 0x8c, 0x00, 0x00, 0x04, 0x3c, 0x00, 0xfe, 0x11, 0x04, 0x58, 0x70, 0x84, 0x24, 
	0x01, 0x00, 0x02, 0x3c, 0x4c, 0x87, 0x42, 0x8c, 0x00, 0x00, 0x03, 0x3c, 0x00, 0x78, 0x63, 0x8c, 
	0x01, 0x00, 0x42, 0x24, 0x01, 0x00, 0x01, 0x3c, 0x4c, 0x87, 0x22, 0xac, 0x08, 0x00, 0x42, 0x2c, 
	0xf3, 0xfe, 0x40, 0x14, 0x1e, 0x00, 0x02, 0x24, 0x02, 0x00, 0x40, 0x14, 0x1a, 0x00, 0x62, 0x00, 
	0x0d, 0x00, 0x07, 0x00, 0x10, 0x18, 0x00, 0x00, 0xed, 0xfe, 0x60, 0x10, 0x00, 0x00, 0x00, 0x00, 
	0x01, 0x00, 0x05, 0x3c, 0x50, 0x87, 0xa5, 0x8c, 0x01, 0x00, 0x04, 0x3c, 0x54, 0x87, 0x84, 0x8c, 
	0x40, 0x0f, 0x11, 0x04, 0x01, 0x00, 0x11, 0x24, 0x01, 0x00, 0x10, 0x3c, 0x44, 0x87, 0x10, 0x26, 
	0x01, 0x00, 0x04, 0x3c, 0x54, 0x87, 0x84, 0x8c, 0x01, 0x00, 0x05, 0x3c, 0x50, 0x87, 0xa5, 0x8c, 
	0xf1, 0x00, 0x51, 0x14, 0x80, 0x30, 0x04, 0x00, 0x21, 0x18, 0x06, 0x02, 0x00, 0x00, 0x67, 0x8c, 
	0xcc, 0x01, 0x03, 0x24, 0x18, 0x00, 0xa3, 0x00, 0x30, 0x07, 0x08, 0x24, 0x04, 0x10, 0xa2, 0x00, 
	0x12, 0x18, 0x00, 0x00, 0x00, 0x00, 0x00, 0x00, 0x00, 0x00, 0x00, 0x00, 0x18, 0x00, 0x88, 0x00, 
	0x12, 0x20, 0x00, 0x00, 0x21, 0x18, 0x64, 0x00, 0x58, 0x00, 0xa4, 0x8f, 0x00, 0x00, 0x00, 0x00, 
	0x21, 0x18, 0x83, 0x00, 0x84, 0x01, 0x64, 0x94, 0x00, 0x00, 0x00, 0x00, 0x03, 0x00, 0x80, 0x14, 
	0x25, 0x18, 0x47, 0x00, 0x27, 0x10, 0x02, 0x00, 0x24, 0x18, 0x47, 0x00, 0x21, 0x30, 0x06, 0x02, 
	0x00, 0x00, 0xc3, 0xac, 0x01, 0x00, 0xa5, 0x24, 0x04, 0x00, 0xa2, 0x28, 0xe8, 0x00, 0x40, 0x10, 
	0x00, 0x00, 0x00, 0x00, 0x01, 0x00, 0x01, 0x3c, 0x50, 0x87, 0x25, 0xac, 0x01, 0x00, 0x01, 0x3c, 
	0xbf, 0xfe, 0x00, 0x10, 0x4c, 0x87, 0x20, 0xac, 0x68, 0x01, 0x00, 0xae, 0x0c, 0xff, 0x00, 0x10, 
	0x08, 0x00, 0x05, 0x24, 0x68, 0x01, 0x00, 0xae, 0x09, 0xff, 0x00, 0x10, 0x10, 0x00, 0x05, 0x24, 
	0x68, 0x01, 0x00, 0xae, 0x06, 0xff, 0x00, 0x10, 0x20, 0x00, 0x05, 0x24, 0x68, 0x01, 0x00, 0xae, 
	0x03, 0xff, 0x00, 0x10, 0x40, 0x00, 0x05, 0x24, 0x01, 0x00, 0x04, 0x3c, 0x44, 0x87, 0x84, 0x24, 
	0x01, 0x00, 0x03, 0x3c, 0x34, 0x87, 0x63, 0x24, 0x00, 0x00, 0x85, 0x8c, 0x04, 0x00, 0x84, 0x8c, 
	0x00, 0x00, 0x62, 0x8c, 0x08, 0x00, 0x64, 0xac, 0x00, 0x00, 0x04, 0x3c, 0xac, 0x78, 0x84, 0x8c, 
	0x01, 0x00, 0x42, 0x24, 0x00, 0x00, 0x62, 0xac, 0x04, 0x00, 0x65, 0xac, 0x0c, 0x00, 0x80, 0x10, 
	0x25, 0x80, 0x00, 0x00, 0x01, 0x00, 0x42, 0x30, 0x02, 0x00, 0x40, 0x14, 0x00, 0x00, 0x00, 0x00, 
	0x80, 0x00, 0x84, 0x24, 0x80, 0x00, 0x02, 0x24, 0x04, 0x00, 0x64, 0xae, 0x00, 0x00, 0x63, 0xae, 
	0x08, 0x00, 0x62, 0xae, 0x00, 0x00, 0x01, 0x3c, 0x20, 0x78, 0x20, 0xac, 0x01, 0x00, 0x10, 0x24, 
	0x25, 0x68, 0x00, 0x00, 0x25, 0x70, 0x00, 0x00, 0x01, 0x00, 0x18, 0x24, 0x58, 0x00, 0xa2, 0x8f, 
	0x25, 0x60, 0x00, 0x00, 0x21, 0x58, 0xa2, 0x01, 0x07, 0x00, 0x0f, 0x24, 0x00, 0x00, 0x82, 0x8e, 
	0x00, 0x00, 0x00, 0x00, 0x06, 0x10, 0x82, 0x01, 0x01, 0x00, 0x42, 0x30, 0x7f, 0x00, 0x40, 0x10, 
	0x25, 0xc8, 0x60, 0x01, 0xc0, 0x00, 0x63, 0x91, 0x88, 0x01, 0x62, 0x8d, 0x64, 0x00, 0x63, 0xa1, 
	0xc1, 0x00, 0x63, 0x91, 0xc2, 0x00, 0x67, 0x91, 0x65, 0x00, 0x63, 0xa1, 0xc3, 0x00, 0x63, 0x91, 
	0x90, 0x01, 0x66, 0x8d, 0x68, 0x00, 0x63, 0xa1, 0xc4, 0x00, 0x63, 0x91, 0x68, 0x01, 0x64, 0x8d, 
	0x69, 0x00, 0x63, 0xa1, 0xc5, 0x00, 0x63, 0x91, 0x86, 0x01, 0x65, 0x95, 0x6a, 0x00, 0x63, 0xa1, 
	0xc6, 0x00, 0x63, 0x91, 0x58, 0x00, 0x62, 0xad, 0x6b, 0x00, 0x63, 0xa1, 0x06, 0x01, 0x63, 0x95, 
	0x5c, 0x00, 0x66, 0xad, 0x6c, 0x00, 0x63, 0xa1, 0x6c, 0x01, 0x63, 0x91, 0x66, 0x00, 0x67, 0xa1, 
	0x6d, 0x00, 0x63, 0xa1, 0x6d, 0x01, 0x63, 0x91, 0x67, 0x00, 0x64, 0xa1, 0x6e, 0x00, 0x63, 0xa1, 
	0x78, 0x01, 0x63, 0x95, 0x71, 0x00, 0x65, 0xa1, 0x6f, 0x00, 0x63, 0xa1, 0x84, 0x01, 0x63, 0x95, 
	0x00, 0x00, 0x00, 0x00, 0x70, 0x00, 0x63, 0xa1, 0xb8, 0x01, 0x68, 0x8d, 0x80, 0x00, 0x62, 0xad, 
	0x72, 0x00, 0x68, 0xa1, 0xae, 0x00, 0x67, 0xa1, 0x04, 0x00, 0x6f, 0x14, 0x84, 0x00, 0x63, 0xa1, 
	0x02, 0x00, 0xc0, 0x10, 0x01, 0x00, 0x03, 0x24, 0x84, 0x00, 0x63, 0xa1, 0x01, 0x00, 0x42, 0x24, 
	0x88, 0x01, 0x62, 0xad, 0xbc, 0x01, 0x62, 0x8d, 0x85, 0x00, 0x65, 0xa1, 0x73, 0x00, 0x62, 0xa1, 
	0x70, 0x01, 0x62, 0x8d, 0x00, 0x00, 0x00, 0x00, 0x20, 0x00, 0x62, 0xad, 0x74, 0x01, 0x62, 0x8d, 
	0x00, 0x00, 0x00, 0x00, 0x24, 0x00, 0x62, 0xad, 0x7c, 0x01, 0x62, 0x8d, 0x00, 0x00, 0x00, 0x00, 
	0x28, 0x00, 0x62, 0xad, 0x80, 0x01, 0x62, 0x8d, 0x00, 0x00, 0x00, 0x00, 0x2c, 0x00, 0x62, 0xad, 
	0xc8, 0x00, 0x62, 0x8d, 0x00, 0x00, 0x00, 0x00, 0x30, 0x00, 0x62, 0xad, 0xcc, 0x00, 0x62, 0x8d, 
	0x00, 0x00, 0x00, 0x00, 0x34, 0x00, 0x62, 0xad, 0xd0, 0x00, 0x62, 0x8d, 0x00, 0x00, 0x00, 0x00, 
	0x38, 0x00, 0x62, 0xad, 0xd4, 0x00, 0x62, 0x8d, 0x00, 0x00, 0x00, 0x00, 0x3c, 0x00, 0x62, 0xad, 
	0xd8, 0x00, 0x62, 0x8d, 0x00, 0x00, 0x00, 0x00, 0x40, 0x00, 0x62, 0xad, 0xdc, 0x00, 0x62, 0x8d, 
	0x00, 0x00, 0x00, 0x00, 0x44, 0x00, 0x62, 0xad, 0xe0, 0x00, 0x62, 0x8d, 0x00, 0x00, 0x00, 0x00, 
	0x48, 0x00, 0x62, 0xad, 0xe4, 0x00, 0x62, 0x8d, 0x00, 0x00, 0x00, 0x00, 0x4c, 0x00, 0x62, 0xad, 
	0xe8, 0x00, 0x62, 0x8d, 0x00, 0x00, 0x00, 0x00, 0x50, 0x00, 0x62, 0xad, 0xec, 0x00, 0x62, 0x8d, 
	0x00, 0x00, 0x00, 0x00, 0x54, 0x00, 0x62, 0xad, 0xc4, 0x01, 0x62, 0x8d, 0x00, 0x00, 0x00, 0x00, 
	0x74, 0x00, 0x62, 0xa1, 0x05, 0x00, 0x98, 0x14, 0x25, 0x10, 0x00, 0x00, 0x25, 0x30, 0x60, 0x01, 
	0x25, 0x28, 0x80, 0x01, 0x47, 0xfd, 0x11, 0x04, 0x25, 0x20, 0xc0, 0x01, 0x00, 0x00, 0x04, 0x3c, 
	0xac, 0x78, 0x84, 0x8c, 0x00, 0x00, 0x00, 0x00, 0x02, 0x00, 0x80, 0x10, 0xa8, 0x00, 0x63, 0x25, 
	0x60, 0x00, 0x63, 0x25, 0x00, 0x00, 0x62, 0xac, 0x88, 0x01, 0x62, 0x8d, 0x8c, 0x01, 0x63, 0x8d, 
	0x01, 0x00, 0x42, 0x30, 0x05, 0x00, 0x40, 0x10, 0x00, 0x00, 0x00, 0x00, 0x02, 0x00, 0x80, 0x10, 
	0x40, 0x00, 0x02, 0x24, 0x80, 0x00, 0x02, 0x24, 0x21, 0x18, 0x43, 0x00, 0x00, 0x11, 0x10, 0x00, 
	0x21, 0x28, 0x62, 0x02, 0x04, 0x00, 0xa3, 0xac, 0x03, 0x00, 0x80, 0x14, 0x80, 0x00, 0x03, 0x24, 
	0x80, 0x00, 0x79, 0x25, 0x40, 0x00, 0x03, 0x24, 0x21, 0x10, 0x62, 0x02, 0x00, 0x00, 0x59, 0xac, 
	0x08, 0x00, 0x43, 0xac, 0x0c, 0x00, 0x40, 0xac, 0x01, 0x00, 0x10, 0x26, 0x01, 0x00, 0x8c, 0x25, 
	0x04, 0x00, 0x02, 0x24, 0x79, 0xff, 0x82, 0x15, 0xcc, 0x01, 0x6b, 0x25, 0x01, 0x00, 0xc3, 0x25, 
	0x02, 0x00, 0x02, 0x24, 0x04, 0x00, 0x94, 0x26, 0x30, 0x07, 0xad, 0x25, 0x6f, 0xff, 0x62, 0x14, 
	0x01, 0x00, 0x0e, 0x24, 0x06, 0xff, 0x00, 0x12, 0x00, 0x00, 0x00, 0x00, 0x7c, 0xfc, 0x11, 0x04, 
	0x10, 0x00, 0xa4, 0x27, 0x25, 0x28, 0x00, 0x02, 0xae, 0xfc, 0x11, 0x04, 0x25, 0x20, 0x60, 0x02, 
	0x10, 0x00, 0xa4, 0x8f, 0x00, 0x00, 0x01, 0x3c, 0x77, 0xfc, 0x11, 0x04, 0x08, 0x78, 0x22, 0xac, 
	0x00, 0x00, 0x02, 0x3c, 0x08, 0x78, 0x42, 0x8c, 0x00, 0x00, 0x00, 0x00, 0xf8, 0xfe, 0x40, 0x14, 
	0x00, 0x00, 0x00, 0x00, 0x00, 0x00, 0x04, 0x3c, 0xf4, 0xfc, 0x11, 0x04, 0x7c, 0x70, 0x84, 0x24, 
	0xf3, 0xfe, 0x00, 0x10, 0x00, 0x00, 0x00, 0x00, 0x48, 0x10, 0x11, 0x04, 0x00, 0x00, 0x00, 0x00, 
	0x01, 0x00, 0x03, 0x3c, 0x54, 0x87, 0x63, 0x8c, 0x01, 0x00, 0x05, 0x3c, 0x50, 0x87, 0xa5, 0x8c, 
	0x80, 0x18, 0x03, 0x00, 0x21, 0x20, 0x03, 0x02, 0x00, 0x00, 0x84, 0x8c, 0x05, 0x00, 0x51, 0x14, 
	0x04, 0x30, 0xb1, 0x00, 0x25, 0x20, 0xc4, 0x00, 0x21, 0x18, 0x03, 0x02, 0x19, 0xff, 0x00, 0x10, 
	0x00, 0x00, 0x64, 0xac, 0x27, 0x30, 0x06, 0x00, 0xfb, 0xff, 0x00, 0x10, 0x24, 0x20, 0xc4, 0x00, 
	0x01, 0x00, 0x02, 0x3c, 0x54, 0x87, 0x42, 0x8c, 0x01, 0x00, 0x01, 0x3c, 0x50, 0x87, 0x20, 0xac, 
	0x01, 0x00, 0x42, 0x24, 0x02, 0x00, 0x43, 0x28, 0x04, 0x00, 0x60, 0x10, 0x00, 0x00, 0x00, 0x00, 
	0x01, 0x00, 0x01, 0x3c, 0x11, 0xff, 0x00, 0x10, 0x54, 0x87, 0x22, 0xac, 0x01, 0x00, 0x01, 0x3c, 
	0x0e, 0xff, 0x00, 0x10, 0x54, 0x87, 0x20, 0xac, 0x98, 0xff, 0xbd, 0x27, 0x60, 0x00, 0xb1, 0xaf, 
	0x25, 0x88, 0x80, 0x00, 0x10, 0x00, 0x84, 0x8c, 0x10, 0x00, 0xa5, 0x27, 0x64, 0x00, 0xbf, 0xaf, 
	0x5a, 0xfc, 0x11, 0x04, 0x5c, 0x00, 0xb0, 0xaf, 0x18, 0x00, 0xb0, 0x8f, 0x14, 0x00, 0x24, 0x8e, 
	0x10, 0x00, 0x10, 0x32, 0x10, 0x00, 0xa5, 0x27, 0x54, 0xfc, 0x11, 0x04, 0x25, 0x80, 0x02, 0x02, 
	0x18, 0x00, 0xa3, 0x8f, 0x00, 0x00, 0x00, 0x00, 0x10, 0x00, 0x63, 0x30, 0x25, 0x18, 0x62, 0x00, 
	0x02, 0x00, 0x60, 0x14, 0x01, 0x00, 0x10, 0x2e, 0x01, 0x00, 0x10, 0x26, 0x64, 0x00, 0xbf, 0x8f, 
	0x60, 0x00, 0xb1, 0x8f, 0x25, 0x10, 0x00, 0x02, 0x5c, 0x00, 0xb0, 0x8f, 0x08, 0x00, 0xe0, 0x03, 
	0x68, 0x00, 0xbd, 0x27, 0x00, 0x00, 0x02, 0x3c, 0x04, 0x78, 0x42, 0x8c, 0xe8, 0xff, 0xbd, 0x27, 
	0x01, 0x00, 0x42, 0x24, 0x00, 0x00, 0x01, 0x3c, 0x04, 0x78, 0x22, 0xac, 0x00, 0x00, 0x02, 0x3c, 
	0x0c, 0x78, 0x42, 0x8c, 0x01, 0x00, 0x03, 0x24, 0x01, 0x00, 0x42, 0x24, 0x00, 0x00, 0x01, 0x3c, 
	0x0c, 0x78, 0x22, 0xac, 0x08, 0x00, 0x82, 0x8c, 0x00, 0x00, 0x01, 0x3c, 0x10, 0x78, 0x20, 0xac, 
	0x10, 0x00, 0xb0, 0xaf, 0x14, 0x00, 0xbf, 0xaf, 0x09, 0x00, 0x43, 0x14, 0x25, 0x80, 0x80, 0x00, 
	0x0c, 0x00, 0x83, 0x8c, 0x00, 0x00, 0x00, 0x00, 0x05, 0x00, 0x60, 0x14, 0x00, 0x00, 0x00, 0x00, 
	0x0c, 0x00, 0x82, 0xac, 0x04, 0x00, 0x84, 0x8c, 0x3b, 0xfc, 0x11, 0x04, 0x01, 0x00, 0x05, 0x24, 
	0x00, 0x00, 0x03, 0x8e, 0x01, 0x00, 0x02, 0x24, 0x08, 0x00, 0x62, 0x14, 0x00, 0x00, 0x00, 0x00, 
	0xc5, 0xff, 0x11, 0x04, 0x25, 0x20, 0x00, 0x02, 0x04, 0x00, 0x40, 0x14, 0x00, 0x00, 0x00, 0x00, 
	0x04, 0x00, 0x04, 0x8e, 0x30, 0xfc, 0x11, 0x04, 0x08, 0x00, 0x05, 0x24, 0x14, 0x00, 0xbf, 0x8f, 
	0x10, 0x00, 0xb0, 0x8f, 0x01, 0x00, 0x02, 0x24, 0x08, 0x00, 0xe0, 0x03, 0x18, 0x00, 0xbd, 0x27, 
	0x00, 0x00, 0x03, 0x3c, 0xb0, 0x78, 0x63, 0x8c, 0xb0, 0xff, 0xbd, 0x27, 0x01, 0x00, 0x02, 0x24, 
	0x48, 0x00, 0xb1, 0xaf, 0x4c, 0x00, 0xbf, 0xaf, 0x44, 0x00, 0xb0, 0xaf, 0x07, 0x00, 0x62, 0x14, 
	0x25, 0x88, 0x80, 0x00, 0x00, 0x00, 0x04, 0x3c, 0x9c, 0x70, 0x84, 0x24, 0x49, 0xfc, 0x11, 0x04, 
	0x00, 0x00, 0x00, 0x00, 0x8a, 0x04, 0x11, 0x04, 0x00, 0x00, 0x00, 0x00, 0x00, 0x00, 0x02, 0x3c, 
	0xb4, 0x78, 0x42, 0x24, 0x01, 0x00, 0x10, 0x24, 0x38, 0x00, 0xa2, 0xaf, 0x0c, 0x00, 0x50, 0xac, 
	0x00, 0x00, 0x01, 0x3c, 0xb4, 0x78, 0x20, 0xac, 0x00, 0x00, 0x01, 0x3c, 0xbc, 0x78, 0x20, 0xac, 
	0x00, 0x00, 0x01, 0x3c, 0xac, 0x78, 0x31, 0xac, 0x01, 0x00, 0x01, 0x3c, 0x54, 0x87, 0x20, 0xac, 
	0x01, 0x00, 0x01, 0x3c, 0x50, 0x87, 0x20, 0xac, 0x01, 0x00, 0x01, 0x3c, 0x4c, 0x87, 0x20, 0xac, 
	0x01, 0x00, 0x01, 0x3c, 0x44, 0x87, 0x20, 0xac, 0x01, 0x00, 0x01, 0x3c, 0x48, 0x87, 0x20, 0xac, 
	0x01, 0x00, 0x01, 0x3c, 0xf5, 0x09, 0x11, 0x04, 0x34, 0x87, 0x20, 0xac, 0xfe, 0x09, 0x11, 0x04, 
	0x00, 0x00, 0x00, 0x00, 0x24, 0x0a, 0x11, 0x04, 0x00, 0x00, 0x00, 0x00, 0x4b, 0x0a, 0x11, 0x04, 
	0x00, 0x00, 0x00, 0x00, 0x72, 0x0a, 0x11, 0x04, 0x00, 0x00, 0x00, 0x00, 0x99, 0x0a, 0x11, 0x04, 
	0x00, 0x00, 0x00, 0x00, 0xc0, 0x0a, 0x11, 0x04, 0x00, 0x00, 0x00, 0x00, 0xe7, 0x0a, 0x11, 0x04, 
	0x00, 0x00, 0x00, 0x00, 0x0e, 0x0b, 0x11, 0x04, 0x00, 0x00, 0x00, 0x00, 0x2f, 0x0b, 0x11, 0x04, 
	0x00, 0x00, 0x00, 0x00, 0x56, 0x0b, 0x11, 0x04, 0x00, 0x00, 0x00, 0x00, 0xc8, 0x0e, 0x11, 0x04, 
	0x00, 0x00, 0x00, 0x00, 0x02, 0x00, 0x02, 0x24, 0x24, 0x00, 0xa4, 0x27, 0x00, 0x00, 0x01, 0x3c, 
	0xcc, 0x78, 0x20, 0xac, 0x00, 0x00, 0x01, 0x3c, 0xd0, 0x78, 0x20, 0xac, 0x24, 0x00, 0xa2, 0xaf, 
	0xdf, 0xfb, 0x11, 0x04, 0x2c, 0x00, 0xa0, 0xaf, 0x00, 0x00, 0x01, 0x3c, 0xb8, 0x78, 0x22, 0xac, 
	0x0c, 0x00, 0x40, 0x14, 0x10, 0x00, 0xa4, 0x27, 0x25, 0x28, 0x00, 0x00, 0x00, 0x00, 0x04, 0x3c, 
	0xc0, 0x70, 0x84, 0x24, 0x07, 0xfc, 0x11, 0x04, 0x00, 0x00, 0x00, 0x00, 0x25, 0x10, 0x00, 0x00, 
	0x4c, 0x00, 0xbf, 0x8f, 0x48, 0x00, 0xb1, 0x8f, 0x44, 0x00, 0xb0, 0x8f, 0x08, 0x00, 0xe0, 0x03, 
	0x50, 0x00, 0xbd, 0x27, 0x00, 0x00, 0x02, 0x3c, 0x30, 0x0a, 0x42, 0x24, 0x18, 0x00, 0xa2, 0xaf, 
	0x00, 0x08, 0x02, 0x24, 0x1c, 0x00, 0xa2, 0xaf, 0x00, 0x00, 0x02, 0x3c, 0xa8, 0x78, 0x42, 0x8c, 
	0x00, 0x02, 0x11, 0x3c, 0x10, 0x00, 0xb1, 0xaf, 0xb0, 0xfb, 0x11, 0x04, 0x20, 0x00, 0xa2, 0xaf, 
	0x00, 0x00, 0x01, 0x3c, 0xc8, 0x78, 0x22, 0xac, 0x04, 0x00, 0x40, 0x14, 0x25, 0x28, 0x00, 0x00, 
	0x00, 0x00, 0x04, 0x3c, 0xe7, 0xff, 0x00, 0x10, 0xf0, 0x70, 0x84, 0x24, 0xab, 0xfb, 0x11, 0x04, 
	0x25, 0x20, 0x40, 0x00, 0x00, 0x00, 0x02, 0x3c, 0xc0, 0x0d, 0x42, 0x24, 0x18, 0x00, 0xa2, 0xaf, 
	0x00, 0x10, 0x02, 0x24, 0x1c, 0x00, 0xa2, 0xaf, 0x00, 0x00, 0x02, 0x3c, 0xa4, 0x78, 0x42, 0x8c, 
	0x10, 0x00, 0xa4, 0x27, 0x10, 0x00, 0xb1, 0xaf, 0x9c, 0xfb, 0x11, 0x04, 0x20, 0x00, 0xa2, 0xaf, 
	0x00, 0x00, 0x01, 0x3c, 0xc4, 0x78, 0x22, 0xac, 0x00, 0x00, 0x04, 0x3c, 0x2c, 0x71, 0x84, 0x24, 
	0xd4, 0xff, 0x40, 0x10, 0x25, 0x28, 0x00, 0x00, 0x98, 0xfb, 0x11, 0x04, 0x25, 0x20, 0x40, 0x00, 
	0x87, 0xfb, 0x11, 0x04, 0x30, 0x00, 0xa4, 0x27, 0x00, 0x00, 0x07, 0x3c, 0xb4, 0x78, 0xe7, 0x24, 
	0x00, 0x00, 0x06, 0x3c, 0x34, 0x17, 0xc6, 0x24, 0x10, 0x00, 0x05, 0x24, 0xe7, 0xfb, 0x11, 0x04, 
	0x25, 0x20, 0x00, 0x00, 0x00, 0x00, 0x07, 0x3c, 0xb4, 0x78, 0xe7, 0x24, 0x00, 0x00, 0x06, 0x3c, 
	0x20, 0x0a, 0xc6, 0x24, 0x10, 0x00, 0x05, 0x24, 0xe0, 0xfb, 0x11, 0x04, 0x01, 0x00, 0x04, 0x24, 
	0x30, 0x00, 0xa4, 0x8f, 0x78, 0xfb, 0x11, 0x04, 0x00, 0x00, 0x00, 0x00, 0x00, 0x00, 0x01, 0x3c, 
	0xbc, 0x78, 0x30, 0xac, 0x00, 0x00, 0x01, 0x3c, 0xb0, 0x78, 0x30, 0xac, 0xbc, 0xff, 0x00, 0x10, 
	0x01, 0x00, 0x02, 0x24, 0x00, 0x00, 0x00, 0x00, 0x00, 0x00, 0x00, 0x00, 0x00, 0x00, 0x00, 0x00, 
	0x98, 0xff, 0xbd, 0x27, 0x10, 0x00, 0xa5, 0x27, 0x60, 0x00, 0xb2, 0xaf, 0x5c, 0x00, 0xb1, 0xaf, 
	0x58, 0x00, 0xb0, 0xaf, 0x64, 0x00, 0xbf, 0xaf, 0x7a, 0xfb, 0x11, 0x04, 0x25, 0x20, 0x00, 0x00, 
	0x14, 0x00, 0xb0, 0x8f, 0x05, 0x00, 0x02, 0x24, 0x68, 0x01, 0x00, 0xae, 0x84, 0x01, 0x02, 0xa6, 
	0x25, 0x88, 0x00, 0x00, 0x01, 0x00, 0x12, 0x24, 0xb0, 0x01, 0x04, 0x8e, 0x10, 0x00, 0x05, 0x24, 
	0x25, 0x38, 0x00, 0x00, 0x05, 0xfa, 0x11, 0x04, 0x10, 0x00, 0x06, 0x24, 0xc1, 0x00, 0x04, 0x92, 
	0x2d, 0x11, 0x11, 0x04, 0x25, 0x28, 0x00, 0x02, 0x08, 0x00, 0x52, 0x10, 0x0a, 0x00, 0x22, 0x2e, 
	0x04, 0x00, 0x40, 0x14, 0x00, 0x00, 0x00, 0x00, 0x86, 0x01, 0x12, 0xa6, 0x61, 0xfb, 0x11, 0x04, 
	0xb8, 0x01, 0x12, 0xae, 0xf0, 0xff, 0x00, 0x10, 0x01, 0x00, 0x31, 0x26, 0x25, 0x88, 0x00, 0x00, 
	0x01, 0x00, 0x12, 0x24, 0xb0, 0x01, 0x04, 0x8e, 0x25, 0x38, 0x00, 0x00, 0x10, 0x00, 0x06, 0x24, 
	0xf2, 0xf9, 0x11, 0x04, 0x10, 0x00, 0x05, 0x24, 0xb8, 0x13, 0x11, 0x04, 0x25, 0x20, 0x00, 0x02, 
	0x08, 0x00, 0x52, 0x10, 0x0a, 0x00, 0x22, 0x2e, 0x04, 0x00, 0x40, 0x14, 0x00, 0x00, 0x00, 0x00, 
	0x86, 0x01, 0x12, 0xa6, 0x4f, 0xfb, 0x11, 0x04, 0xb8, 0x01, 0x12, 0xae, 0xf1, 0xff, 0x00, 0x10, 
	0x01, 0x00, 0x31, 0x26, 0x25, 0x90, 0x00, 0x00, 0x01, 0x00, 0x11, 0x24, 0xb0, 0x01, 0x04, 0x8e, 
	0x25, 0x38, 0x00, 0x00, 0x10, 0x00, 0x06, 0x24, 0xe0, 0xf9, 0x11, 0x04, 0x10, 0x00, 0x05, 0x24, 
	0x55, 0x13, 0x11, 0x04, 0x25, 0x20, 0x00, 0x02, 0x09, 0x00, 0x51, 0x14, 0x00, 0x00, 0x00, 0x00, 
	0x40, 0xfb, 0x11, 0x04, 0xb8, 0x01, 0x11, 0xae, 0x64, 0x00, 0xbf, 0x8f, 0x60, 0x00, 0xb2, 0x8f, 
	0x5c, 0x00, 0xb1, 0x8f, 0x58, 0x00, 0xb0, 0x8f, 0x08, 0x00, 0xe0, 0x03, 0x68, 0x00, 0xbd, 0x27, 
	0x0a, 0x00, 0x42, 0x2e, 0x04, 0x00, 0x40, 0x14, 0x00, 0x00, 0x00, 0x00, 0x86, 0x01, 0x11, 0xa6, 
	0x34, 0xfb, 0x11, 0x04, 0xb8, 0x01, 0x11, 0xae, 0xe8, 0xff, 0x00, 0x10, 0x01, 0x00, 0x52, 0x26, 
	0x90, 0xff, 0xbd, 0x27, 0x10, 0x00, 0xa5, 0x27, 0x25, 0x20, 0x00, 0x00, 0x60, 0x00, 0xb2, 0xaf, 
	0x5c, 0x00, 0xb1, 0xaf, 0x58, 0x00, 0xb0, 0xaf, 0x6c, 0x00, 0xbf, 0xaf, 0x68, 0x00, 0xb4, 0xaf, 
	0x2c, 0xfb, 0x11, 0x04, 0x64, 0x00, 0xb3, 0xaf, 0x14, 0x00, 0xb0, 0x8f, 0x05, 0x00, 0x02, 0x24, 
	0x68, 0x01, 0x00, 0xae, 0x84, 0x01, 0x02, 0xa6, 0x25, 0x88, 0x00, 0x00, 0x01, 0x00, 0x12, 0x24, 
	0xb0, 0x01, 0x04, 0x8e, 0x40, 0x00, 0x05, 0x24, 0x25, 0x38, 0x00, 0x00, 0xb7, 0xf9, 0x11, 0x04, 
	0x10, 0x00, 0x06, 0x24, 0xc1, 0x00, 0x04, 0x92, 0xdf, 0x10, 0x11, 0x04, 0x25, 0x28, 0x00, 0x02, 
	0x31, 0x00, 0x52, 0x10, 0x0a, 0x00, 0x22, 0x2a, 0x04, 0x00, 0x40, 0x14, 0x00, 0x00, 0x00, 0x00, 
	0x86, 0x01, 0x12, 0xa6, 0x13, 0xfb, 0x11, 0x04, 0xb8, 0x01, 0x12, 0xae, 0xf0, 0xff, 0x00, 0x10, 
	0x01, 0x00, 0x31, 0x26, 0x0a, 0x00, 0x42, 0x2a, 0x04, 0x00, 0x40, 0x14, 0x00, 0x00, 0x00, 0x00, 
	0x86, 0x01, 0x13, 0xa6, 0x0b, 0xfb, 0x11, 0x04, 0xb8, 0x01, 0x13, 0xae, 0x01, 0x00, 0x52, 0x26, 
	0xb0, 0x01, 0x04, 0x8e, 0x40, 0x00, 0x05, 0x24, 0x25, 0x38, 0x00, 0x00, 0x9f, 0xf9, 0x11, 0x04, 
	0x10, 0x00, 0x06, 0x24, 0x25, 0x28, 0x00, 0x02, 0x02, 0x10, 0x11, 0x04, 0x25, 0x20, 0x20, 0x02, 
	0xf0, 0xff, 0x53, 0x14, 0x00, 0x00, 0x00, 0x00, 0x01, 0x00, 0x31, 0x26, 0x19, 0x00, 0x34, 0x16, 
	0x00, 0x00, 0x00, 0x00, 0x25, 0x90, 0x00, 0x00, 0x01, 0x00, 0x11, 0x24, 0xb0, 0x01, 0x04, 0x8e, 
	0x25, 0x38, 0x00, 0x00, 0x10, 0x00, 0x06, 0x24, 0x90, 0xf9, 0x11, 0x04, 0x40, 0x00, 0x05, 0x24, 
	0x05, 0x13, 0x11, 0x04, 0x25, 0x20, 0x00, 0x02, 0x10, 0x00, 0x51, 0x14, 0x00, 0x00, 0x00, 0x00, 
	0xf0, 0xfa, 0x11, 0x04, 0xb8, 0x01, 0x11, 0xae, 0x6c, 0x00, 0xbf, 0x8f, 0x68, 0x00, 0xb4, 0x8f, 
	0x64, 0x00, 0xb3, 0x8f, 0x60, 0x00, 0xb2, 0x8f, 0x5c, 0x00, 0xb1, 0x8f, 0x58, 0x00, 0xb0, 0x8f, 
	0x08, 0x00, 0xe0, 0x03, 0x70, 0x00, 0xbd, 0x27, 0x25, 0x88, 0x00, 0x00, 0x01, 0x00, 0x13, 0x24, 
	0x0c, 0x00, 0x14, 0x24, 0xda, 0xff, 0x00, 0x10, 0x25, 0x90, 0x00, 0x00, 0x0a, 0x00, 0x42, 0x2a, 
	0x04, 0x00, 0x40, 0x14, 0x00, 0x00, 0x00, 0x00, 0x86, 0x01, 0x11, 0xa6, 0xdd, 0xfa, 0x11, 0x04, 
	0xb8, 0x01, 0x11, 0xae, 0xe1, 0xff, 0x00, 0x10, 0x01, 0x00, 0x52, 0x26, 0x90, 0xff, 0xbd, 0x27, 
	0x10, 0x00, 0xa5, 0x27, 0x25, 0x20, 0x00, 0x00, 0x60, 0x00, 0xb2, 0xaf, 0x5c, 0x00, 0xb1, 0xaf, 
	0x58, 0x00, 0xb0, 0xaf, 0x6c, 0x00, 0xbf, 0xaf, 0x68, 0x00, 0xb4, 0xaf, 0xd5, 0xfa, 0x11, 0x04, 
	0x64, 0x00, 0xb3, 0xaf, 0x14, 0x00, 0xb0, 0x8f, 0x05, 0x00, 0x02, 0x24, 0x68, 0x01, 0x00, 0xae, 
	0x84, 0x01, 0x02, 0xa6, 0x25, 0x88, 0x00, 0x00, 0x01, 0x00, 0x12, 0x24, 0xb0, 0x01, 0x04, 0x8e, 
	0x20, 0x00, 0x05, 0x24, 0x25, 0x38, 0x00, 0x00, 0x60, 0xf9, 0x11, 0x04, 0x10, 0x00, 0x06, 0x24, 
	0xc1, 0x00, 0x04, 0x92, 0x88, 0x10, 0x11, 0x04, 0x25, 0x28, 0x00, 0x02, 0x08, 0x00, 0x52, 0x10, 
	0x0a, 0x00, 0x22, 0x2a, 0x04, 0x00, 0x40, 0x14, 0x00, 0x00, 0x00, 0x00, 0x86, 0x01, 0x12, 0xa6, 
	0xbc, 0xfa, 0x11, 0x04, 0xb8, 0x01, 0x12, 0xae, 0xf0, 0xff, 0x00, 0x10, 0x01, 0x00, 0x31, 0x26, 
	0x25, 0x88, 0x00, 0x00, 0x01, 0x00, 0x12, 0x24, 0xb0, 0x01, 0x04, 0x8e, 0x25, 0x38, 0x00, 0x00, 
	0x10, 0x00, 0x06, 0x24, 0x4d, 0xf9, 0x11, 0x04, 0x20, 0x00, 0x05, 0x24, 0xce, 0x13, 0x11, 0x04, 
	0x25, 0x20, 0x00, 0x02, 0x32, 0x00, 0x52, 0x10, 0x0a, 0x00, 0x22, 0x2a, 0x04, 0x00, 0x40, 0x14, 
	0x00, 0x00, 0x00, 0x00, 0x86, 0x01, 0x12, 0xa6, 0xaa, 0xfa, 0x11, 0x04, 0xb8, 0x01, 0x12, 0xae, 
	0xf1, 0xff, 0x00, 0x10, 0x01, 0x00, 0x31, 0x26, 0x0a, 0x00, 0x42, 0x2a, 0x04, 0x00, 0x40, 0x14, 
	0x00, 0x00, 0x00, 0x00, 0x86, 0x01, 0x13, 0xa6, 0xa2, 0xfa, 0x11, 0x04, 0xb8, 0x01, 0x13, 0xae, 
	0x01, 0x00, 0x52, 0x26, 0xb0, 0x01, 0x04, 0x8e, 0x20, 0x00, 0x05, 0x24, 0x25, 0x38, 0x00, 0x00, 
	0x36, 0xf9, 0x11, 0x04, 0x10, 0x00, 0x06, 0x24, 0x25, 0x28, 0x00, 0x02, 0x99, 0x0f, 0x11, 0x04, 
	0x25, 0x20, 0x20, 0x02, 0xf0, 0xff, 0x53, 0x14, 0x00, 0x00, 0x00, 0x00, 0x01, 0x00, 0x31, 0x26, 
	0x1a, 0x00, 0x34, 0x16, 0x00, 0x00, 0x00, 0x00, 0x25, 0x90, 0x00, 0x00, 0x01, 0x00, 0x11, 0x24, 
	0xb0, 0x01, 0x04, 0x8e, 0x25, 0x38, 0x00, 0x00, 0x10, 0x00, 0x06, 0x24, 0x27, 0xf9, 0x11, 0x04, 
	0x20, 0x00, 0x05, 0x24, 0x9c, 0x12, 0x11, 0x04, 0x25, 0x20, 0x00, 0x02, 0x11, 0x00, 0x51, 0x14, 
	0x00, 0x00, 0x00, 0x00, 0x06, 0x01, 0x11, 0xa6, 0x86, 0xfa, 0x11, 0x04, 0xb8, 0x01, 0x11, 0xae, 
	0x6c, 0x00, 0xbf, 0x8f, 0x68, 0x00, 0xb4, 0x8f, 0x64, 0x00, 0xb3, 0x8f, 0x60, 0x00, 0xb2, 0x8f, 
	0x5c, 0x00, 0xb1, 0x8f, 0x58, 0x00, 0xb0, 0x8f, 0x08, 0x00, 0xe0, 0x03, 0x70, 0x00, 0xbd, 0x27, 
	0x25, 0x88, 0x00, 0x00, 0x01, 0x00, 0x13, 0x24, 0x0c, 0x00, 0x14, 0x24, 0xd9, 0xff, 0x00, 0x10, 
	0x25, 0x90, 0x00, 0x00, 0x0a, 0x00, 0x42, 0x2a, 0x04, 0x00, 0x40, 0x14, 0x00, 0x00, 0x00, 0x00, 
	0x86, 0x01, 0x11, 0xa6, 0x73, 0xfa, 0x11, 0x04, 0xb8, 0x01, 0x11, 0xae, 0xe0, 0xff, 0x00, 0x10, 
	0x01, 0x00, 0x52, 0x26, 0x98, 0xff, 0xbd, 0x27, 0x10, 0x00, 0xa5, 0x27, 0x60, 0x00, 0xb2, 0xaf, 
	0x5c, 0x00, 0xb1, 0xaf, 0x58, 0x00, 0xb0, 0xaf, 0x64, 0x00, 0xbf, 0xaf, 0x6d, 0xfa, 0x11, 0x04, 
	0x25, 0x20, 0x00, 0x00, 0x14, 0x00, 0xb0, 0x8f, 0x05, 0x00, 0x02, 0x24, 0x68, 0x01, 0x00, 0xae, 
	0x84, 0x01, 0x02, 0xa6, 0x25, 0x88, 0x00, 0x00, 0x01, 0x00, 0x12, 0x24, 0xb0, 0x01, 0x04, 0x8e, 
	0x08, 0x00, 0x05, 0x24, 0x25, 0x38, 0x00, 0x00, 0xf8, 0xf8, 0x11, 0x04, 0x10, 0x00, 0x06, 0x24, 
	0xc1, 0x00, 0x04, 0x92, 0x20, 0x10, 0x11, 0x04, 0x25, 0x28, 0x00, 0x02, 0x08, 0x00, 0x52, 0x10, 
	0x0a, 0x00, 0x22, 0x2e, 0x04, 0x00, 0x40, 0x14, 0x00, 0x00, 0x00, 0x00, 0x86, 0x01, 0x12, 0xa6, 
	0x54, 0xfa, 0x11, 0x04, 0xb8, 0x01, 0x12, 0xae, 0xf0, 0xff, 0x00, 0x10, 0x01, 0x00, 0x31, 0x26, 
	0x25, 0x88, 0x00, 0x00, 0x01, 0x00, 0x12, 0x24, 0xb0, 0x01, 0x04, 0x8e, 0x25, 0x38, 0x00, 0x00, 
	0x10, 0x00, 0x06, 0x24, 0xe5, 0xf8, 0x11, 0x04, 0x08, 0x00, 0x05, 0x24, 0xcf, 0x10, 0x11, 0x04, 
	0x25, 0x20, 0x00, 0x02, 0x08, 0x00, 0x52, 0x10, 0x0a, 0x00, 0x22, 0x2e, 0x04, 0x00, 0x40, 0x14, 
	0x00, 0x00, 0x00, 0x00, 0x86, 0x01, 0x12, 0xa6, 0x42, 0xfa, 0x11, 0x04, 0xb8, 0x01, 0x12, 0xae, 
	0xf1, 0xff, 0x00, 0x10, 0x01, 0x00, 0x31, 0x26, 0x25, 0x90, 0x00, 0x00, 0x01, 0x00, 0x11, 0x24, 
	0xb0, 0x01, 0x04, 0x8e, 0x25, 0x38, 0x00, 0x00, 0x10, 0x00, 0x06, 0x24, 0xd3, 0xf8, 0x11, 0x04, 
	0x08, 0x00, 0x05, 0x24, 0x48, 0x12, 0x11, 0x04, 0x25, 0x20, 0x00, 0x02, 0x09, 0x00, 0x51, 0x14, 
	0x00, 0x00, 0x00, 0x00, 0x33, 0xfa, 0x11, 0x04, 0xb8, 0x01, 0x11, 0xae, 0x64, 0x00, 0xbf, 0x8f, 
	0x60, 0x00, 0xb2, 0x8f, 0x5c, 0x00, 0xb1, 0x8f, 0x58, 0x00, 0xb0, 0x8f, 0x08, 0x00, 0xe0, 0x03, 
	0x68, 0x00, 0xbd, 0x27, 0x0a, 0x00, 0x42, 0x2e, 0x04, 0x00, 0x40, 0x14, 0x00, 0x00, 0x00, 0x00, 
	0x86, 0x01, 0x11, 0xa6, 0x27, 0xfa, 0x11, 0x04, 0xb8, 0x01, 0x11, 0xae, 0xe8, 0xff, 0x00, 0x10, 
	0x01, 0x00, 0x52, 0x26, 0x90, 0xff, 0xbd, 0x27, 0x10, 0x00, 0xa5, 0x27, 0x25, 0x20, 0x00, 0x00, 
	0x68, 0x00, 0xb4, 0xaf, 0x64, 0x00, 0xb3, 0xaf, 0x60, 0x00, 0xb2, 0xaf, 0x58, 0x00, 0xb0, 0xaf, 
	0x6c, 0x00, 0xbf, 0xaf, 0x1f, 0xfa, 0x11, 0x04, 0x5c, 0x00, 0xb1, 0xaf, 0x14, 0x00, 0xb0, 0x8f, 
	0x01, 0x00, 0x13, 0x24, 0xc0, 0x00, 0x00, 0xae, 0xc5, 0x00, 0x00, 0xa2, 0xc6, 0x00, 0x00, 0xa2, 
	0xf0, 0x00, 0x00, 0xae, 0xf4, 0x00, 0x00, 0xae, 0x68, 0x01, 0x00, 0xae, 0x78, 0x01, 0x00, 0xa6, 
	0x90, 0x01, 0x00, 0xae, 0xff, 0x00, 0x12, 0x24, 0x01, 0x00, 0x14, 0x24, 0xb0, 0x01, 0x04, 0x8e, 
	0x25, 0x38, 0x00, 0x00, 0x10, 0x00, 0x06, 0x24, 0xa4, 0xf8, 0x11, 0x04, 0x02, 0x00, 0x05, 0x24, 
	0xa1, 0x0e, 0x11, 0x04, 0x25, 0x20, 0x00, 0x02, 0x7b, 0x00, 0x53, 0x14, 0x00, 0x00, 0x00, 0x00, 
	0xc1, 0x00, 0x11, 0x92, 0x00, 0x00, 0x00, 0x00, 0x77, 0x00, 0x32, 0x12, 0x05, 0x00, 0x02, 0x24, 
	0x84, 0x01, 0x02, 0xa6, 0xc7, 0x00, 0x02, 0x92, 0x00, 0x00, 0x00, 0x00, 0x04, 0x00, 0x40, 0x10, 
	0xc1, 0x00, 0x00, 0xa2, 0xff, 0xff, 0x02, 0x24, 0x7c, 0x01, 0x02, 0xae, 0x80, 0x01, 0x02, 0xa6, 
	0x0a, 0x00, 0x12, 0x24, 0x01, 0x00, 0x13, 0x24, 0x02, 0x00, 0x14, 0x24, 0xb0, 0x01, 0x04, 0x8e, 
	0x02, 0x00, 0x05, 0x24, 0x25, 0x38, 0x00, 0x00, 0x8c, 0xf8, 0x11, 0x04, 0x10, 0x00, 0x06, 0x24, 
	0x25, 0x28, 0x00, 0x02, 0xb4, 0x0f, 0x11, 0x04, 0x25, 0x20, 0x20, 0x02, 0x02, 0x00, 0x53, 0x14, 
	0x00, 0x00, 0x00, 0x00, 0xc0, 0x00, 0x14, 0xa2, 0xff, 0xff, 0x52, 0x26, 0x61, 0x00, 0x40, 0x12, 
	0x01, 0x00, 0x03, 0x24, 0xf1, 0xff, 0x53, 0x14, 0x00, 0x00, 0x00, 0x00, 0x25, 0x88, 0x00, 0x00, 
	0x01, 0x00, 0x12, 0x24, 0xb0, 0x01, 0x04, 0x8e, 0x25, 0x38, 0x00, 0x00, 0x10, 0x00, 0x06, 0x24, 
	0x7a, 0xf8, 0x11, 0x04, 0x02, 0x00, 0x05, 0x24, 0xf6, 0x0f, 0x11, 0x04, 0x25, 0x20, 0x00, 0x02, 
	0x5c, 0x00, 0x52, 0x14, 0x00, 0x00, 0x00, 0x00, 0xc7, 0x00, 0x02, 0x92, 0x00, 0x00, 0x00, 0x00, 
	0x14, 0x00, 0x52, 0x14, 0x00, 0x00, 0x00, 0x00, 0xc4, 0x00, 0x02, 0x92, 0x00, 0x00, 0x00, 0x00, 
	0x10, 0x00, 0x40, 0x10, 0x01, 0x00, 0x11, 0x24, 0x6c, 0x01, 0x00, 0xa6, 0x25, 0x90, 0x00, 0x00, 
	0xb0, 0x01, 0x04, 0x8e, 0x25, 0x38, 0x00, 0x00, 0x10, 0x00, 0x06, 0x24, 0x67, 0xf8, 0x11, 0x04, 
	0x02, 0x00, 0x05, 0x24, 0x51, 0x10, 0x11, 0x04, 0x25, 0x20, 0x00, 0x02, 0x51, 0x00, 0x51, 0x14, 
	0x00, 0x00, 0x00, 0x00, 0xc1, 0x00, 0x00, 0xa2, 0xb8, 0x01, 0x11, 0xae, 0xc5, 0xf9, 0x11, 0x04, 
	0xc7, 0x00, 0x00, 0xa2, 0x25, 0x88, 0x00, 0x00, 0x01, 0x00, 0x13, 0x24, 0xc5, 0x00, 0x02, 0x92, 
	0x00, 0x00, 0x00, 0x00, 0x2b, 0x10, 0x22, 0x02, 0x4e, 0x00, 0x40, 0x14, 0x00, 0x00, 0x00, 0x00, 
	0x25, 0x88, 0x00, 0x00, 0x01, 0x00, 0x13, 0x24, 0xc6, 0x00, 0x02, 0x92, 0x00, 0x00, 0x00, 0x00, 
	0x2b, 0x10, 0x22, 0x02, 0x5d, 0x00, 0x40, 0x14, 0x00, 0x00, 0x00, 0x00, 0x25, 0x88, 0x00, 0x00, 
	0x01, 0x00, 0x13, 0x24, 0xc3, 0x00, 0x02, 0x92, 0x00, 0x00, 0x00, 0x00, 0x2b, 0x10, 0x22, 0x02, 
	0x6c, 0x00, 0x40, 0x14, 0x01, 0x00, 0x12, 0x24, 0x25, 0x88, 0x00, 0x00, 0xb0, 0x01, 0x04, 0x8e, 
	0x25, 0x38, 0x00, 0x00, 0x10, 0x00, 0x06, 0x24, 0x44, 0xf8, 0x11, 0x04, 0x02, 0x00, 0x05, 0x24, 
	0x0a, 0x12, 0x11, 0x04, 0x25, 0x20, 0x00, 0x02, 0x78, 0x00, 0x52, 0x14, 0x02, 0x00, 0x02, 0x24, 
	0xc0, 0x00, 0x03, 0x92, 0x00, 0x00, 0x00, 0x00, 0x7c, 0x00, 0x62, 0x14, 0x00, 0x00, 0x00, 0x00, 
	0xc2, 0x00, 0x02, 0x92, 0x00, 0x00, 0x00, 0x00, 0x02, 0x00, 0x42, 0x30, 0x77, 0x00, 0x40, 0x10, 
	0x25, 0x88, 0x00, 0x00, 0x01, 0x00, 0x12, 0x24, 0xb0, 0x01, 0x04, 0x8e, 0x25, 0x38, 0x00, 0x00, 
	0x10, 0x00, 0x06, 0x24, 0x31, 0xf8, 0x11, 0x04, 0x02, 0x00, 0x05, 0x24, 0x50, 0x12, 0x11, 0x04, 
	0x25, 0x20, 0x00, 0x02, 0x6d, 0x00, 0x52, 0x10, 0x0a, 0x00, 0x22, 0x2e, 0x04, 0x00, 0x40, 0x14, 
	0x00, 0x00, 0x00, 0x00, 0xc1, 0x00, 0x00, 0xa2, 0x8e, 0xf9, 0x11, 0x04, 0xb8, 0x01, 0x12, 0xae, 
	0xf1, 0xff, 0x00, 0x10, 0x01, 0x00, 0x31, 0x26, 0x84, 0x01, 0x00, 0xa6, 0x7b, 0xff, 0x00, 0x10, 
	0xc7, 0x00, 0x14, 0xa2, 0xa1, 0xff, 0x43, 0x10, 0x00, 0x00, 0x00, 0x00, 0xc0, 0x00, 0x03, 0xa2, 
	0xc1, 0x00, 0x11, 0xa2, 0x83, 0xf9, 0x11, 0x04, 0xb8, 0x01, 0x03, 0xae, 0x9c, 0xff, 0x00, 0x10, 
	0x25, 0x88, 0x00, 0x00, 0x0a, 0x00, 0x22, 0x2e, 0x04, 0x00, 0x40, 0x14, 0x00, 0x00, 0x00, 0x00, 
	0xc1, 0x00, 0x00, 0xa2, 0x7b, 0xf9, 0x11, 0x04, 0xb8, 0x01, 0x12, 0xae, 0x95, 0xff, 0x00, 0x10, 
	0x01, 0x00, 0x31, 0x26, 0x0a, 0x00, 0x42, 0x2e, 0xa5, 0xff, 0x40, 0x14, 0x01, 0x00, 0x52, 0x26, 
	0x86, 0x01, 0x11, 0xa6, 0x73, 0xf9, 0x11, 0x04, 0xb8, 0x01, 0x11, 0xae, 0xa0, 0xff, 0x00, 0x10, 
	0x00, 0x00, 0x00, 0x00, 0x25, 0x90, 0x00, 0x00, 0xb0, 0x01, 0x04, 0x8e, 0x02, 0x00, 0x05, 0x24, 
	0x25, 0x38, 0x00, 0x00, 0x05, 0xf8, 0x11, 0x04, 0x10, 0x00, 0x06, 0x24, 0x25, 0x28, 0x00, 0x02, 
	0x45, 0x10, 0x11, 0x04, 0x25, 0x20, 0x20, 0x02, 0x04, 0x00, 0x53, 0x14, 0x00, 0x00, 0x00, 0x00, 
	0x01, 0x00, 0x31, 0x26, 0xa1, 0xff, 0x00, 0x10, 0xff, 0x00, 0x31, 0x32, 0x0a, 0x00, 0x42, 0x2e, 
	0x04, 0x00, 0x40, 0x14, 0x00, 0x00, 0x00, 0x00, 0xc1, 0x00, 0x00, 0xa2, 0x5d, 0xf9, 0x11, 0x04, 
	0xb8, 0x01, 0x13, 0xae, 0xec, 0xff, 0x00, 0x10, 0x01, 0x00, 0x52, 0x26, 0x25, 0x90, 0x00, 0x00, 
	0xb0, 0x01, 0x04, 0x8e, 0x02, 0x00, 0x05, 0x24, 0x25, 0x38, 0x00, 0x00, 0xef, 0xf7, 0x11, 0x04, 
	0x10, 0x00, 0x06, 0x24, 0x25, 0x28, 0x00, 0x02, 0x96, 0x10, 0x11, 0x04, 0x25, 0x20, 0x20, 0x02, 
	0x04, 0x00, 0x53, 0x14, 0x00, 0x00, 0x00, 0x00, 0x01, 0x00, 0x31, 0x26, 0x92, 0xff, 0x00, 0x10, 
	0xff, 0x00, 0x31, 0x32, 0x0a, 0x00, 0x42, 0x2e, 0x04, 0x00, 0x40, 0x14, 0x00, 0x00, 0x00, 0x00, 
	0xc1, 0x00, 0x00, 0xa2, 0x47, 0xf9, 0x11, 0x04, 0xb8, 0x01, 0x13, 0xae, 0xec, 0xff, 0x00, 0x10, 
	0x01, 0x00, 0x52, 0x26, 0x25, 0x90, 0x00, 0x00, 0xb0, 0x01, 0x04, 0x8e, 0x02, 0x00, 0x05, 0x24, 
	0x25, 0x38, 0x00, 0x00, 0xd9, 0xf7, 0x11, 0x04, 0x10, 0x00, 0x06, 0x24, 0x25, 0x28, 0x00, 0x02, 
	0xe7, 0x10, 0x11, 0x04, 0x25, 0x20, 0x20, 0x02, 0x04, 0x00, 0x53, 0x14, 0x00, 0x00, 0x00, 0x00, 
	0x01, 0x00, 0x31, 0x26, 0x83, 0xff, 0x00, 0x10, 0xff, 0x00, 0x31, 0x32, 0x0a, 0x00, 0x42, 0x2e, 
	0x04, 0x00, 0x40, 0x14, 0x00, 0x00, 0x00, 0x00, 0xc1, 0x00, 0x00, 0xa2, 0x31, 0xf9, 0x11, 0x04, 
	0xb8, 0x01, 0x13, 0xae, 0xec, 0xff, 0x00, 0x10, 0x01, 0x00, 0x52, 0x26, 0x0a, 0x00, 0x22, 0x2e, 
	0x04, 0x00, 0x40, 0x14, 0x00, 0x00, 0x00, 0x00, 0x86, 0x01, 0x12, 0xa6, 0x29, 0xf9, 0x11, 0x04, 
	0xb8, 0x01, 0x12, 0xae, 0x79, 0xff, 0x00, 0x10, 0x01, 0x00, 0x31, 0x26, 0x25, 0x88, 0x00, 0x00, 
	0x01, 0x00, 0x12, 0x24, 0xb0, 0x01, 0x04, 0x8e, 0x25, 0x38, 0x00, 0x00, 0x10, 0x00, 0x06, 0x24, 
	0xba, 0xf7, 0x11, 0x04, 0x02, 0x00, 0x05, 0x24, 0x2f, 0x11, 0x11, 0x04, 0x25, 0x20, 0x00, 0x02, 
	0x08, 0x00, 0x52, 0x10, 0x0a, 0x00, 0x22, 0x2e, 0x04, 0x00, 0x40, 0x14, 0x00, 0x00, 0x00, 0x00, 
	0xc1, 0x00, 0x00, 0xa2, 0x17, 0xf9, 0x11, 0x04, 0xb8, 0x01, 0x12, 0xae, 0xf1, 0xff, 0x00, 0x10, 
	0x01, 0x00, 0x31, 0x26, 0x25, 0x88, 0x00, 0x00, 0x01, 0x00, 0x12, 0x24, 0xb0, 0x01, 0x04, 0x8e, 
	0x25, 0x38, 0x00, 0x00, 0x10, 0x00, 0x06, 0x24, 0xa8, 0xf7, 0x11, 0x04, 0x02, 0x00, 0x05, 0x24, 
	0xa5, 0x0d, 0x11, 0x04, 0x25, 0x20, 0x00, 0x02, 0x0d, 0x00, 0x52, 0x14, 0x05, 0x00, 0x02, 0x24, 
	0xb8, 0x01, 0x12, 0xae, 0x84, 0x01, 0x02, 0xa6, 0x06, 0xf9, 0x11, 0x04, 0xc7, 0x00, 0x00, 0xa2, 
	0x6c, 0x00, 0xbf, 0x8f, 0x68, 0x00, 0xb4, 0x8f, 0x64, 0x00, 0xb3, 0x8f, 0x60, 0x00, 0xb2, 0x8f, 
	0x5c, 0x00, 0xb1, 0x8f, 0x58, 0x00, 0xb0, 0x8f, 0x08, 0x00, 0xe0, 0x03, 0x70, 0x00, 0xbd, 0x27, 
	0x0a, 0x00, 0x22, 0x2e, 0x04, 0x00, 0x40, 0x14, 0x00, 0x00, 0x00, 0x00, 0xc1, 0x00, 0x00, 0xa2, 
	0xf8, 0xf8, 0x11, 0x04, 0xb8, 0x01, 0x12, 0xae, 0xe4, 0xff, 0x00, 0x10, 0x01, 0x00, 0x31, 0x26, 
	0x88, 0xff, 0xbd, 0x27, 0x10, 0x00, 0xa5, 0x27, 0x70, 0x00, 0xb6, 0xaf, 0x6c, 0x00, 0xb5, 0xaf, 
	0x68, 0x00, 0xb4, 0xaf, 0x64, 0x00, 0xb3, 0xaf, 0x60, 0x00, 0xb2, 0xaf, 0x5c, 0x00, 0xb1, 0xaf, 
	0x58, 0x00, 0xb0, 0xaf, 0x74, 0x00, 0xbf, 0xaf, 0xee, 0xf8, 0x11, 0x04, 0x25, 0x20, 0x00, 0x00, 
	0x14, 0x00, 0xb0, 0x8f, 0x25, 0x88, 0x00, 0x00, 0x07, 0x00, 0x13, 0x24, 0x02, 0x00, 0x12, 0x24, 
	0x5a, 0x00, 0x14, 0x24, 0x05, 0x00, 0x15, 0x24, 0x48, 0x01, 0x16, 0x26, 0xb0, 0x01, 0x04, 0x8e, 
	0x25, 0x38, 0x00, 0x00, 0x10, 0x00, 0x06, 0x24, 0x78, 0xf7, 0x11, 0x04, 0x01, 0x00, 0x05, 0x24, 
	0x36, 0x0e, 0x11, 0x04, 0x25, 0x20, 0x00, 0x02, 0x01, 0x00, 0x03, 0x24, 0x29, 0x00, 0x43, 0x14, 
	0x00, 0x00, 0x00, 0x00, 0x2a, 0x01, 0x02, 0x92, 0x00, 0x00, 0x00, 0x00, 0x08, 0x00, 0x54, 0x14, 
	0x00, 0x00, 0x00, 0x00, 0x29, 0x01, 0x03, 0x92, 0xc1, 0x00, 0x02, 0x92, 0x00, 0x00, 0x00, 0x00, 
	0x03, 0x00, 0x43, 0x14, 0xf3, 0x00, 0x03, 0x24, 0x09, 0x00, 0x43, 0x14, 0x28, 0x01, 0x02, 0x26, 
	0x98, 0x01, 0x04, 0x8e, 0x68, 0x01, 0x00, 0xae, 0x84, 0x01, 0x15, 0xa6, 0xb8, 0x01, 0x12, 0xae, 
	0xc6, 0xf8, 0x11, 0x04, 0x25, 0x28, 0x00, 0x00, 0xe4, 0xff, 0x00, 0x10, 0x25, 0x88, 0x00, 0x00, 
	0x00, 0x00, 0x43, 0x90, 0x01, 0x00, 0x42, 0x24, 0xfd, 0xff, 0x56, 0x14, 0x1f, 0x00, 0x43, 0xa0, 
	0xc0, 0x00, 0x04, 0x92, 0x01, 0x00, 0x03, 0x24, 0x68, 0x01, 0x03, 0xae, 0x02, 0x00, 0x83, 0x14, 
	0x06, 0x00, 0x02, 0x24, 0x02, 0x00, 0x02, 0x24, 0x84, 0x01, 0x02, 0xa6, 0x86, 0x01, 0x02, 0x96, 
	0x00, 0x00, 0x00, 0x00, 0xd5, 0xff, 0x52, 0x14, 0x25, 0x88, 0x00, 0x00, 0xbc, 0x01, 0x02, 0x8e, 
	0x00, 0x00, 0x00, 0x00, 0xd1, 0xff, 0x40, 0x14, 0x00, 0x00, 0x00, 0x00, 0xea, 0xff, 0x00, 0x10, 
	0x86, 0x01, 0x00, 0xa6, 0x90, 0x01, 0x02, 0x8e, 0xb6, 0x01, 0x05, 0x96, 0x01, 0x00, 0x42, 0x24, 
	0xb4, 0x01, 0x04, 0x96, 0x68, 0x01, 0x00, 0xae, 0x84, 0x01, 0x13, 0xa6, 0xc1, 0x0b, 0x11, 0x04, 
	0x90, 0x01, 0x02, 0xae, 0x21, 0x88, 0x22, 0x02, 0x0a, 0x00, 0x22, 0x2e, 0xc3, 0xff, 0x40, 0x14, 
	0x00, 0x00, 0x00, 0x00, 0x98, 0x01, 0x04, 0x8e, 0xb8, 0x01, 0x12, 0xae, 0x9f, 0xf8, 0x11, 0x04, 
	0x25, 0x28, 0x00, 0x00, 0xbd, 0xff, 0x00, 0x10, 0x00, 0x00, 0x00, 0x00, 0xb0, 0xff, 0xbd, 0x27, 
	0x02, 0x00, 0x82, 0x28, 0x3c, 0x00, 0xb2, 0xaf, 0x4c, 0x00, 0xbf, 0xaf, 0x48, 0x00, 0xb5, 0xaf, 
	0x44, 0x00, 0xb4, 0xaf, 0x40, 0x00, 0xb3, 0xaf, 0x38, 0x00, 0xb1, 0xaf, 0x34, 0x00, 0xb0, 0xaf, 
	0x10, 0x00, 0x40, 0x14, 0x25, 0x90, 0x80, 0x00, 0x25, 0x28, 0x80, 0x00, 0x00, 0x00, 0x04, 0x3c, 
	0x70, 0x71, 0x84, 0x24, 0xcf, 0xf8, 0x11, 0x04, 0x00, 0x00, 0x00, 0x00, 0x25, 0x10, 0x00, 0x00, 
	0x4c, 0x00, 0xbf, 0x8f, 0x48, 0x00, 0xb5, 0x8f, 0x44, 0x00, 0xb4, 0x8f, 0x40, 0x00, 0xb3, 0x8f, 
	0x3c, 0x00, 0xb2, 0x8f, 0x38, 0x00, 0xb1, 0x8f, 0x34, 0x00, 0xb0, 0x8f, 0x08, 0x00, 0xe0, 0x03, 
	0x50, 0x00, 0xbd, 0x27, 0x04, 0x00, 0xa2, 0x28, 0x06, 0x00, 0x40, 0x14, 0x25, 0x88, 0xa0, 0x00, 
	0x25, 0x28, 0x80, 0x00, 0x00, 0x00, 0x04, 0x3c, 0x94, 0x71, 0x84, 0x24, 0xed, 0xff, 0x00, 0x10, 
	0x00, 0x00, 0x00, 0x00, 0x00, 0x00, 0x02, 0x3c, 0xb0, 0x78, 0x42, 0x8c, 0x00, 0x00, 0x00, 0x00, 
	0x03, 0x00, 0x40, 0x14, 0x25, 0xa0, 0xc0, 0x00, 0x61, 0xfc, 0x11, 0x04, 0x25, 0x20, 0x00, 0x00, 
	0x00, 0x00, 0x13, 0x3c, 0xcc, 0x78, 0x73, 0x26, 0x80, 0xa8, 0x12, 0x00, 0x21, 0x10, 0x75, 0x02, 
	0x00, 0x00, 0x42, 0x8c, 0x00, 0x00, 0x00, 0x00, 0x06, 0x10, 0x22, 0x02, 0x01, 0x00, 0x42, 0x30, 
	0x09, 0x00, 0x40, 0x10, 0x25, 0x30, 0x20, 0x02, 0x00, 0x00, 0x04, 0x3c, 0xb8, 0x71, 0x84, 0x24, 
	0xa8, 0xf8, 0x11, 0x04, 0x25, 0x28, 0x40, 0x02, 0x01, 0x00, 0x06, 0x24, 0x25, 0x28, 0x20, 0x02, 
	0xaa, 0x00, 0x11, 0x04, 0x25, 0x20, 0x40, 0x02, 0xcc, 0x01, 0x02, 0x24, 0x18, 0x00, 0x22, 0x02, 
	0x30, 0x07, 0x03, 0x24, 0x21, 0x98, 0x75, 0x02, 0x00, 0x00, 0x10, 0x3c, 0xd4, 0x78, 0x10, 0x26, 
	0x01, 0x00, 0x15, 0x24, 0x24, 0x00, 0xa4, 0x27, 0x2c, 0x00, 0xa0, 0xaf, 0x12, 0x10, 0x00, 0x00, 
	0x00, 0x00, 0x00, 0x00, 0x00, 0x00, 0x00, 0x00, 0x18, 0x00, 0x43, 0x02, 0x12, 0x18, 0x00, 0x00, 
	0x21, 0x10, 0x43, 0x00, 0x21, 0x80, 0x02, 0x02, 0x00, 0x00, 0x62, 0x8e, 0xb6, 0x01, 0x11, 0xa6, 
	0x04, 0x88, 0x35, 0x02, 0x25, 0x10, 0x51, 0x00, 0x00, 0x00, 0x62, 0xae, 0x05, 0x00, 0x02, 0x24, 
	0x84, 0x01, 0x02, 0xae, 0x02, 0x00, 0x02, 0x24, 0xb4, 0x01, 0x12, 0xa6, 0xc1, 0x00, 0x00, 0xa2, 
	0x88, 0x01, 0x00, 0xae, 0x8c, 0x01, 0x14, 0xae, 0x68, 0x01, 0x00, 0xae, 0x78, 0x01, 0x00, 0xa6, 
	0x06, 0x01, 0x00, 0xa6, 0xb8, 0x01, 0x00, 0xae, 0xbc, 0x01, 0x00, 0xae, 0xc8, 0x01, 0x00, 0xae, 
	0xc7, 0x00, 0x15, 0xa2, 0xc4, 0x01, 0x00, 0xae, 0x4d, 0xf8, 0x11, 0x04, 0x24, 0x00, 0xa2, 0xaf, 
	0x00, 0x00, 0x04, 0x3c, 0xe8, 0x71, 0x84, 0x24, 0x6b, 0x00, 0x40, 0x10, 0xb0, 0x01, 0x02, 0xae, 
	0x00, 0x00, 0x02, 0x3c, 0x60, 0x24, 0x42, 0x24, 0x18, 0x00, 0xa2, 0xaf, 0x00, 0x00, 0x02, 0x3c, 
	0xa4, 0x78, 0x42, 0x8c, 0x10, 0x00, 0xa4, 0x27, 0x00, 0x02, 0x11, 0x3c, 0x00, 0x06, 0x12, 0x24, 
	0x10, 0x00, 0xb1, 0xaf, 0x14, 0x00, 0xb0, 0xaf, 0x1c, 0x00, 0xb2, 0xaf, 0x27, 0xf8, 0x11, 0x04, 
	0x20, 0x00, 0xa2, 0xaf, 0x00, 0x00, 0x04, 0x3c, 0x18, 0x72, 0x84, 0x24, 0x5a, 0x00, 0x40, 0x10, 
	0x94, 0x01, 0x02, 0xae, 0x00, 0x00, 0x02, 0x3c, 0xa4, 0x1f, 0x42, 0x24, 0x18, 0x00, 0xa2, 0xaf, 
	0x00, 0x00, 0x02, 0x3c, 0xa4, 0x78, 0x42, 0x8c, 0x10, 0x00, 0xa4, 0x27, 0x10, 0x00, 0xb1, 0xaf, 
	0x14, 0x00, 0xb0, 0xaf, 0x1c, 0x00, 0xb2, 0xaf, 0x18, 0xf8, 0x11, 0x04, 0x20, 0x00, 0xa2, 0xaf, 
	0x00, 0x00, 0x04, 0x3c, 0x54, 0x72, 0x84, 0x24, 0x4b, 0x00, 0x40, 0x10, 0x98, 0x01, 0x02, 0xae, 
	0x00, 0x00, 0x02, 0x3c, 0x74, 0x1e, 0x42, 0x24, 0x18, 0x00, 0xa2, 0xaf, 0x00, 0x00, 0x02, 0x3c, 
	0xa4, 0x78, 0x42, 0x8c, 0x10, 0x00, 0xa4, 0x27, 0x00, 0x04, 0x12, 0x24, 0x10, 0x00, 0xb1, 0xaf, 
	0x14, 0x00, 0xb0, 0xaf, 0x1c, 0x00, 0xb2, 0xaf, 0x08, 0xf8, 0x11, 0x04, 0x20, 0x00, 0xa2, 0xaf, 
	0x00, 0x00, 0x04, 0x3c, 0x90, 0x72, 0x84, 0x24, 0x3b, 0x00, 0x40, 0x10, 0xa0, 0x01, 0x02, 0xae, 
	0x00, 0x00, 0x02, 0x3c, 0x40, 0x1a, 0x42, 0x24, 0x18, 0x00, 0xa2, 0xaf, 0x00, 0x00, 0x02, 0x3c, 
	0xa4, 0x78, 0x42, 0x8c, 0x10, 0x00, 0xa4, 0x27, 0x10, 0x00, 0xb1, 0xaf, 0x14, 0x00, 0xb0, 0xaf, 
	0x1c, 0x00, 0xb2, 0xaf, 0xf9, 0xf7, 0x11, 0x04, 0x20, 0x00, 0xa2, 0xaf, 0x00, 0x00, 0x04, 0x3c, 
	0xd0, 0x72, 0x84, 0x24, 0x2c, 0x00, 0x40, 0x10, 0xa4, 0x01, 0x02, 0xae, 0x00, 0x00, 0x02, 0x3c, 
	0xcc, 0x1c, 0x42, 0x24, 0x18, 0x00, 0xa2, 0xaf, 0x00, 0x00, 0x02, 0x3c, 0xa4, 0x78, 0x42, 0x8c, 
	0x10, 0x00, 0xa4, 0x27, 0x10, 0x00, 0xb1, 0xaf, 0x14, 0x00, 0xb0, 0xaf, 0x1c, 0x00, 0xb2, 0xaf, 
	0xea, 0xf7, 0x11, 0x04, 0x20, 0x00, 0xa2, 0xaf, 0x00, 0x00, 0x04, 0x3c, 0x10, 0x73, 0x84, 0x24, 
	0x1d, 0x00, 0x40, 0x10, 0xa8, 0x01, 0x02, 0xae, 0x00, 0x00, 0x02, 0x3c, 0x70, 0x1b, 0x42, 0x24, 
	0x18, 0x00, 0xa2, 0xaf, 0x00, 0x00, 0x02, 0x3c, 0xa4, 0x78, 0x42, 0x8c, 0x10, 0x00, 0xa4, 0x27, 
	0x10, 0x00, 0xb1, 0xaf, 0x14, 0x00, 0xb0, 0xaf, 0x1c, 0x00, 0xb2, 0xaf, 0xdb, 0xf7, 0x11, 0x04, 
	0x20, 0x00, 0xa2, 0xaf, 0x00, 0x00, 0x04, 0x3c, 0x50, 0x73, 0x84, 0x24, 0x0e, 0x00, 0x40, 0x10, 
	0xac, 0x01, 0x02, 0xae, 0xb8, 0x01, 0x02, 0x8e, 0x00, 0x00, 0x00, 0x00, 0x02, 0x00, 0x42, 0x2c, 
	0x07, 0x00, 0x40, 0x10, 0x00, 0x00, 0x00, 0x00, 0x94, 0x01, 0x04, 0x8e, 0xd3, 0xf7, 0x11, 0x04, 
	0x25, 0x28, 0x00, 0x00, 0xb8, 0x01, 0x15, 0xae, 0x45, 0xff, 0x00, 0x10, 0x01, 0x00, 0x02, 0x24, 
	0x00, 0x00, 0x04, 0x3c, 0x90, 0x73, 0x84, 0x24, 0x0e, 0xf8, 0x11, 0x04, 0x00, 0x00, 0x00, 0x00, 
	0x3f, 0xff, 0x00, 0x10, 0x25, 0x10, 0x00, 0x00, 0x00, 0x00, 0x00, 0x00, 0x00, 0x00, 0x00, 0x00, 
	0xe8, 0xff, 0xbd, 0x27, 0x10, 0x00, 0xb0, 0xaf, 0x25, 0x80, 0x80, 0x00, 0x10, 0x00, 0x84, 0x8c, 
	0x14, 0x00, 0xbf, 0xaf, 0xbf, 0xf7, 0x11, 0x04, 0x00, 0x00, 0x00, 0x00, 0x14, 0x00, 0x04, 0x8e, 
	0xbc, 0xf7, 0x11, 0x04, 0x00, 0x00, 0x00, 0x00, 0x04, 0x00, 0x04, 0x8e, 0x14, 0x00, 0xbf, 0x8f, 
	0x10, 0x00, 0xb0, 0x8f, 0xcc, 0xf7, 0x00, 0x10, 0x18, 0x00, 0xbd, 0x27, 0x80, 0x18, 0x04, 0x00, 
	0x00, 0x00, 0x02, 0x3c, 0xcc, 0x78, 0x42, 0x24, 0x21, 0x10, 0x43, 0x00, 0x00, 0x00, 0x42, 0x8c, 
	0xe0, 0xff, 0xbd, 0x27, 0x06, 0x10, 0xa2, 0x00, 0x01, 0x00, 0x42, 0x30, 0x1c, 0x00, 0xbf, 0xaf, 
	0x0c, 0x00, 0x40, 0x14, 0x18, 0x00, 0xb0, 0xaf, 0x25, 0x30, 0xa0, 0x00, 0x25, 0x28, 0x80, 0x00, 
	0x00, 0x00, 0x04, 0x3c, 0xc0, 0x73, 0x84, 0x24, 0xea, 0xf7, 0x11, 0x04, 0x00, 0x00, 0x00, 0x00, 
	0x25, 0x10, 0x00, 0x00, 0x1c, 0x00, 0xbf, 0x8f, 0x18, 0x00, 0xb0, 0x8f, 0x08, 0x00, 0xe0, 0x03, 
	0x20, 0x00, 0xbd, 0x27, 0xcc, 0x01, 0x02, 0x24, 0x18, 0x00, 0xa2, 0x00, 0x30, 0x07, 0x03, 0x24, 
	0x00, 0x00, 0x10, 0x3c, 0xd4, 0x78, 0x10, 0x26, 0x12, 0x10, 0x00, 0x00, 0x00, 0x00, 0x00, 0x00, 
	0x00, 0x00, 0x00, 0x00, 0x18, 0x00, 0x83, 0x00, 0x12, 0x18, 0x00, 0x00, 0x21, 0x10, 0x43, 0x00, 
	0x21, 0x80, 0x02, 0x02, 0x86, 0x01, 0x03, 0x96, 0x02, 0x00, 0x02, 0x24, 0x07, 0x00, 0x62, 0x14, 
	0x00, 0x00, 0x00, 0x00, 0x25, 0x30, 0xa0, 0x00, 0x25, 0x28, 0x80, 0x00, 0x00, 0x00, 0x04, 0x3c, 
	0xf8, 0x73, 0x84, 0x24, 0xe4, 0xff, 0x00, 0x10, 0x00, 0x00, 0x00, 0x00, 0x03, 0x00, 0x03, 0x24, 
	0xbc, 0x01, 0x03, 0xae, 0xc0, 0x01, 0x00, 0xae, 0x03, 0x00, 0xc0, 0x14, 0x86, 0x01, 0x02, 0xa6, 
	0xe0, 0xff, 0x00, 0x10, 0x01, 0x00, 0x02, 0x24, 0xb0, 0x01, 0x04, 0x8e, 0x10, 0x00, 0xa7, 0x27, 
	0x10, 0x00, 0x06, 0x24, 0x9c, 0xf7, 0x11, 0x04, 0x00, 0x04, 0x05, 0x24, 0xb0, 0x01, 0x04, 0x8e, 
	0x91, 0xf7, 0x11, 0x04, 0x00, 0x00, 0x00, 0x00, 0xf5, 0xff, 0x00, 0x10, 0xb0, 0x01, 0x00, 0xae, 
	0x00, 0x00, 0x02, 0x3c, 0xb0, 0x78, 0x42, 0x8c, 0x00, 0x00, 0x00, 0x00, 0x58, 0x00, 0x40, 0x10, 
	0x00, 0x00, 0x00, 0x00, 0xd0, 0xff, 0xbd, 0x27, 0x28, 0x00, 0xb3, 0xaf, 0x24, 0x00, 0xb2, 0xaf, 
	0x20, 0x00, 0xb1, 0xaf, 0x1c, 0x00, 0xb0, 0xaf, 0x2c, 0x00, 0xbf, 0xaf, 0x00, 0x00, 0x11, 0x3c, 
	0xcc, 0x78, 0x31, 0x26, 0x25, 0x80, 0x00, 0x00, 0x04, 0x00, 0x12, 0x24, 0x02, 0x00, 0x13, 0x24, 
	0x25, 0x28, 0x00, 0x00, 0x00, 0x00, 0x22, 0x8e, 0x00, 0x00, 0x00, 0x00, 0x06, 0x10, 0xa2, 0x00, 
	0x01, 0x00, 0x42, 0x30, 0x06, 0x00, 0x40, 0x10, 0x01, 0x00, 0x06, 0x24, 0x25, 0x20, 0x00, 0x02, 
	0xaa, 0xff, 0x11, 0x04, 0x10, 0x00, 0xa5, 0xaf, 0x10, 0x00, 0xa5, 0x8f, 0x00, 0x00, 0x00, 0x00, 
	0x01, 0x00, 0xa5, 0x24, 0xf3, 0xff, 0xb2, 0x14, 0x01, 0x00, 0x02, 0x26, 0x04, 0x00, 0x31, 0x26, 
	0xef, 0xff, 0x53, 0x14, 0x01, 0x00, 0x10, 0x24, 0x00, 0x00, 0x04, 0x3c, 0xb8, 0x78, 0x84, 0x8c, 
	0x6b, 0xf7, 0x11, 0x04, 0x00, 0x10, 0x05, 0x24, 0x00, 0x00, 0x04, 0x3c, 0xb8, 0x78, 0x84, 0x8c, 
	0x25, 0x38, 0x00, 0x00, 0x11, 0x00, 0x06, 0x24, 0x00, 0x00, 0x01, 0x3c, 0xb4, 0x78, 0x30, 0xac, 
	0x69, 0xf7, 0x11, 0x04, 0x08, 0x00, 0x05, 0x24, 0x00, 0x00, 0x04, 0x3c, 0x84, 0xff, 0x11, 0x04, 
	0xb4, 0x78, 0x84, 0x24, 0x00, 0x00, 0x02, 0x3c, 0x34, 0x17, 0x42, 0x24, 0x10, 0x00, 0xa2, 0xaf, 
	0x00, 0x00, 0x02, 0x3c, 0x30, 0x74, 0x42, 0x24, 0x14, 0x00, 0xa2, 0xaf, 0x10, 0x00, 0xa5, 0x8f, 
	0x9c, 0xf7, 0x11, 0x04, 0x25, 0x20, 0x00, 0x00, 0x17, 0x00, 0x40, 0x14, 0x00, 0x00, 0x00, 0x00, 
	0x00, 0x00, 0x02, 0x3c, 0x20, 0x0a, 0x42, 0x24, 0x10, 0x00, 0xa2, 0xaf, 0x00, 0x00, 0x02, 0x3c, 
	0x54, 0x74, 0x42, 0x24, 0x14, 0x00, 0xa2, 0xaf, 0x10, 0x00, 0xa5, 0x8f, 0x91, 0xf7, 0x11, 0x04, 
	0x01, 0x00, 0x04, 0x24, 0x11, 0x00, 0x40, 0x14, 0x01, 0x00, 0x02, 0x24, 0x2c, 0x00, 0xbf, 0x8f, 
	0x28, 0x00, 0xb3, 0x8f, 0x24, 0x00, 0xb2, 0x8f, 0x20, 0x00, 0xb1, 0x8f, 0x1c, 0x00, 0xb0, 0x8f, 
	0x00, 0x00, 0x01, 0x3c, 0xac, 0x78, 0x20, 0xac, 0x00, 0x00, 0x01, 0x3c, 0xb0, 0x78, 0x20, 0xac, 
	0x08, 0x00, 0xe0, 0x03, 0x30, 0x00, 0xbd, 0x27, 0x14, 0x00, 0xa4, 0x8f, 0x69, 0xf7, 0x11, 0x04, 
	0x00, 0x00, 0x00, 0x00, 0xe1, 0xff, 0x00, 0x10, 0x00, 0x00, 0x00, 0x00, 0x14, 0x00, 0xa4, 0x8f, 
	0x64, 0xf7, 0x11, 0x04, 0x00, 0x00, 0x00, 0x00, 0xe7, 0xff, 0x00, 0x10, 0x00, 0x00, 0x00, 0x00, 
	0x08, 0x00, 0xe0, 0x03, 0x01, 0x00, 0x02, 0x24, 0xcc, 0x01, 0x02, 0x24, 0x18, 0x00, 0xa2, 0x00, 
	0x30, 0x07, 0x03, 0x24, 0x12, 0x10, 0x00, 0x00, 0x00, 0x00, 0x00, 0x00, 0x00, 0x00, 0x00, 0x00, 
	0x18, 0x00, 0x83, 0x00, 0x01, 0x00, 0x04, 0x24, 0x12, 0x18, 0x00, 0x00, 0x21, 0x10, 0x43, 0x00, 
	0x00, 0x00, 0x03, 0x3c, 0xd4, 0x78, 0x63, 0x24, 0x21, 0x18, 0x62, 0x00, 0xb8, 0x01, 0x62, 0x8c, 
	0x00, 0x00, 0x00, 0x00, 0x16, 0x00, 0x44, 0x14, 0x00, 0x00, 0x00, 0x00, 0xc0, 0x00, 0x64, 0x90, 
	0x00, 0x00, 0x00, 0x00, 0x02, 0x00, 0x84, 0x2c, 0x11, 0x00, 0x80, 0x14, 0x00, 0x00, 0x00, 0x00, 
	0xc3, 0x00, 0x64, 0x90, 0x00, 0x00, 0x00, 0x00, 0x2b, 0x20, 0xc4, 0x00, 0x0c, 0x00, 0x80, 0x10, 
	0x02, 0x00, 0x04, 0x24, 0x86, 0x01, 0x65, 0x94, 0x00, 0x00, 0x00, 0x00, 0x08, 0x00, 0xa4, 0x10, 
	0x04, 0x00, 0x05, 0x24, 0x86, 0x01, 0x64, 0xa4, 0xa0, 0x01, 0x64, 0x8c, 0x6c, 0x01, 0x66, 0xa0, 
	0x6d, 0x01, 0x67, 0xa0, 0xbc, 0x01, 0x65, 0xac, 0x08, 0x00, 0xe0, 0x03, 0xc0, 0x01, 0x64, 0xac, 
	0x08, 0x00, 0xe0, 0x03, 0x25, 0x10, 0x00, 0x00, 0xcc, 0x01, 0x0b, 0x24, 0x18, 0x00, 0xab, 0x00, 
	0x30, 0x07, 0x02, 0x24, 0x00, 0x00, 0x03, 0x3c, 0xd4, 0x78, 0x63, 0x24, 0x01, 0x00, 0x09, 0x24, 
	0x12, 0x40, 0x00, 0x00, 0x00, 0x00, 0x00, 0x00, 0x00, 0x00, 0x00, 0x00, 0x18, 0x00, 0x82, 0x00, 
	0x12, 0x10, 0x00, 0x00, 0x21, 0x40, 0x02, 0x01, 0x21, 0x40, 0x68, 0x00, 0xb8, 0x01, 0x0a, 0x8d, 
	0x00, 0x00, 0x00, 0x00, 0x26, 0x00, 0x49, 0x15, 0x25, 0x10, 0x00, 0x00, 0xc0, 0x00, 0x09, 0x91, 
	0x00, 0x00, 0x00, 0x00, 0x02, 0x00, 0x29, 0x2d, 0x21, 0x00, 0x20, 0x15, 0xff, 0xff, 0x02, 0x24, 
	0xc5, 0x00, 0x02, 0x91, 0xff, 0xff, 0x08, 0x24, 0x1d, 0x00, 0xc8, 0x10, 0x2a, 0x40, 0xc2, 0x00, 
	0x1b, 0x00, 0x00, 0x11, 0xff, 0xff, 0x02, 0x24, 0x73, 0x00, 0x02, 0x24, 0x18, 0x00, 0xa2, 0x00, 
	0x32, 0x00, 0xc6, 0x24, 0x12, 0x10, 0x00, 0x00, 0x21, 0x30, 0xc2, 0x00, 0x00, 0x00, 0x00, 0x00, 
	0x18, 0x00, 0x8b, 0x00, 0x12, 0x10, 0x00, 0x00, 0x21, 0x30, 0xc2, 0x00, 0x80, 0x30, 0x06, 0x00, 
	0x21, 0x10, 0x66, 0x00, 0x03, 0x00, 0x03, 0x24, 0x15, 0x00, 0xe3, 0x10, 0x04, 0x00, 0xe3, 0x2c, 
	0x07, 0x00, 0x60, 0x10, 0x00, 0x00, 0x00, 0x00, 0x0b, 0x00, 0xea, 0x10, 0x02, 0x00, 0x03, 0x24, 
	0x0c, 0x00, 0xe3, 0x10, 0x00, 0x00, 0x00, 0x00, 0x08, 0x00, 0xe0, 0x03, 0xff, 0xff, 0x02, 0x24, 
	0x04, 0x00, 0x03, 0x24, 0xfc, 0xff, 0xe3, 0x14, 0x00, 0x00, 0x00, 0x00, 0x03, 0x00, 0x42, 0x90, 
	0x08, 0x00, 0xe0, 0x03, 0x00, 0x00, 0x00, 0x00, 0x00, 0x00, 0x42, 0x90, 0x08, 0x00, 0xe0, 0x03, 
	0x00, 0x00, 0x00, 0x00, 0x01, 0x00, 0x42, 0x90, 0x08, 0x00, 0xe0, 0x03, 0x00, 0x00, 0x00, 0x00, 
	0x02, 0x00, 0x42, 0x90, 0x08, 0x00, 0xe0, 0x03, 0x00, 0x00, 0x00, 0x00, 0xcc, 0x01, 0x0a, 0x24, 
	0x18, 0x00, 0xaa, 0x00, 0x30, 0x07, 0x02, 0x24, 0x00, 0x00, 0x03, 0x3c, 0xd4, 0x78, 0x63, 0x24, 
	0x01, 0x00, 0x09, 0x24, 0x12, 0x40, 0x00, 0x00, 0x00, 0x00, 0x00, 0x00, 0x00, 0x00, 0x00, 0x00, 
	0x18, 0x00, 0x82, 0x00, 0x12, 0x10, 0x00, 0x00, 0x21, 0x40, 0x02, 0x01, 0x21, 0x40, 0x68, 0x00, 
	0xb8, 0x01, 0x0b, 0x8d, 0x00, 0x00, 0x00, 0x00, 0x1f, 0x00, 0x69, 0x15, 0x25, 0x10, 0x00, 0x00, 
	0xc0, 0x00, 0x09, 0x91, 0x00, 0x00, 0x00, 0x00, 0x02, 0x00, 0x29, 0x2d, 0x1a, 0x00, 0x20, 0x15, 
	0xff, 0xff, 0x02, 0x24, 0xc6, 0x00, 0x02, 0x91, 0xff, 0xff, 0x08, 0x24, 0x16, 0x00, 0xc8, 0x10, 
	0x2a, 0x48, 0xc2, 0x00, 0x14, 0x00, 0x20, 0x11, 0xff, 0xff, 0x02, 0x24, 0x73, 0x00, 0x02, 0x24, 
	0x18, 0x00, 0xa2, 0x00, 0x36, 0x00, 0xc6, 0x24, 0x12, 0x10, 0x00, 0x00, 0x21, 0x30, 0xc2, 0x00, 
	0x00, 0x00, 0x00, 0x00, 0x18, 0x00, 0x8a, 0x00, 0x12, 0x10, 0x00, 0x00, 0x21, 0x30, 0xc2, 0x00, 
	0x80, 0x30, 0x06, 0x00, 0x02, 0x00, 0x02, 0x24, 0x11, 0x00, 0xe2, 0x10, 0x21, 0x18, 0x66, 0x00, 
	0x03, 0x00, 0xe2, 0x2c, 0x06, 0x00, 0x40, 0x10, 0x00, 0x00, 0x00, 0x00, 0x09, 0x00, 0xe0, 0x14, 
	0x00, 0x00, 0x00, 0x00, 0x01, 0x00, 0x62, 0x90, 0x08, 0x00, 0xe0, 0x03, 0x00, 0x00, 0x00, 0x00, 
	0xfd, 0xff, 0xe8, 0x14, 0xff, 0xff, 0x02, 0x24, 0x00, 0x00, 0x62, 0x90, 0x08, 0x00, 0xe0, 0x03, 
	0x00, 0x00, 0x00, 0x00, 0x02, 0x00, 0x62, 0x90, 0x08, 0x00, 0xe0, 0x03, 0x00, 0x00, 0x00, 0x00, 
	0x03, 0x00, 0x62, 0x90, 0x08, 0x00, 0xe0, 0x03, 0x00, 0x00, 0x00, 0x00, 0xcc, 0x01, 0x02, 0x24, 
	0x18, 0x00, 0xa2, 0x00, 0x30, 0x07, 0x02, 0x24, 0x00, 0x00, 0x0a, 0x3c, 0xd4, 0x78, 0x4a, 0x25, 
	0x01, 0x00, 0x0c, 0x24, 0x12, 0x40, 0x00, 0x00, 0x00, 0x00, 0x00, 0x00, 0x00, 0x00, 0x00, 0x00, 
	0x18, 0x00, 0x82, 0x00, 0x12, 0x58, 0x00, 0x00, 0x21, 0x18, 0x0b, 0x01, 0x21, 0x18, 0x43, 0x01, 
	0xb8, 0x01, 0x69, 0x8c, 0x00, 0x00, 0x00, 0x00, 0x2e, 0x00, 0x2c, 0x15, 0x25, 0x10, 0x00, 0x00, 
	0x86, 0x01, 0x6d, 0x94, 0x02, 0x00, 0x0c, 0x24, 0x2a, 0x00, 0xac, 0x11, 0x03, 0x00, 0x0d, 0x24, 
	0x30, 0x00, 0xcd, 0x10, 0x04, 0x00, 0xcd, 0x28, 0x07, 0x00, 0xa0, 0x11, 0x00, 0x00, 0x00, 0x00, 
	0x26, 0x00, 0xc9, 0x10, 0x00, 0x00, 0x00, 0x00, 0x0f, 0x00, 0xcc, 0x10, 0x00, 0x00, 0x00, 0x00, 
	0x08, 0x00, 0xe0, 0x03, 0xff, 0xff, 0x02, 0x24, 0x04, 0x00, 0x04, 0x24, 0xfc, 0xff, 0xc4, 0x14, 
	0x00, 0x00, 0x00, 0x00, 0xc0, 0x00, 0x64, 0x90, 0x00, 0x00, 0x00, 0x00, 0x19, 0x00, 0x89, 0x10, 
	0xff, 0xff, 0x04, 0x24, 0xc3, 0x00, 0x63, 0x90, 0x25, 0x00, 0xe4, 0x14, 0x00, 0x00, 0x00, 0x00, 
	0x08, 0x00, 0xe0, 0x03, 0x25, 0x10, 0x60, 0x00, 0xc0, 0x00, 0x66, 0x90, 0x00, 0x00, 0x00, 0x00, 
	0x28, 0x00, 0xc9, 0x10, 0x00, 0x00, 0x00, 0x00, 0xe6, 0x00, 0x02, 0x24, 0x18, 0x00, 0xa2, 0x00, 
	0x98, 0x03, 0x05, 0x24, 0xc4, 0x00, 0x63, 0x90, 0x12, 0x10, 0x00, 0x00, 0x00, 0x00, 0x00, 0x00, 
	0x00, 0x00, 0x00, 0x00, 0x18, 0x00, 0x85, 0x00, 0x12, 0x20, 0x00, 0x00, 0x21, 0x10, 0x44, 0x00, 
	0x21, 0x10, 0x43, 0x00, 0x74, 0x00, 0x42, 0x24, 0x40, 0x10, 0x02, 0x00, 0x21, 0x50, 0x42, 0x01, 
	0x00, 0x00, 0x42, 0x95, 0x08, 0x00, 0xe0, 0x03, 0x00, 0x00, 0x00, 0x00, 0xc1, 0x00, 0x64, 0x90, 
	0xf3, 0x00, 0x03, 0x24, 0xfb, 0xff, 0x83, 0x14, 0x0f, 0x00, 0x02, 0x24, 0x08, 0x00, 0xe0, 0x03, 
	0x25, 0x10, 0x00, 0x00, 0xc0, 0x00, 0x64, 0x90, 0x00, 0x00, 0x00, 0x00, 0x0d, 0x00, 0x89, 0x10, 
	0x00, 0x00, 0x00, 0x00, 0xc4, 0x00, 0x62, 0x90, 0x08, 0x00, 0xe0, 0x03, 0x00, 0x00, 0x00, 0x00, 
	0x2b, 0x18, 0xe3, 0x00, 0xef, 0xff, 0x60, 0x10, 0x40, 0x38, 0x07, 0x00, 0x21, 0x40, 0x07, 0x01, 
	0x21, 0x40, 0x0b, 0x01, 0x00, 0x00, 0x02, 0x3c, 0xbc, 0x79, 0x42, 0x24, 0x21, 0x10, 0x48, 0x00, 
	0x00, 0x00, 0x42, 0x94, 0x08, 0x00, 0xe0, 0x03, 0x00, 0x00, 0x00, 0x00, 0xd0, 0xff, 0xbd, 0x27, 
	0x80, 0x10, 0x04, 0x00, 0x20, 0x00, 0xb4, 0xaf, 0x00, 0x00, 0x14, 0x3c, 0xcc, 0x78, 0x94, 0x26, 
	0x28, 0x00, 0xb6, 0xaf, 0x24, 0x00, 0xb5, 0xaf, 0x1c, 0x00, 0xb3, 0xaf, 0x18, 0x00, 0xb2, 0xaf, 
	0x14, 0x00, 0xb1, 0xaf, 0x2c, 0x00, 0xbf, 0xaf, 0x10, 0x00, 0xb0, 0xaf, 0x25, 0x98, 0xa0, 0x00, 
	0x25, 0x90, 0x00, 0x00, 0x25, 0x88, 0x00, 0x00, 0x21, 0xa0, 0x82, 0x02, 0x01, 0x00, 0x15, 0x24, 
	0x02, 0x00, 0x16, 0x24, 0x28, 0x00, 0x00, 0x10, 0x25, 0x80, 0x00, 0x00, 0x25, 0x00, 0x92, 0x14, 
	0x00, 0x00, 0x00, 0x00, 0x23, 0x00, 0x13, 0x16, 0x04, 0x10, 0x15, 0x02, 0x00, 0x00, 0x83, 0x8e, 
	0x00, 0x00, 0x00, 0x00, 0x24, 0x10, 0x43, 0x00, 0x1e, 0x00, 0x40, 0x10, 0x30, 0x07, 0x02, 0x24, 
	0xcc, 0x01, 0x07, 0x24, 0x18, 0x00, 0x07, 0x02, 0x00, 0x00, 0x06, 0x3c, 0xd4, 0x78, 0xc6, 0x24, 
	0x12, 0x18, 0x00, 0x00, 0x00, 0x00, 0x00, 0x00, 0x00, 0x00, 0x00, 0x00, 0x18, 0x00, 0x82, 0x00, 
	0x12, 0x28, 0x00, 0x00, 0x21, 0x10, 0x65, 0x00, 0x21, 0x10, 0xc2, 0x00, 0xc1, 0x00, 0x48, 0x90, 
	0x00, 0x00, 0x00, 0x00, 0x0f, 0x00, 0x00, 0x11, 0x00, 0x00, 0x00, 0x00, 0x78, 0x01, 0x48, 0x84, 
	0x73, 0x00, 0x02, 0x24, 0x18, 0x00, 0x02, 0x02, 0x21, 0x18, 0xc3, 0x00, 0x21, 0x18, 0x65, 0x00, 
	0x25, 0x28, 0x00, 0x00, 0x12, 0x48, 0x00, 0x00, 0x00, 0x00, 0x00, 0x00, 0x00, 0x00, 0x00, 0x00, 
	0x18, 0x00, 0x87, 0x00, 0xff, 0x00, 0x07, 0x24, 0x2a, 0x10, 0xa8, 0x00, 0x15, 0x00, 0x40, 0x14, 
	0x00, 0x00, 0x00, 0x00, 0x01, 0x00, 0x10, 0x26, 0x51, 0xf6, 0x11, 0x04, 0x30, 0x00, 0xa4, 0xaf, 
	0x2b, 0x10, 0x02, 0x02, 0x30, 0x00, 0xa4, 0x8f, 0xd4, 0xff, 0x40, 0x14, 0x01, 0x00, 0x42, 0x26, 
	0xd0, 0xff, 0x56, 0x14, 0x01, 0x00, 0x12, 0x24, 0x2c, 0x00, 0xbf, 0x8f, 0x28, 0x00, 0xb6, 0x8f, 
	0x24, 0x00, 0xb5, 0x8f, 0x20, 0x00, 0xb4, 0x8f, 0x1c, 0x00, 0xb3, 0x8f, 0x18, 0x00, 0xb2, 0x8f, 
	0x10, 0x00, 0xb0, 0x8f, 0x25, 0x10, 0x20, 0x02, 0x14, 0x00, 0xb1, 0x8f, 0x08, 0x00, 0xe0, 0x03, 
	0x30, 0x00, 0xbd, 0x27, 0x7c, 0x01, 0x62, 0x90, 0x00, 0x00, 0x00, 0x00, 0x0e, 0x00, 0x47, 0x10, 
	0x00, 0x00, 0x00, 0x00, 0x70, 0x01, 0x6a, 0x90, 0x00, 0x00, 0x00, 0x00, 0x0a, 0x00, 0x40, 0x11, 
	0x00, 0x00, 0x00, 0x00, 0x12, 0x50, 0x00, 0x00, 0x21, 0x10, 0x4a, 0x00, 0x21, 0x10, 0x49, 0x00, 
	0x32, 0x00, 0x42, 0x24, 0x80, 0x10, 0x02, 0x00, 0x21, 0x10, 0xc2, 0x00, 0x03, 0x00, 0x42, 0x90, 
	0x00, 0x00, 0x00, 0x00, 0x21, 0x88, 0x22, 0x02, 0x01, 0x00, 0xa5, 0x24, 0xd6, 0xff, 0x00, 0x10, 
	0x01, 0x00, 0x63, 0x24, 0xc0, 0xff, 0xbd, 0x27, 0x38, 0x00, 0xbe, 0xaf, 0x34, 0x00, 0xb7, 0xaf, 
	0x30, 0x00, 0xb6, 0xaf, 0x2c, 0x00, 0xb5, 0xaf, 0x28, 0x00, 0xb4, 0xaf, 0x24, 0x00, 0xb3, 0xaf, 
	0x20, 0x00, 0xb2, 0xaf, 0x1c, 0x00, 0xb1, 0xaf, 0x18, 0x00, 0xb0, 0xaf, 0x25, 0x88, 0xa0, 0x00, 
	0x25, 0x80, 0x80, 0x00, 0x3c, 0x00, 0xbf, 0xaf, 0x90, 0xff, 0x11, 0x04, 0x25, 0x90, 0xc0, 0x00, 
	0x25, 0xb0, 0x40, 0x00, 0x73, 0x00, 0x02, 0x24, 0x18, 0x00, 0x22, 0x02, 0xcc, 0x01, 0x02, 0x24, 
	0x00, 0x00, 0x1e, 0x3c, 0xd4, 0x78, 0xde, 0x27, 0x25, 0xb8, 0x00, 0x00, 0xff, 0x00, 0x09, 0x24, 
	0x06, 0x00, 0x08, 0x24, 0x12, 0xa0, 0x00, 0x00, 0x00, 0x00, 0x00, 0x00, 0x00, 0x00, 0x00, 0x00, 
	0x18, 0x00, 0x02, 0x02, 0x12, 0x98, 0x00, 0x00, 0x00, 0x00, 0x00, 0x00, 0x00, 0x00, 0x00, 0x00, 
	0x18, 0x00, 0x22, 0x02, 0x30, 0x07, 0x02, 0x24, 0x12, 0xa8, 0x00, 0x00, 0x21, 0xa8, 0xd5, 0x03, 
	0x00, 0x00, 0x00, 0x00, 0x18, 0x00, 0x02, 0x02, 0x12, 0x10, 0x00, 0x00, 0x21, 0xa8, 0xa2, 0x02, 
	0x7c, 0x01, 0xa3, 0x92, 0x00, 0x00, 0x00, 0x00, 0x18, 0x00, 0x69, 0x10, 0x21, 0x38, 0x43, 0x02, 
	0x00, 0x00, 0xe2, 0x90, 0x00, 0x00, 0x00, 0x00, 0x14, 0x00, 0x40, 0x10, 0x21, 0x18, 0x63, 0x02, 
	0x21, 0x18, 0x74, 0x00, 0x32, 0x00, 0x63, 0x24, 0x80, 0x18, 0x03, 0x00, 0x21, 0x18, 0xc3, 0x03, 
	0x03, 0x00, 0x62, 0x90, 0x00, 0x00, 0x00, 0x00, 0x21, 0xb0, 0xc2, 0x02, 0x3d, 0x00, 0xc2, 0x2e, 
	0x0a, 0x00, 0x40, 0x14, 0x25, 0x30, 0x20, 0x02, 0x25, 0x28, 0x00, 0x02, 0x00, 0x00, 0x04, 0x3c, 
	0x78, 0x74, 0x84, 0x24, 0xf9, 0xf5, 0x11, 0x04, 0x10, 0x00, 0xa7, 0xaf, 0x10, 0x00, 0xa7, 0x8f, 
	0x06, 0x00, 0x08, 0x24, 0x00, 0x00, 0xe0, 0xa0, 0xff, 0x00, 0x09, 0x24, 0x01, 0x00, 0xf7, 0x26, 
	0xe3, 0xff, 0xe8, 0x16, 0x01, 0x00, 0xb5, 0x26, 0x3c, 0x00, 0xbf, 0x8f, 0x38, 0x00, 0xbe, 0x8f, 
	0x34, 0x00, 0xb7, 0x8f, 0x30, 0x00, 0xb6, 0x8f, 0x2c, 0x00, 0xb5, 0x8f, 0x28, 0x00, 0xb4, 0x8f, 
	0x24, 0x00, 0xb3, 0x8f, 0x20, 0x00, 0xb2, 0x8f, 0x1c, 0x00, 0xb1, 0x8f, 0x18, 0x00, 0xb0, 0x8f, 
	0x01, 0x00, 0x02, 0x24, 0x08, 0x00, 0xe0, 0x03, 0x40, 0x00, 0xbd, 0x27, 0xcc, 0x01, 0x02, 0x24, 
	0x18, 0x00, 0xa2, 0x00, 0xd0, 0xff, 0xbd, 0x27, 0x30, 0x07, 0x02, 0x24, 0x10, 0x00, 0xb0, 0xaf, 
	0x28, 0x00, 0xb6, 0xaf, 0x14, 0x00, 0xb1, 0xaf, 0x00, 0x00, 0x11, 0x3c, 0xd4, 0x78, 0x31, 0x26, 
	0x20, 0x00, 0xb4, 0xaf, 0x2c, 0x00, 0xbf, 0xaf, 0x24, 0x00, 0xb5, 0xaf, 0x1c, 0x00, 0xb3, 0xaf, 
	0x18, 0x00, 0xb2, 0xaf, 0x12, 0x80, 0x00, 0x00, 0x00, 0x00, 0x00, 0x00, 0x00, 0x00, 0x00, 0x00, 
	0x18, 0x00, 0x82, 0x00, 0x12, 0xb0, 0x00, 0x00, 0x21, 0x10, 0x16, 0x02, 0x21, 0x10, 0x22, 0x02, 
	0xb8, 0x01, 0x54, 0x8c, 0x01, 0x00, 0x02, 0x24, 0x24, 0x00, 0x82, 0x16, 0x25, 0x90, 0x80, 0x00, 
	0x25, 0x98, 0xa0, 0x00, 0x93, 0xff, 0x11, 0x04, 0x25, 0xa8, 0xc0, 0x00, 0x21, 0x10, 0x30, 0x02, 
	0x21, 0x10, 0x56, 0x00, 0x25, 0x18, 0x00, 0x00, 0x06, 0x00, 0x04, 0x24, 0x21, 0x28, 0xa3, 0x02, 
	0x00, 0x00, 0xa5, 0x90, 0x01, 0x00, 0x63, 0x24, 0x70, 0x01, 0x45, 0xa0, 0xfb, 0xff, 0x64, 0x14, 
	0x01, 0x00, 0x42, 0x24, 0xcc, 0x01, 0x02, 0x24, 0x18, 0x00, 0x62, 0x02, 0x30, 0x07, 0x04, 0x24, 
	0x12, 0x10, 0x00, 0x00, 0x00, 0x00, 0x00, 0x00, 0x00, 0x00, 0x00, 0x00, 0x18, 0x00, 0x44, 0x02, 
	0x12, 0x20, 0x00, 0x00, 0x21, 0x10, 0x44, 0x00, 0x21, 0x88, 0x22, 0x02, 0x78, 0x01, 0x23, 0xa6, 
	0x2c, 0x00, 0xbf, 0x8f, 0x28, 0x00, 0xb6, 0x8f, 0x24, 0x00, 0xb5, 0x8f, 0x1c, 0x00, 0xb3, 0x8f, 
	0x18, 0x00, 0xb2, 0x8f, 0x14, 0x00, 0xb1, 0x8f, 0x10, 0x00, 0xb0, 0x8f, 0x25, 0x10, 0x80, 0x02, 
	0x20, 0x00, 0xb4, 0x8f, 0x08, 0x00, 0xe0, 0x03, 0x30, 0x00, 0xbd, 0x27, 0xf4, 0xff, 0x00, 0x10, 
	0x25, 0xa0, 0x00, 0x00, 0xcc, 0x01, 0x02, 0x24, 0x18, 0x00, 0xa2, 0x00, 0x30, 0x07, 0x02, 0x24, 
	0x00, 0x00, 0x03, 0x3c, 0xd4, 0x78, 0x63, 0x24, 0x01, 0x00, 0x09, 0x24, 0x12, 0x38, 0x00, 0x00, 
	0x00, 0x00, 0x00, 0x00, 0x00, 0x00, 0x00, 0x00, 0x18, 0x00, 0x82, 0x00, 0x12, 0x50, 0x00, 0x00, 
	0x21, 0x40, 0xea, 0x00, 0x21, 0x40, 0x68, 0x00, 0xb8, 0x01, 0x02, 0x8d, 0x00, 0x00, 0x00, 0x00, 
	0x24, 0x00, 0x49, 0x14, 0x00, 0x00, 0x00, 0x00, 0xc0, 0x00, 0x09, 0x91, 0x00, 0x00, 0x00, 0x00, 
	0x02, 0x00, 0x29, 0x2d, 0x1f, 0x00, 0x20, 0x15, 0x00, 0x00, 0x00, 0x00, 0x86, 0x01, 0x09, 0x95, 
	0x02, 0x00, 0x08, 0x24, 0x1b, 0x00, 0x28, 0x11, 0x21, 0x38, 0x67, 0x00, 0x21, 0x38, 0xea, 0x00, 
	0x25, 0x40, 0x00, 0x00, 0x06, 0x00, 0x09, 0x24, 0x21, 0x50, 0xc8, 0x00, 0x00, 0x00, 0x4a, 0x91, 
	0x01, 0x00, 0x08, 0x25, 0x7c, 0x01, 0xea, 0xa0, 0xfb, 0xff, 0x09, 0x15, 0x01, 0x00, 0xe7, 0x24, 
	0xcc, 0x01, 0x06, 0x24, 0x18, 0x00, 0xa6, 0x00, 0x30, 0x07, 0x06, 0x24, 0x12, 0x28, 0x00, 0x00, 
	0x00, 0x00, 0x00, 0x00, 0x00, 0x00, 0x00, 0x00, 0x18, 0x00, 0x86, 0x00, 0x12, 0x20, 0x00, 0x00, 
	0x21, 0x20, 0xa4, 0x00, 0x21, 0x18, 0x64, 0x00, 0x02, 0x00, 0x04, 0x24, 0x86, 0x01, 0x64, 0xa4, 
	0x05, 0x00, 0x04, 0x24, 0xbc, 0x01, 0x64, 0xac, 0xa4, 0x01, 0x64, 0x8c, 0x08, 0x00, 0xe0, 0x03, 
	0xc0, 0x01, 0x64, 0xac, 0x08, 0x00, 0xe0, 0x03, 0x25, 0x10, 0x00, 0x00, 0xcc, 0x01, 0x02, 0x24, 
	0x18, 0x00, 0xa2, 0x00, 0x30, 0x07, 0x03, 0x24, 0x12, 0x10, 0x00, 0x00, 0x00, 0x00, 0x00, 0x00, 
	0x00, 0x00, 0x00, 0x00, 0x18, 0x00, 0x83, 0x00, 0x01, 0x00, 0x04, 0x24, 0x12, 0x18, 0x00, 0x00, 
	0x21, 0x10, 0x43, 0x00, 0x00, 0x00, 0x03, 0x3c, 0xd4, 0x78, 0x63, 0x24, 0x21, 0x18, 0x62, 0x00, 
	0xb8, 0x01, 0x65, 0x8c, 0x00, 0x00, 0x00, 0x00, 0x15, 0x00, 0xa4, 0x14, 0x25, 0x10, 0x00, 0x00, 
	0xc0, 0x00, 0x64, 0x90, 0x00, 0x00, 0x00, 0x00, 0x02, 0x00, 0x84, 0x2c, 0x10, 0x00, 0x80, 0x14, 
	0x00, 0x00, 0x00, 0x00, 0xc2, 0x00, 0x64, 0x90, 0x00, 0x00, 0x00, 0x00, 0x02, 0x00, 0x84, 0x2c, 
	0x0b, 0x00, 0x80, 0x14, 0x00, 0x00, 0x00, 0x00, 0xf5, 0x00, 0x64, 0x90, 0xf6, 0x00, 0x62, 0x90, 
	0x00, 0x22, 0x04, 0x00, 0x00, 0x14, 0x02, 0x00, 0x25, 0x20, 0x82, 0x00, 0xf4, 0x00, 0x65, 0x90, 
	0xf7, 0x00, 0x62, 0x90, 0x25, 0x20, 0x85, 0x00, 0x00, 0x16, 0x02, 0x00, 0x25, 0x10, 0x44, 0x00, 
	0x08, 0x00, 0xe0, 0x03, 0x00, 0x00, 0x00, 0x00, 0xcc, 0x01, 0x02, 0x24, 0x18, 0x00, 0xa2, 0x00, 
	0x30, 0x07, 0x02, 0x24, 0x00, 0x00, 0x03, 0x3c, 0xd4, 0x78, 0x63, 0x24, 0x01, 0x00, 0x09, 0x24, 
	0x12, 0x38, 0x00, 0x00, 0x00, 0x00, 0x00, 0x00, 0x00, 0x00, 0x00, 0x00, 0x18, 0x00, 0x82, 0x00, 
	0x12, 0x50, 0x00, 0x00, 0x21, 0x40, 0xea, 0x00, 0x21, 0x40, 0x68, 0x00, 0xb8, 0x01, 0x02, 0x8d, 
	0x00, 0x00, 0x00, 0x00, 0x2a, 0x00, 0x49, 0x14, 0x00, 0x00, 0x00, 0x00, 0xc0, 0x00, 0x09, 0x91, 
	0x00, 0x00, 0x00, 0x00, 0x02, 0x00, 0x29, 0x2d, 0x25, 0x00, 0x20, 0x15, 0x00, 0x00, 0x00, 0x00, 
	0xc2, 0x00, 0x09, 0x91, 0x00, 0x00, 0x00, 0x00, 0x02, 0x00, 0x29, 0x2d, 0x20, 0x00, 0x20, 0x15, 
	0x02, 0x00, 0x09, 0x24, 0x86, 0x01, 0x0b, 0x95, 0x00, 0x00, 0x00, 0x00, 0x1c, 0x00, 0x69, 0x11, 
	0x80, 0x31, 0x06, 0x00, 0x3f, 0x00, 0xc6, 0x34, 0xf0, 0x00, 0x06, 0xad, 0x21, 0x30, 0x67, 0x00, 
	0x21, 0x30, 0xca, 0x00, 0x25, 0x38, 0x00, 0x00, 0x0b, 0x00, 0x08, 0x24, 0x01, 0x00, 0xe7, 0x24, 
	0xf8, 0x00, 0xc9, 0xa0, 0xfd, 0xff, 0xe8, 0x14, 0x01, 0x00, 0xc6, 0x24, 0xcc, 0x01, 0x06, 0x24, 
	0x18, 0x00, 0xa6, 0x00, 0x30, 0x07, 0x06, 0x24, 0x12, 0x28, 0x00, 0x00, 0x00, 0x00, 0x00, 0x00, 
	0x00, 0x00, 0x00, 0x00, 0x18, 0x00, 0x86, 0x00, 0x12, 0x20, 0x00, 0x00, 0x21, 0x20, 0xa4, 0x00, 
	0x21, 0x18, 0x64, 0x00, 0x02, 0x00, 0x04, 0x24, 0x86, 0x01, 0x64, 0xa4, 0x06, 0x00, 0x04, 0x24, 
	0xbc, 0x01, 0x64, 0xac, 0xa8, 0x01, 0x64, 0x8c, 0x08, 0x00, 0xe0, 0x03, 0xc0, 0x01, 0x64, 0xac, 
	0x08, 0x00, 0xe0, 0x03, 0x25, 0x10, 0x00, 0x00, 0xcc, 0x01, 0x02, 0x24, 0x18, 0x00, 0xa2, 0x00, 
	0x30, 0x07, 0x02, 0x24, 0x00, 0x00, 0x03, 0x3c, 0xd4, 0x78, 0x63, 0x24, 0x01, 0x00, 0x09, 0x24, 
	0x12, 0x38, 0x00, 0x00, 0x00, 0x00, 0x00, 0x00, 0x00, 0x00, 0x00, 0x00, 0x18, 0x00, 0x82, 0x00, 
	0x12, 0x50, 0x00, 0x00, 0x21, 0x40, 0xea, 0x00, 0x21, 0x40, 0x68, 0x00, 0xb8, 0x01, 0x02, 0x8d, 
	0x00, 0x00, 0x00, 0x00, 0x29, 0x00, 0x49, 0x14, 0x00, 0x00, 0x00, 0x00, 0xc0, 0x00, 0x09, 0x91, 
	0x00, 0x00, 0x00, 0x00, 0x02, 0x00, 0x29, 0x2d, 0x24, 0x00, 0x20, 0x15, 0x00, 0x00, 0x00, 0x00, 
	0xc2, 0x00, 0x09, 0x91, 0x00, 0x00, 0x00, 0x00, 0x02, 0x00, 0x29, 0x2d, 0x1f, 0x00, 0x20, 0x15, 
	0x00, 0x00, 0x00, 0x00, 0x86, 0x01, 0x09, 0x95, 0x02, 0x00, 0x08, 0x24, 0x1b, 0x00, 0x28, 0x11, 
	0x21, 0x38, 0x67, 0x00, 0x21, 0x38, 0xea, 0x00, 0x25, 0x40, 0x00, 0x00, 0x0c, 0x00, 0x09, 0x24, 
	0x21, 0x50, 0xc8, 0x00, 0x00, 0x00, 0x4a, 0x91, 0x01, 0x00, 0x08, 0x25, 0xf8, 0x00, 0xea, 0xa0, 
	0xfb, 0xff, 0x09, 0x15, 0x01, 0x00, 0xe7, 0x24, 0xcc, 0x01, 0x06, 0x24, 0x18, 0x00, 0xa6, 0x00, 
	0x30, 0x07, 0x06, 0x24, 0x12, 0x28, 0x00, 0x00, 0x00, 0x00, 0x00, 0x00, 0x00, 0x00, 0x00, 0x00, 
	0x18, 0x00, 0x86, 0x00, 0x12, 0x20, 0x00, 0x00, 0x21, 0x20, 0xa4, 0x00, 0x21, 0x18, 0x64, 0x00, 
	0x07, 0x00, 0x04, 0x24, 0xbc, 0x01, 0x64, 0xac, 0x02, 0x00, 0x04, 0x24, 0x86, 0x01, 0x64, 0xa4, 
	0xac, 0x01, 0x64, 0x8c, 0x08, 0x00, 0xe0, 0x03, 0xc0, 0x01, 0x64, 0xac, 0x08, 0x00, 0xe0, 0x03, 
	0x25, 0x10, 0x00, 0x00, 0x08, 0x00, 0xe0, 0x03, 0x02, 0x00, 0x02, 0x24, 0xc4, 0xf4, 0x00, 0x10, 
	0x00, 0x00, 0x00, 0x00, 0x00, 0x00, 0x02, 0x3c, 0xb4, 0x74, 0x42, 0x94, 0x08, 0x00, 0xe0, 0x03, 
	0x00, 0x00, 0x00, 0x00, 0xcc, 0x01, 0x02, 0x24, 0x18, 0x00, 0xa2, 0x00, 0x00, 0x00, 0x02, 0x3c, 
	0xd4, 0x78, 0x42, 0x24, 0x12, 0x18, 0x00, 0x00, 0x21, 0x10, 0x43, 0x00, 0x30, 0x07, 0x03, 0x24, 
	0x18, 0x00, 0x83, 0x00, 0x20, 0x00, 0x04, 0x24, 0x12, 0x18, 0x00, 0x00, 0x21, 0x10, 0x43, 0x00, 
	0x25, 0x18, 0x00, 0x00, 0x08, 0x01, 0x47, 0x90, 0x21, 0x28, 0xc3, 0x00, 0x01, 0x00, 0x63, 0x24, 
	0x00, 0x00, 0xa7, 0xa0, 0xfb, 0xff, 0x64, 0x14, 0x01, 0x00, 0x42, 0x24, 0x08, 0x00, 0xe0, 0x03, 
	0x20, 0x00, 0x02, 0x24, 0xcc, 0x01, 0x02, 0x24, 0x18, 0x00, 0xa2, 0x00, 0x30, 0x07, 0x03, 0x24, 
	0x12, 0x10, 0x00, 0x00, 0x00, 0x00, 0x00, 0x00, 0x00, 0x00, 0x00, 0x00, 0x18, 0x00, 0x83, 0x00, 
	0x12, 0x18, 0x00, 0x00, 0x21, 0x18, 0x43, 0x00, 0x00, 0x00, 0x02, 0x3c, 0xd4, 0x78, 0x42, 0x24, 
	0x21, 0x10, 0x43, 0x00, 0xc0, 0x00, 0x42, 0x90, 0x08, 0x00, 0xe0, 0x03, 0x00, 0x00, 0x00, 0x00, 
	0x01, 0x00, 0x02, 0x24, 0x00, 0x00, 0x82, 0xa0, 0x42, 0x00, 0x02, 0x24, 0x01, 0x00, 0x82, 0xa0, 
	0x02, 0x00, 0x80, 0xa0, 0x03, 0x00, 0x80, 0xa0, 0x08, 0x00, 0xe0, 0x03, 0x04, 0x00, 0x80, 0xa0, 
	0x02, 0x00, 0x80, 0x10, 0xc0, 0xff, 0x02, 0x3c, 0x06, 0xff, 0x02, 0x3c, 0x08, 0x00, 0xe0, 0x03, 
	0x05, 0x05, 0x42, 0x24, 0x03, 0x00, 0x80, 0x14, 0x02, 0x00, 0x02, 0x3c, 0x08, 0x00, 0xe0, 0x03, 
	0x0a, 0x00, 0x42, 0x24, 0x08, 0x00, 0xe0, 0x03, 0x2c, 0x01, 0x42, 0x24, 0x08, 0x00, 0xe0, 0x03, 
	0x05, 0x00, 0x02, 0x24, 0x14, 0x00, 0x02, 0x3c, 0x08, 0x00, 0xe0, 0x03, 0x40, 0x05, 0x42, 0x24, 
	0x08, 0x00, 0xe0, 0x03, 0x25, 0x10, 0x00, 0x00, 0x01, 0x00, 0x02, 0x24, 0x00, 0x00, 0x82, 0xa0, 
	0x42, 0x00, 0x02, 0x24, 0x01, 0x00, 0x82, 0xa0, 0x02, 0x00, 0x80, 0xa0, 0x03, 0x00, 0x80, 0xa0, 
	0x04, 0x00, 0x80, 0xa0, 0x05, 0x00, 0x80, 0xa0, 0x08, 0x00, 0xe0, 0x03, 0x06, 0x00, 0x80, 0xa0, 
	0x03, 0x00, 0x80, 0x14, 0x02, 0x00, 0x02, 0x3c, 0x08, 0x00, 0xe0, 0x03, 0x14, 0x00, 0x42, 0x24, 
	0x08, 0x00, 0xe0, 0x03, 0x2c, 0x01, 0x42, 0x24, 0x1c, 0x00, 0x02, 0x3c, 0x08, 0x00, 0xe0, 0x03, 
	0x40, 0x07, 0x42, 0x24, 0x08, 0x00, 0xe0, 0x03, 0x07, 0x00, 0x02, 0x24, 0x01, 0x00, 0x02, 0x24, 
	0x43, 0x00, 0x03, 0x24, 0x00, 0x00, 0x82, 0xa0, 0x03, 0x00, 0x82, 0xa0, 0x01, 0x00, 0x83, 0xa0, 
	0x02, 0x00, 0x80, 0xa0, 0x04, 0x00, 0x80, 0xa0, 0x05, 0x00, 0x80, 0xa0, 0x06, 0x00, 0x80, 0xa0, 
	0x08, 0x00, 0xe0, 0x03, 0x07, 0x00, 0x02, 0x24, 0x01, 0x00, 0x02, 0x24, 0x00, 0x00, 0x82, 0xa0, 
	0x42, 0x00, 0x02, 0x24, 0x01, 0x00, 0x82, 0xa0, 0x02, 0x00, 0x80, 0xa0, 0x03, 0x00, 0x80, 0xa0, 
	0x04, 0x00, 0x80, 0xa0, 0x05, 0x00, 0x80, 0xa0, 0x06, 0x00, 0x80, 0xa0, 0x07, 0x00, 0x80, 0xa0, 
	0x08, 0x00, 0xe0, 0x03, 0x08, 0x00, 0x80, 0xa0, 0x24, 0x00, 0x02, 0x3c, 0x08, 0x00, 0xe0, 0x03, 
	0x40, 0x09, 0x42, 0x24, 0x08, 0x00, 0xe0, 0x03, 0x09, 0x00, 0x02, 0x24, 0x01, 0x00, 0x02, 0x24, 
	0x43, 0x00, 0x03, 0x24, 0x00, 0x00, 0x82, 0xa0, 0x03, 0x00, 0x82, 0xa0, 0x01, 0x00, 0x83, 0xa0, 
	0x02, 0x00, 0x80, 0xa0, 0x04, 0x00, 0x80, 0xa0, 0x05, 0x00, 0x80, 0xa0, 0x06, 0x00, 0x80, 0xa0, 
	0x07, 0x00, 0x80, 0xa0, 0x08, 0x00, 0x80, 0xa0, 0x08, 0x00, 0xe0, 0x03, 0x09, 0x00, 0x02, 0x24, 
	0xa7, 0xff, 0x00, 0x10, 0x00, 0x00, 0x00, 0x00, 0x01, 0x00, 0x02, 0x24, 0x43, 0x00, 0x03, 0x24, 
	0x00, 0x00, 0x82, 0xa0, 0x03, 0x00, 0x82, 0xa0, 0x01, 0x00, 0x83, 0xa0, 0x02, 0x00, 0x80, 0xa0, 
	0x04, 0x00, 0x80, 0xa0, 0x08, 0x00, 0xe0, 0x03, 0x05, 0x00, 0x02, 0x24, 0x9c, 0xff, 0x00, 0x10, 
	0x00, 0x00, 0x00, 0x00, 0xd4, 0xff, 0x00, 0x10, 0x00, 0x00, 0x00, 0x00, 0xe3, 0xff, 0x00, 0x10, 
	0x00, 0x00, 0x00, 0x00, 0xd0, 0xff, 0x00, 0x10, 0x00, 0x00, 0x00, 0x00, 0xdf, 0xff, 0x00, 0x10, 
	0x00, 0x00, 0x00, 0x00, 0x01, 0x00, 0x02, 0x24, 0x00, 0x00, 0x82, 0xa0, 0x42, 0x00, 0x02, 0x24, 
	0x01, 0x00, 0x82, 0xa0, 0x02, 0x00, 0x80, 0xa0, 0x03, 0x00, 0x80, 0xa0, 0x04, 0x00, 0x80, 0xa0, 
	0x05, 0x00, 0x80, 0xa0, 0x06, 0x00, 0x80, 0xa0, 0x07, 0x00, 0x80, 0xa0, 0x08, 0x00, 0x80, 0xa0, 
	0x09, 0x00, 0x80, 0xa0, 0x0a, 0x00, 0x80, 0xa0, 0x0b, 0x00, 0x80, 0xa0, 0x0c, 0x00, 0x80, 0xa0, 
	0x0d, 0x00, 0x80, 0xa0, 0x08, 0x00, 0xe0, 0x03, 0x0e, 0x00, 0x80, 0xa0, 0x01, 0x00, 0x02, 0x24, 
	0x43, 0x00, 0x03, 0x24, 0x00, 0x00, 0x82, 0xa0, 0x03, 0x00, 0x82, 0xa0, 0x01, 0x00, 0x83, 0xa0, 
	0x02, 0x00, 0x80, 0xa0, 0x04, 0x00, 0x80, 0xa0, 0x05, 0x00, 0x80, 0xa0, 0x06, 0x00, 0x80, 0xa0, 
	0x07, 0x00, 0x80, 0xa0, 0x08, 0x00, 0x80, 0xa0, 0x09, 0x00, 0x80, 0xa0, 0x0a, 0x00, 0x80, 0xa0, 
	0x0b, 0x00, 0x80, 0xa0, 0x0c, 0x00, 0x80, 0xa0, 0x0d, 0x00, 0x80, 0xa0, 0x0e, 0x00, 0x80, 0xa0, 
	0x08, 0x00, 0xe0, 0x03, 0x15, 0x00, 0x02, 0x24, 0x01, 0x00, 0x02, 0x24, 0x00, 0x00, 0x82, 0xa0, 
	0x42, 0x00, 0x02, 0x24, 0x01, 0x00, 0x82, 0xa0, 0x02, 0x00, 0x80, 0xa0, 0x03, 0x00, 0x80, 0xa0, 
	0x04, 0x00, 0x80, 0xa0, 0x05, 0x00, 0x80, 0xa0, 0x06, 0x00, 0x80, 0xa0, 0x07, 0x00, 0x80, 0xa0, 
	0x08, 0x00, 0x80, 0xa0, 0x09, 0x00, 0x80, 0xa0, 0x0a, 0x00, 0x80, 0xa0, 0x0b, 0x00, 0x80, 0xa0, 
	0x08, 0x00, 0xe0, 0x03, 0x0c, 0x00, 0x80, 0xa0, 0x34, 0x00, 0x02, 0x3c, 0x08, 0x00, 0xe0, 0x03, 
	0x40, 0x0d, 0x42, 0x24, 0x08, 0x00, 0xe0, 0x03, 0x0d, 0x00, 0x02, 0x24, 0x01, 0x00, 0x02, 0x24, 
	0x43, 0x00, 0x03, 0x24, 0x00, 0x00, 0x82, 0xa0, 0x03, 0x00, 0x82, 0xa0, 0x01, 0x00, 0x83, 0xa0, 
	0x02, 0x00, 0x80, 0xa0, 0x04, 0x00, 0x80, 0xa0, 0x05, 0x00, 0x80, 0xa0, 0x06, 0x00, 0x80, 0xa0, 
	0x07, 0x00, 0x80, 0xa0, 0x08, 0x00, 0x80, 0xa0, 0x09, 0x00, 0x80, 0xa0, 0x0a, 0x00, 0x80, 0xa0, 
	0x0b, 0x00, 0x80, 0xa0, 0x0c, 0x00, 0x80, 0xa0, 0x08, 0x00, 0xe0, 0x03, 0x0d, 0x00, 0x02, 0x24, 
	0x01, 0x00, 0x02, 0x24, 0x00, 0x00, 0x82, 0xa0, 0x42, 0x00, 0x02, 0x24, 0x01, 0x00, 0x82, 0xa0, 
	0x5a, 0x00, 0x02, 0x24, 0x02, 0x00, 0x80, 0xa0, 0x03, 0x00, 0x82, 0xa0, 0x04, 0x00, 0x82, 0xa0, 
	0x05, 0x00, 0x82, 0xa0, 0x06, 0x00, 0x82, 0xa0, 0x07, 0x00, 0x82, 0xa0, 0x08, 0x00, 0xe0, 0x03, 
	0x08, 0x00, 0x82, 0xa0, 0x01, 0x00, 0x02, 0x24, 0x00, 0x00, 0x82, 0xa0, 0x43, 0x00, 0x02, 0x24, 
	0x01, 0x00, 0x82, 0xa0, 0x5a, 0x00, 0x02, 0x24, 0x04, 0x00, 0x82, 0xa0, 0x05, 0x00, 0x82, 0xa0, 
	0x06, 0x00, 0x82, 0xa0, 0x07, 0x00, 0x82, 0xa0, 0x08, 0x00, 0x82, 0xa0, 0x02, 0x00, 0x80, 0xa0, 
	0x03, 0x00, 0x80, 0xa0, 0x08, 0x00, 0xe0, 0x03, 0x09, 0x00, 0x02, 0x24, 0x01, 0x00, 0x02, 0x24, 
	0x00, 0x00, 0x82, 0xa0, 0x45, 0x00, 0x02, 0x24, 0x01, 0x00, 0x82, 0xa0, 0x5a, 0x00, 0x02, 0x24, 
	0x03, 0x00, 0x82, 0xa0, 0x04, 0x00, 0x82, 0xa0, 0x05, 0x00, 0x82, 0xa0, 0x06, 0x00, 0x82, 0xa0, 
	0x07, 0x00, 0x82, 0xa0, 0x08, 0x00, 0x82, 0xa0, 0x02, 0x00, 0x80, 0xa0, 0x08, 0x00, 0xe0, 0x03, 
	0x09, 0x00, 0x02, 0x24, 0x01, 0x00, 0x02, 0x24, 0x00, 0x00, 0x82, 0xa0, 0x46, 0x00, 0x02, 0x24, 
	0x01, 0x00, 0x82, 0xa0, 0x5a, 0x00, 0x02, 0x24, 0x04, 0x00, 0x82, 0xa0, 0x05, 0x00, 0x82, 0xa0, 
	0x06, 0x00, 0x82, 0xa0, 0x07, 0x00, 0x82, 0xa0, 0x08, 0x00, 0x82, 0xa0, 0x02, 0x00, 0x80, 0xa0, 
	0x03, 0x00, 0x80, 0xa0, 0x08, 0x00, 0xe0, 0x03, 0x09, 0x00, 0x02, 0x24, 0x01, 0x00, 0x02, 0x24, 
	0x00, 0x00, 0x82, 0xa0, 0x47, 0x00, 0x02, 0x24, 0x01, 0x00, 0x82, 0xa0, 0x5a, 0x00, 0x02, 0x24, 
	0x04, 0x00, 0x82, 0xa0, 0x05, 0x00, 0x82, 0xa0, 0x06, 0x00, 0x82, 0xa0, 0x07, 0x00, 0x82, 0xa0, 
	0x08, 0x00, 0x82, 0xa0, 0x02, 0x00, 0x80, 0xa0, 0x03, 0x00, 0x80, 0xa0, 0x08, 0x00, 0xe0, 0x03, 
	0x09, 0x00, 0x02, 0x24, 0x01, 0x00, 0x02, 0x24, 0x00, 0x00, 0x82, 0xa0, 0x4c, 0x00, 0x02, 0x24, 
	0x01, 0x00, 0x82, 0xa0, 0x5a, 0x00, 0x02, 0x24, 0x04, 0x00, 0x82, 0xa0, 0x05, 0x00, 0x82, 0xa0, 
	0x06, 0x00, 0x82, 0xa0, 0x07, 0x00, 0x82, 0xa0, 0x08, 0x00, 0x82, 0xa0, 0x02, 0x00, 0x80, 0xa0, 
	0x03, 0x00, 0x80, 0xa0, 0x08, 0x00, 0xe0, 0x03, 0x09, 0x00, 0x02, 0x24, 0x01, 0x00, 0x02, 0x24, 
	0x00, 0x00, 0x82, 0xa0, 0x41, 0x00, 0x02, 0x24, 0x01, 0x00, 0x82, 0xa0, 0x5a, 0x00, 0x02, 0x24, 
	0x03, 0x00, 0x82, 0xa0, 0x04, 0x00, 0x82, 0xa0, 0x05, 0x00, 0x82, 0xa0, 0x06, 0x00, 0x82, 0xa0, 
	0x07, 0x00, 0x82, 0xa0, 0x08, 0x00, 0x82, 0xa0, 0x02, 0x00, 0x80, 0xa0, 0x08, 0x00, 0xe0, 0x03, 
	0x09, 0x00, 0x02, 0x24, 0x01, 0x00, 0x02, 0x24, 0x00, 0x00, 0x82, 0xa0, 0x4f, 0x00, 0x02, 0x24, 
	0x01, 0x00, 0x82, 0xa0, 0x02, 0x00, 0x80, 0xa0, 0x03, 0x00, 0x80, 0xa0, 0x04, 0x00, 0x80, 0xa0, 
	0x05, 0x00, 0x80, 0xa0, 0x06, 0x00, 0x80, 0xa0, 0x07, 0x00, 0x80, 0xa0, 0x08, 0x00, 0x80, 0xa0, 
	0x08, 0x00, 0xe0, 0x03, 0x09, 0x00, 0x02, 0x24, 0x01, 0x00, 0x02, 0x24, 0x00, 0x00, 0x82, 0xa0, 
	0x40, 0x00, 0x02, 0x24, 0x01, 0x00, 0x82, 0xa0, 0x02, 0x00, 0x80, 0xa0, 0x03, 0x00, 0x80, 0xa0, 
	0x04, 0x00, 0x80, 0xa0, 0x05, 0x00, 0x80, 0xa0, 0x06, 0x00, 0x80, 0xa0, 0x07, 0x00, 0x80, 0xa0, 
	0x08, 0x00, 0x80, 0xa0, 0x08, 0x00, 0xe0, 0x03, 0x09, 0x00, 0x02, 0x24, 0x01, 0x00, 0x02, 0x24, 
	0x00, 0x00, 0x82, 0xa0, 0x44, 0x00, 0x02, 0x24, 0x01, 0x00, 0x82, 0xa0, 0x02, 0x00, 0x80, 0xa0, 
	0x03, 0x00, 0x80, 0xa0, 0x04, 0x00, 0x80, 0xa0, 0x05, 0x00, 0x80, 0xa0, 0x06, 0x00, 0x80, 0xa0, 
	0x07, 0x00, 0x80, 0xa0, 0x08, 0x00, 0x80, 0xa0, 0x08, 0x00, 0xe0, 0x03, 0x09, 0x00, 0x02, 0x24, 
	0x01, 0x00, 0x02, 0x24, 0x00, 0x00, 0x82, 0xa0, 0x4d, 0x00, 0x02, 0x24, 0x01, 0x00, 0x82, 0xa0, 
	0x02, 0x00, 0x80, 0xa0, 0x03, 0x00, 0x80, 0xa0, 0x04, 0x00, 0x80, 0xa0, 0x05, 0x00, 0x80, 0xa0, 
	0x06, 0x00, 0x80, 0xa0, 0x07, 0x00, 0x80, 0xa0, 0x08, 0x00, 0x80, 0xa0, 0x08, 0x00, 0xe0, 0x03, 
	0x09, 0x00, 0x02, 0x24, 0x0c, 0x00, 0x80, 0x14, 0x02, 0x00, 0xa5, 0x30, 0x08, 0x00, 0xa0, 0x14, 
	0x0a, 0x0a, 0x03, 0x24, 0x05, 0x05, 0x03, 0x24, 0xc0, 0x00, 0x02, 0x24, 0x00, 0x14, 0x02, 0x00, 
	0x25, 0x10, 0x43, 0x00, 0x00, 0xff, 0x03, 0x3c, 0x08, 0x00, 0xe0, 0x03, 0x25, 0x10, 0x43, 0x00, 
	0xfa, 0xff, 0x00, 0x10, 0x60, 0x00, 0x02, 0x24, 0x06, 0xff, 0x02, 0x3c, 0x08, 0x00, 0xe0, 0x03, 
	0x05, 0x05, 0x42, 0x24, 0x02, 0x00, 0x80, 0x10, 0xc0, 0xff, 0x02, 0x3c, 0x06, 0xff, 0x02, 0x3c, 
	0x08, 0x00, 0xe0, 0x03, 0x05, 0x05, 0x42, 0x24, 0x01, 0x00, 0x03, 0x3c, 0x60, 0x87, 0x63, 0x8c, 
	0x00, 0x00, 0x00, 0x00, 0x0f, 0x00, 0x62, 0x28, 0x47, 0x00, 0x40, 0x10, 0x00, 0x00, 0x00, 0x00, 
	0x00, 0x00, 0x87, 0x90, 0x01, 0x00, 0x02, 0x3c, 0x64, 0x87, 0x42, 0x24, 0x0a, 0x00, 0x60, 0x18, 
	0xc0, 0x28, 0x03, 0x00, 0x25, 0x30, 0x40, 0x00, 0x25, 0x28, 0x00, 0x00, 0x00, 0x00, 0xc8, 0x90, 
	0x00, 0x00, 0x00, 0x00, 0x3c, 0x00, 0x07, 0x11, 0x01, 0x00, 0xa5, 0x24, 0xfb, 0xff, 0x65, 0x14, 
	0x48, 0x00, 0xc6, 0x24, 0xc0, 0x28, 0x03, 0x00, 0x21, 0x28, 0xa3, 0x00, 0xc0, 0x28, 0x05, 0x00, 
	0x21, 0x10, 0x45, 0x00, 0x00, 0x00, 0x47, 0xa0, 0x04, 0x00, 0x85, 0x8c, 0x01, 0x00, 0x63, 0x24, 
	0x04, 0x00, 0x45, 0xac, 0x08, 0x00, 0x85, 0x8c, 0x00, 0x00, 0x00, 0x00, 0x08, 0x00, 0x45, 0xac, 
	0x0c, 0x00, 0x85, 0x8c, 0x00, 0x00, 0x00, 0x00, 0x0c, 0x00, 0x45, 0xac, 0x10, 0x00, 0x85, 0x8c, 
	0x00, 0x00, 0x00, 0x00, 0x10, 0x00, 0x45, 0xac, 0x14, 0x00, 0x85, 0x8c, 0x00, 0x00, 0x00, 0x00, 
	0x14, 0x00, 0x45, 0xac, 0x18, 0x00, 0x85, 0x8c, 0x00, 0x00, 0x00, 0x00, 0x18, 0x00, 0x45, 0xac, 
	0x1c, 0x00, 0x85, 0x8c, 0x00, 0x00, 0x00, 0x00, 0x1c, 0x00, 0x45, 0xac, 0x20, 0x00, 0x85, 0x8c, 
	0x00, 0x00, 0x00, 0x00, 0x20, 0x00, 0x45, 0xac, 0x24, 0x00, 0x85, 0x8c, 0x00, 0x00, 0x00, 0x00, 
	0x24, 0x00, 0x45, 0xac, 0x28, 0x00, 0x85, 0x8c, 0x00, 0x00, 0x00, 0x00, 0x28, 0x00, 0x45, 0xac, 
	0x2c, 0x00, 0x85, 0x8c, 0x00, 0x00, 0x00, 0x00, 0x2c, 0x00, 0x45, 0xac, 0x30, 0x00, 0x85, 0x8c, 
	0x00, 0x00, 0x00, 0x00, 0x30, 0x00, 0x45, 0xac, 0x34, 0x00, 0x85, 0x8c, 0x00, 0x00, 0x00, 0x00, 
	0x34, 0x00, 0x45, 0xac, 0x38, 0x00, 0x85, 0x8c, 0x00, 0x00, 0x00, 0x00, 0x38, 0x00, 0x45, 0xac, 
	0x3c, 0x00, 0x85, 0x8c, 0x00, 0x00, 0x00, 0x00, 0x3c, 0x00, 0x45, 0xac, 0x40, 0x00, 0x85, 0x8c, 
	0x00, 0x00, 0x00, 0x00, 0x40, 0x00, 0x45, 0xac, 0x44, 0x00, 0x84, 0x8c, 0x01, 0x00, 0x01, 0x3c, 
	0x60, 0x87, 0x23, 0xac, 0x44, 0x00, 0x44, 0xac, 0x08, 0x00, 0xe0, 0x03, 0x00, 0x00, 0x00, 0x00, 
	0x02, 0x00, 0x80, 0x10, 0xc0, 0xff, 0x02, 0x3c, 0x06, 0xff, 0x02, 0x3c, 0x08, 0x00, 0xe0, 0x03, 
	0x05, 0x05, 0x42, 0x24, 0x02, 0x00, 0x80, 0x10, 0xc0, 0xff, 0x02, 0x3c, 0x06, 0xff, 0x02, 0x3c, 
	0x08, 0x00, 0xe0, 0x03, 0x05, 0x05, 0x42, 0x24, 0x02, 0x00, 0x80, 0x10, 0xc0, 0xff, 0x02, 0x3c, 
	0x06, 0xff, 0x02, 0x3c, 0x08, 0x00, 0xe0, 0x03, 0x05, 0x05, 0x42, 0x24, 0x02, 0x00, 0x80, 0x10, 
	0xc0, 0xff, 0x02, 0x3c, 0x06, 0xff, 0x02, 0x3c, 0x08, 0x00, 0xe0, 0x03, 0x05, 0x05, 0x42, 0x24, 
	0x02, 0x00, 0x80, 0x10, 0xc0, 0xff, 0x02, 0x3c, 0x06, 0xff, 0x02, 0x3c, 0x08, 0x00, 0xe0, 0x03, 
	0x05, 0x05, 0x42, 0x24, 0x02, 0x00, 0x80, 0x10, 0xc0, 0xff, 0x02, 0x3c, 0x06, 0xff, 0x02, 0x3c, 
	0x08, 0x00, 0xe0, 0x03, 0x05, 0x05, 0x42, 0x24, 0x02, 0x00, 0x80, 0x10, 0xc0, 0xff, 0x02, 0x3c, 
	0x06, 0xff, 0x02, 0x3c, 0x08, 0x00, 0xe0, 0x03, 0x05, 0x05, 0x42, 0x24, 0x08, 0x00, 0xe0, 0x03, 
	0x05, 0x00, 0x02, 0x24, 0x08, 0x00, 0xe0, 0x03, 0x05, 0x00, 0x02, 0x24, 0x08, 0x00, 0xe0, 0x03, 
	0x05, 0x00, 0x02, 0x24, 0x08, 0x00, 0xe0, 0x03, 0x05, 0x00, 0x02, 0x24, 0x08, 0x00, 0xe0, 0x03, 
	0x05, 0x00, 0x02, 0x24, 0x14, 0x00, 0x02, 0x3c, 0x08, 0x00, 0xe0, 0x03, 0x40, 0x05, 0x42, 0x24, 
	0x14, 0x00, 0x02, 0x3c, 0x08, 0x00, 0xe0, 0x03, 0x40, 0x05, 0x42, 0x24, 0x08, 0x00, 0xe0, 0x03, 
	0x07, 0x00, 0x02, 0x24, 0x24, 0x00, 0x02, 0x3c, 0x08, 0x00, 0xe0, 0x03, 0x40, 0x09, 0x42, 0x24, 
	0x24, 0x00, 0x02, 0x3c, 0x08, 0x00, 0xe0, 0x03, 0x40, 0x09, 0x42, 0x24, 0x24, 0x00, 0x02, 0x3c, 
	0x08, 0x00, 0xe0, 0x03, 0x40, 0x09, 0x42, 0x24, 0x08, 0x00, 0xe0, 0x03, 0x09, 0x00, 0x02, 0x24, 
	0x08, 0x00, 0xe0, 0x03, 0x09, 0x00, 0x02, 0x24, 0x08, 0x00, 0xe0, 0x03, 0x09, 0x00, 0x02, 0x24, 
	0x08, 0x00, 0xe0, 0x03, 0x09, 0x00, 0x02, 0x24, 0x08, 0x00, 0xe0, 0x03, 0x09, 0x00, 0x02, 0x24, 
	0x08, 0x00, 0xe0, 0x03, 0x09, 0x00, 0x02, 0x24, 0x08, 0x00, 0xe0, 0x03, 0x09, 0x00, 0x02, 0x24, 
	0x08, 0x00, 0xe0, 0x03, 0x0d, 0x00, 0x02, 0x24, 0x03, 0x00, 0x80, 0x14, 0x02, 0x00, 0x02, 0x3c, 
	0x08, 0x00, 0xe0, 0x03, 0x14, 0x00, 0x42, 0x24, 0x08, 0x00, 0xe0, 0x03, 0x2c, 0x01, 0x42, 0x24, 
	0x03, 0x00, 0x80, 0x14, 0x02, 0x00, 0x02, 0x3c, 0x08, 0x00, 0xe0, 0x03, 0x14, 0x00, 0x42, 0x24, 
	0x08, 0x00, 0xe0, 0x03, 0x2c, 0x01, 0x42, 0x24, 0x03, 0x00, 0x80, 0x14, 0x02, 0x00, 0x02, 0x3c, 
	0x08, 0x00, 0xe0, 0x03, 0x14, 0x00, 0x42, 0x24, 0x08, 0x00, 0xe0, 0x03, 0x2c, 0x01, 0x42, 0x24, 
	0x03, 0x00, 0x80, 0x14, 0x02, 0x00, 0x02, 0x3c, 0x08, 0x00, 0xe0, 0x03, 0x14, 0x00, 0x42, 0x24, 
	0x08, 0x00, 0xe0, 0x03, 0x2c, 0x01, 0x42, 0x24, 0x03, 0x00, 0x80, 0x14, 0x02, 0x00, 0x02, 0x3c, 
	0x08, 0x00, 0xe0, 0x03, 0x14, 0x00, 0x42, 0x24, 0x08, 0x00, 0xe0, 0x03, 0x2c, 0x01, 0x42, 0x24, 
	0x03, 0x00, 0x80, 0x14, 0x02, 0x00, 0x02, 0x3c, 0x08, 0x00, 0xe0, 0x03, 0x14, 0x00, 0x42, 0x24, 
	0x08, 0x00, 0xe0, 0x03, 0x2c, 0x01, 0x42, 0x24, 0x03, 0x00, 0x80, 0x14, 0x02, 0x00, 0x02, 0x3c, 
	0x08, 0x00, 0xe0, 0x03, 0x14, 0x00, 0x42, 0x24, 0x08, 0x00, 0xe0, 0x03, 0x2c, 0x01, 0x42, 0x24, 
	0x03, 0x00, 0x80, 0x14, 0x02, 0x00, 0x02, 0x3c, 0x08, 0x00, 0xe0, 0x03, 0x14, 0x00, 0x42, 0x24, 
	0x08, 0x00, 0xe0, 0x03, 0x2c, 0x01, 0x42, 0x24, 0x01, 0x00, 0x02, 0x24, 0x43, 0x00, 0x03, 0x24, 
	0x00, 0x00, 0x82, 0xa0, 0x03, 0x00, 0x82, 0xa0, 0x01, 0x00, 0x83, 0xa0, 0x02, 0x00, 0x80, 0xa0, 
	0x04, 0x00, 0x80, 0xa0, 0x08, 0x00, 0xe0, 0x03, 0x05, 0x00, 0x02, 0x24, 0x01, 0x00, 0x02, 0x3c, 
	0x64, 0x87, 0x42, 0x24, 0x01, 0x00, 0x03, 0x3c, 0xe4, 0x8b, 0x63, 0x24, 0x00, 0x00, 0x40, 0xa0, 
	0x48, 0x00, 0x42, 0x24, 0xfd, 0xff, 0x43, 0x14, 0x00, 0x00, 0x00, 0x00, 0x01, 0x00, 0x01, 0x3c, 
	0x08, 0x00, 0xe0, 0x03, 0x60, 0x87, 0x20, 0xac, 0xa0, 0xff, 0xbd, 0x27, 0x00, 0x00, 0x02, 0x3c, 
	0x70, 0x37, 0x42, 0x24, 0x14, 0x00, 0xa2, 0xaf, 0x00, 0x00, 0x02, 0x3c, 0x90, 0x37, 0x42, 0x24, 
	0x18, 0x00, 0xa2, 0xaf, 0x00, 0x00, 0x02, 0x3c, 0xa4, 0x37, 0x42, 0x24, 0x1c, 0x00, 0xa2, 0xaf, 
	0x00, 0x00, 0x02, 0x3c, 0xc4, 0x37, 0x42, 0x24, 0x20, 0x00, 0xa2, 0xaf, 0x00, 0x00, 0x02, 0x3c, 
	0xbc, 0x37, 0x42, 0x24, 0x24, 0x00, 0xa2, 0xaf, 0x00, 0x00, 0x02, 0x3c, 0xbc, 0x3e, 0x42, 0x24, 
	0x28, 0x00, 0xa2, 0xaf, 0x10, 0x00, 0xa4, 0x27, 0x00, 0x00, 0x02, 0x3c, 0xd0, 0x37, 0x42, 0x24, 
	0x5c, 0x00, 0xbf, 0xaf, 0x10, 0x00, 0xa0, 0xa3, 0x2c, 0x00, 0xa2, 0xaf, 0x30, 0x00, 0xa0, 0xaf, 
	0x34, 0x00, 0xa0, 0xaf, 0x38, 0x00, 0xa0, 0xaf, 0x3c, 0x00, 0xa0, 0xaf, 0x40, 0x00, 0xa0, 0xaf, 
	0x44, 0x00, 0xa0, 0xaf, 0x48, 0x00, 0xa0, 0xaf, 0x4c, 0x00, 0xa0, 0xaf, 0x50, 0x00, 0xa0, 0xaf, 
	0xfd, 0xfe, 0x11, 0x04, 0x54, 0x00, 0xa0, 0xaf, 0x5c, 0x00, 0xbf, 0x8f, 0x00, 0x00, 0x00, 0x00, 
	0x08, 0x00, 0xe0, 0x03, 0x60, 0x00, 0xbd, 0x27, 0xa0, 0xff, 0xbd, 0x27, 0x01, 0x00, 0x02, 0x24, 
	0x10, 0x00, 0xa2, 0xa3, 0x00, 0x00, 0x02, 0x3c, 0xd8, 0x37, 0x42, 0x24, 0x14, 0x00, 0xa2, 0xaf, 
	0x00, 0x00, 0x02, 0x3c, 0x30, 0x3e, 0x42, 0x24, 0x18, 0x00, 0xa2, 0xaf, 0x00, 0x00, 0x02, 0x3c, 
	0x00, 0x38, 0x42, 0x24, 0x1c, 0x00, 0xa2, 0xaf, 0x00, 0x00, 0x02, 0x3c, 0x18, 0x38, 0x42, 0x24, 
	0x20, 0x00, 0xa2, 0xaf, 0x00, 0x00, 0x02, 0x3c, 0x24, 0x38, 0x42, 0x24, 0x24, 0x00, 0xa2, 0xaf, 
	0x00, 0x00, 0x02, 0x3c, 0xfc, 0x3e, 0x42, 0x24, 0x28, 0x00, 0xa2, 0xaf, 0x10, 0x00, 0xa4, 0x27, 
	0x00, 0x00, 0x02, 0x3c, 0x2c, 0x38, 0x42, 0x24, 0x5c, 0x00, 0xbf, 0xaf, 0x2c, 0x00, 0xa2, 0xaf, 
	0x30, 0x00, 0xa0, 0xaf, 0x34, 0x00, 0xa0, 0xaf, 0x38, 0x00, 0xa0, 0xaf, 0x3c, 0x00, 0xa0, 0xaf, 
	0x40, 0x00, 0xa0, 0xaf, 0x44, 0x00, 0xa0, 0xaf, 0x48, 0x00, 0xa0, 0xaf, 0x4c, 0x00, 0xa0, 0xaf, 
	0x50, 0x00, 0xa0, 0xaf, 0xd4, 0xfe, 0x11, 0x04, 0x54, 0x00, 0xa0, 0xaf, 0x5c, 0x00, 0xbf, 0x8f, 
	0x00, 0x00, 0x00, 0x00, 0x08, 0x00, 0xe0, 0x03, 0x60, 0x00, 0xbd, 0x27, 0xa0, 0xff, 0xbd, 0x27, 
	0x02, 0x00, 0x02, 0x24, 0x10, 0x00, 0xa2, 0xa3, 0x00, 0x00, 0x02, 0x3c, 0x58, 0x38, 0x42, 0x24, 
	0x14, 0x00, 0xa2, 0xaf, 0x00, 0x00, 0x02, 0x3c, 0x44, 0x3e, 0x42, 0x24, 0x18, 0x00, 0xa2, 0xaf, 
	0x00, 0x00, 0x02, 0x3c, 0x68, 0x3f, 0x42, 0x24, 0x1c, 0x00, 0xa2, 0xaf, 0x00, 0x00, 0x02, 0x3c, 
	0x88, 0x38, 0x42, 0x24, 0x20, 0x00, 0xa2, 0xaf, 0x00, 0x00, 0x02, 0x3c, 0x94, 0x38, 0x42, 0x24, 
	0x24, 0x00, 0xa2, 0xaf, 0x00, 0x00, 0x02, 0x3c, 0x28, 0x3f, 0x42, 0x24, 0x28, 0x00, 0xa2, 0xaf, 
	0x10, 0x00, 0xa4, 0x27, 0x00, 0x00, 0x02, 0x3c, 0x9c, 0x38, 0x42, 0x24, 0x5c, 0x00, 0xbf, 0xaf, 
	0x2c, 0x00, 0xa2, 0xaf, 0x30, 0x00, 0xa0, 0xaf, 0x34, 0x00, 0xa0, 0xaf, 0x38, 0x00, 0xa0, 0xaf, 
	0x3c, 0x00, 0xa0, 0xaf, 0x40, 0x00, 0xa0, 0xaf, 0x44, 0x00, 0xa0, 0xaf, 0x48, 0x00, 0xa0, 0xaf, 
	0x4c, 0x00, 0xa0, 0xaf, 0x50, 0x00, 0xa0, 0xaf, 0xab, 0xfe, 0x11, 0x04, 0x54, 0x00, 0xa0, 0xaf, 
	0x5c, 0x00, 0xbf, 0x8f, 0x00, 0x00, 0x00, 0x00, 0x08, 0x00, 0xe0, 0x03, 0x60, 0x00, 0xbd, 0x27, 
	0xa0, 0xff, 0xbd, 0x27, 0x03, 0x00, 0x02, 0x24, 0x10, 0x00, 0xa2, 0xa3, 0x00, 0x00, 0x02, 0x3c, 
	0xd0, 0x38, 0x42, 0x24, 0x14, 0x00, 0xa2, 0xaf, 0x00, 0x00, 0x02, 0x3c, 0x58, 0x3e, 0x42, 0x24, 
	0x18, 0x00, 0xa2, 0xaf, 0x00, 0x00, 0x02, 0x3c, 0x80, 0x3f, 0x42, 0x24, 0x1c, 0x00, 0xa2, 0xaf, 
	0x00, 0x00, 0x02, 0x3c, 0xe4, 0x3e, 0x42, 0x24, 0x20, 0x00, 0xa2, 0xaf, 0x00, 0x00, 0x02, 0x3c, 
	0xc4, 0x3e, 0x42, 0x24, 0x24, 0x00, 0xa2, 0xaf, 0x00, 0x00, 0x02, 0x3c, 0xcc, 0x3e, 0x42, 0x24, 
	0x28, 0x00, 0xa2, 0xaf, 0x10, 0x00, 0xa4, 0x27, 0x00, 0x00, 0x02, 0x3c, 0xd8, 0x38, 0x42, 0x24, 
	0x5c, 0x00, 0xbf, 0xaf, 0x2c, 0x00, 0xa2, 0xaf, 0x30, 0x00, 0xa0, 0xaf, 0x34, 0x00, 0xa0, 0xaf, 
	0x38, 0x00, 0xa0, 0xaf, 0x3c, 0x00, 0xa0, 0xaf, 0x40, 0x00, 0xa0, 0xaf, 0x44, 0x00, 0xa0, 0xaf, 
	0x48, 0x00, 0xa0, 0xaf, 0x4c, 0x00, 0xa0, 0xaf, 0x50, 0x00, 0xa0, 0xaf, 0x82, 0xfe, 0x11, 0x04, 
	0x54, 0x00, 0xa0, 0xaf, 0x5c, 0x00, 0xbf, 0x8f, 0x00, 0x00, 0x00, 0x00, 0x08, 0x00, 0xe0, 0x03, 
	0x60, 0x00, 0xbd, 0x27, 0xa0, 0xff, 0xbd, 0x27, 0x04, 0x00, 0x02, 0x24, 0x10, 0x00, 0xa2, 0xa3, 
	0x00, 0x00, 0x02, 0x3c, 0xfc, 0x38, 0x42, 0x24, 0x14, 0x00, 0xa2, 0xaf, 0x00, 0x00, 0x02, 0x3c, 
	0x6c, 0x3e, 0x42, 0x24, 0x18, 0x00, 0xa2, 0xaf, 0x00, 0x00, 0x02, 0x3c, 0x98, 0x3f, 0x42, 0x24, 
	0x1c, 0x00, 0xa2, 0xaf, 0x00, 0x00, 0x02, 0x3c, 0xf0, 0x3e, 0x42, 0x24, 0x20, 0x00, 0xa2, 0xaf, 
	0x00, 0x00, 0x02, 0x3c, 0xd4, 0x3e, 0x42, 0x24, 0x24, 0x00, 0xa2, 0xaf, 0x00, 0x00, 0x02, 0x3c, 
	0xdc, 0x3e, 0x42, 0x24, 0x28, 0x00, 0xa2, 0xaf, 0x10, 0x00, 0xa4, 0x27, 0x00, 0x00, 0x02, 0x3c, 
	0x28, 0x40, 0x42, 0x24, 0x5c, 0x00, 0xbf, 0xaf, 0x2c, 0x00, 0xa2, 0xaf, 0x30, 0x00, 0xa0, 0xaf, 
	0x34, 0x00, 0xa0, 0xaf, 0x38, 0x00, 0xa0, 0xaf, 0x3c, 0x00, 0xa0, 0xaf, 0x40, 0x00, 0xa0, 0xaf, 
	0x44, 0x00, 0xa0, 0xaf, 0x48, 0x00, 0xa0, 0xaf, 0x4c, 0x00, 0xa0, 0xaf, 0x50, 0x00, 0xa0, 0xaf, 
	0x59, 0xfe, 0x11, 0x04, 0x54, 0x00, 0xa0, 0xaf, 0x5c, 0x00, 0xbf, 0x8f, 0x00, 0x00, 0x00, 0x00, 
	0x08, 0x00, 0xe0, 0x03, 0x60, 0x00, 0xbd, 0x27, 0xa0, 0xff, 0xbd, 0x27, 0x05, 0x00, 0x02, 0x24, 
	0x10, 0x00, 0xa2, 0xa3, 0x00, 0x00, 0x02, 0x3c, 0x04, 0x39, 0x42, 0x24, 0x14, 0x00, 0xa2, 0xaf, 
	0x00, 0x00, 0x02, 0x3c, 0x80, 0x3e, 0x42, 0x24, 0x18, 0x00, 0xa2, 0xaf, 0x00, 0x00, 0x02, 0x3c, 
	0xb0, 0x3f, 0x42, 0x24, 0x1c, 0x00, 0xa2, 0xaf, 0x00, 0x00, 0x02, 0x3c, 0x04, 0x3f, 0x42, 0x24, 
	0x20, 0x00, 0xa2, 0xaf, 0x00, 0x00, 0x02, 0x3c, 0x30, 0x3f, 0x42, 0x24, 0x24, 0x00, 0xa2, 0xaf, 
	0x00, 0x00, 0x02, 0x3c, 0x38, 0x3f, 0x42, 0x24, 0x28, 0x00, 0xa2, 0xaf, 0x10, 0x00, 0xa4, 0x27, 
	0x00, 0x00, 0x02, 0x3c, 0x0c, 0x39, 0x42, 0x24, 0x5c, 0x00, 0xbf, 0xaf, 0x2c, 0x00, 0xa2, 0xaf, 
	0x30, 0x00, 0xa0, 0xaf, 0x34, 0x00, 0xa0, 0xaf, 0x38, 0x00, 0xa0, 0xaf, 0x3c, 0x00, 0xa0, 0xaf, 
	0x40, 0x00, 0xa0, 0xaf, 0x44, 0x00, 0xa0, 0xaf, 0x48, 0x00, 0xa0, 0xaf, 0x4c, 0x00, 0xa0, 0xaf, 
	0x50, 0x00, 0xa0, 0xaf, 0x30, 0xfe, 0x11, 0x04, 0x54, 0x00, 0xa0, 0xaf, 0x5c, 0x00, 0xbf, 0x8f, 
	0x00, 0x00, 0x00, 0x00, 0x08, 0x00, 0xe0, 0x03, 0x60, 0x00, 0xbd, 0x27, 0xa0, 0xff, 0xbd, 0x27, 
	0x06, 0x00, 0x02, 0x24, 0x10, 0x00, 0xa2, 0xa3, 0x00, 0x00, 0x02, 0x3c, 0x14, 0x39, 0x42, 0x24, 
	0x14, 0x00, 0xa2, 0xaf, 0x00, 0x00, 0x02, 0x3c, 0x94, 0x3e, 0x42, 0x24, 0x18, 0x00, 0xa2, 0xaf, 
	0x00, 0x00, 0x02, 0x3c, 0xc8, 0x3f, 0x42, 0x24, 0x1c, 0x00, 0xa2, 0xaf, 0x00, 0x00, 0x02, 0x3c, 
	0x10, 0x3f, 0x42, 0x24, 0x20, 0x00, 0xa2, 0xaf, 0x00, 0x00, 0x02, 0x3c, 0x40, 0x3f, 0x42, 0x24, 
	0x24, 0x00, 0xa2, 0xaf, 0x00, 0x00, 0x02, 0x3c, 0x48, 0x3f, 0x42, 0x24, 0x28, 0x00, 0xa2, 0xaf, 
	0x10, 0x00, 0xa4, 0x27, 0x00, 0x00, 0x02, 0x3c, 0x1c, 0x39, 0x42, 0x24, 0x5c, 0x00, 0xbf, 0xaf, 
	0x2c, 0x00, 0xa2, 0xaf, 0x30, 0x00, 0xa0, 0xaf, 0x34, 0x00, 0xa0, 0xaf, 0x38, 0x00, 0xa0, 0xaf, 
	0x3c, 0x00, 0xa0, 0xaf, 0x40, 0x00, 0xa0, 0xaf, 0x44, 0x00, 0xa0, 0xaf, 0x48, 0x00, 0xa0, 0xaf, 
	0x4c, 0x00, 0xa0, 0xaf, 0x50, 0x00, 0xa0, 0xaf, 0x07, 0xfe, 0x11, 0x04, 0x54, 0x00, 0xa0, 0xaf, 
	0x5c, 0x00, 0xbf, 0x8f, 0x00, 0x00, 0x00, 0x00, 0x08, 0x00, 0xe0, 0x03, 0x60, 0x00, 0xbd, 0x27, 
	0xa0, 0xff, 0xbd, 0x27, 0x07, 0x00, 0x02, 0x24, 0x10, 0x00, 0xa2, 0xa3, 0x00, 0x00, 0x02, 0x3c, 
	0x24, 0x39, 0x42, 0x24, 0x14, 0x00, 0xa2, 0xaf, 0x00, 0x00, 0x02, 0x3c, 0xa4, 0x3c, 0x42, 0x24, 
	0x18, 0x00, 0xa2, 0xaf, 0x00, 0x00, 0x02, 0x3c, 0xe0, 0x3f, 0x42, 0x24, 0x1c, 0x00, 0xa2, 0xaf, 
	0x10, 0x00, 0xa4, 0x27, 0x00, 0x00, 0x02, 0x3c, 0x6c, 0x39, 0x42, 0x24, 0x5c, 0x00, 0xbf, 0xaf, 
	0x20, 0x00, 0xa0, 0xaf, 0x24, 0x00, 0xa0, 0xaf, 0x28, 0x00, 0xa0, 0xaf, 0x2c, 0x00, 0xa2, 0xaf, 
	0x30, 0x00, 0xa0, 0xaf, 0x34, 0x00, 0xa0, 0xaf, 0x38, 0x00, 0xa0, 0xaf, 0x3c, 0x00, 0xa0, 0xaf, 
	0x40, 0x00, 0xa0, 0xaf, 0x44, 0x00, 0xa0, 0xaf, 0x48, 0x00, 0xa0, 0xaf, 0x4c, 0x00, 0xa0, 0xaf, 
	0x50, 0x00, 0xa0, 0xaf, 0xe4, 0xfd, 0x11, 0x04, 0x54, 0x00, 0xa0, 0xaf, 0x5c, 0x00, 0xbf, 0x8f, 
	0x00, 0x00, 0x00, 0x00, 0x08, 0x00, 0xe0, 0x03, 0x60, 0x00, 0xbd, 0x27, 0xa0, 0xff, 0xbd, 0x27, 
	0x0e, 0x00, 0x02, 0x24, 0x10, 0x00, 0xa2, 0xa3, 0x00, 0x00, 0x02, 0x3c, 0xb8, 0x39, 0x42, 0x24, 
	0x14, 0x00, 0xa2, 0xaf, 0x00, 0x00, 0x02, 0x3c, 0xa8, 0x3e, 0x42, 0x24, 0x18, 0x00, 0xa2, 0xaf, 
	0x00, 0x00, 0x02, 0x3c, 0xf8, 0x3f, 0x42, 0x24, 0x1c, 0x00, 0xa2, 0xaf, 0x00, 0x00, 0x02, 0x3c, 
	0xf8, 0x39, 0x42, 0x24, 0x20, 0x00, 0xa2, 0xaf, 0x00, 0x00, 0x02, 0x3c, 0x04, 0x3a, 0x42, 0x24, 
	0x24, 0x00, 0xa2, 0xaf, 0x00, 0x00, 0x02, 0x3c, 0x60, 0x3f, 0x42, 0x24, 0x28, 0x00, 0xa2, 0xaf, 
	0x10, 0x00, 0xa4, 0x27, 0x00, 0x00, 0x02, 0x3c, 0x0c, 0x3a, 0x42, 0x24, 0x5c, 0x00, 0xbf, 0xaf, 
	0x2c, 0x00, 0xa2, 0xaf, 0x30, 0x00, 0xa0, 0xaf, 0x34, 0x00, 0xa0, 0xaf, 0x38, 0x00, 0xa0, 0xaf, 
	0x3c, 0x00, 0xa0, 0xaf, 0x40, 0x00, 0xa0, 0xaf, 0x44, 0x00, 0xa0, 0xaf, 0x48, 0x00, 0xa0, 0xaf, 
	0x4c, 0x00, 0xa0, 0xaf, 0x50, 0x00, 0xa0, 0xaf, 0xbb, 0xfd, 0x11, 0x04, 0x54, 0x00, 0xa0, 0xaf, 
	0x5c, 0x00, 0xbf, 0x8f, 0x00, 0x00, 0x00, 0x00, 0x08, 0x00, 0xe0, 0x03, 0x60, 0x00, 0xbd, 0x27, 
	0xa0, 0xff, 0xbd, 0x27, 0x0f, 0x00, 0x02, 0x24, 0x10, 0x00, 0xa2, 0xa3, 0x00, 0x00, 0x02, 0x3c, 
	0x50, 0x3a, 0x42, 0x24, 0x14, 0x00, 0xa2, 0xaf, 0x00, 0x00, 0x02, 0x3c, 0xe4, 0x3c, 0x42, 0x24, 
	0x18, 0x00, 0xa2, 0xaf, 0x00, 0x00, 0x02, 0x3c, 0x10, 0x40, 0x42, 0x24, 0x1c, 0x00, 0xa2, 0xaf, 
	0x00, 0x00, 0x02, 0x3c, 0x1c, 0x3f, 0x42, 0x24, 0x20, 0x00, 0xa2, 0xaf, 0x00, 0x00, 0x02, 0x3c, 
	0x50, 0x3f, 0x42, 0x24, 0x24, 0x00, 0xa2, 0xaf, 0x00, 0x00, 0x02, 0x3c, 0x58, 0x3f, 0x42, 0x24, 
	0x28, 0x00, 0xa2, 0xaf, 0x00, 0x00, 0x02, 0x3c, 0x84, 0x3a, 0x42, 0x24, 0x30, 0x00, 0xa2, 0xaf, 
	0x00, 0x00, 0x02, 0x3c, 0xbc, 0x3a, 0x42, 0x24, 0x34, 0x00, 0xa2, 0xaf, 0x00, 0x00, 0x02, 0x3c, 
	0xf4, 0x3a, 0x42, 0x24, 0x38, 0x00, 0xa2, 0xaf, 0x00, 0x00, 0x02, 0x3c, 0x2c, 0x3b, 0x42, 0x24, 
	0x3c, 0x00, 0xa2, 0xaf, 0x00, 0x00, 0x02, 0x3c, 0x64, 0x3b, 0x42, 0x24, 0x40, 0x00, 0xa2, 0xaf, 
	0x00, 0x00, 0x02, 0x3c, 0x9c, 0x3b, 0x42, 0x24, 0x44, 0x00, 0xa2, 0xaf, 0x00, 0x00, 0x02, 0x3c, 
	0xd4, 0x3b, 0x42, 0x24, 0x48, 0x00, 0xa2, 0xaf, 0x00, 0x00, 0x02, 0x3c, 0x08, 0x3c, 0x42, 0x24, 
	0x4c, 0x00, 0xa2, 0xaf, 0x00, 0x00, 0x02, 0x3c, 0x3c, 0x3c, 0x42, 0x24, 0x50, 0x00, 0xa2, 0xaf, 
	0x10, 0x00, 0xa4, 0x27, 0x00, 0x00, 0x02, 0x3c, 0x70, 0x3c, 0x42, 0x24, 0x5c, 0x00, 0xbf, 0xaf, 
	0x2c, 0x00, 0xa0, 0xaf, 0x80, 0xfd, 0x11, 0x04, 0x54, 0x00, 0xa2, 0xaf, 0x5c, 0x00, 0xbf, 0x8f, 
	0x00, 0x00, 0x00, 0x00, 0x08, 0x00, 0xe0, 0x03, 0x60, 0x00, 0xbd, 0x27, 0x01, 0x00, 0x06, 0x3c, 
	0x60, 0x87, 0xc6, 0x8c, 0x02, 0x21, 0x04, 0x00, 0x01, 0x00, 0x03, 0x3c, 0x64, 0x87, 0x63, 0x24, 
	0x25, 0x10, 0x00, 0x00, 0x2a, 0x28, 0x46, 0x00, 0x03, 0x00, 0xa0, 0x14, 0x00, 0x00, 0x00, 0x00, 
	0x08, 0x00, 0xe0, 0x03, 0x25, 0x10, 0x00, 0x00, 0x00, 0x00, 0x65, 0x90, 0x00, 0x00, 0x00, 0x00, 
	0x03, 0x00, 0xa4, 0x10, 0x48, 0x00, 0x63, 0x24, 0xf6, 0xff, 0x00, 0x10, 0x01, 0x00, 0x42, 0x24, 
	0x08, 0x00, 0xe0, 0x03, 0x01, 0x00, 0x02, 0x24, 0x01, 0x00, 0x09, 0x3c, 0x60, 0x87, 0x29, 0x8d, 
	0x02, 0x39, 0x04, 0x00, 0x01, 0x00, 0x02, 0x3c, 0x64, 0x87, 0x42, 0x24, 0x25, 0x20, 0xa0, 0x00, 
	0x25, 0x18, 0x00, 0x00, 0x25, 0x28, 0xc0, 0x00, 0x2a, 0x40, 0x69, 0x00, 0x03, 0x00, 0x00, 0x15, 
	0x00, 0x00, 0x00, 0x00, 0x08, 0x00, 0xe0, 0x03, 0x25, 0x10, 0x00, 0x00, 0x00, 0x00, 0x46, 0x90, 
	0x00, 0x00, 0x00, 0x00, 0x07, 0x00, 0xc7, 0x14, 0x00, 0x00, 0x00, 0x00, 0x08, 0x00, 0x59, 0x8c, 
	0x00, 0x00, 0x00, 0x00, 0x04, 0x00, 0x20, 0x13, 0x01, 0x00, 0x63, 0x24, 0x08, 0x00, 0x20, 0x03, 
	0xff, 0xff, 0x63, 0x24, 0x01, 0x00, 0x63, 0x24, 0xef, 0xff, 0x00, 0x10, 0x48, 0x00, 0x42, 0x24, 
	0x01, 0x00, 0x08, 0x3c, 0x60, 0x87, 0x08, 0x8d, 0x02, 0x31, 0x04, 0x00, 0x01, 0x00, 0x02, 0x3c, 
	0x64, 0x87, 0x42, 0x24, 0x25, 0x20, 0xa0, 0x00, 0x25, 0x18, 0x00, 0x00, 0x2a, 0x38, 0x68, 0x00, 
	0x03, 0x00, 0xe0, 0x14, 0x00, 0x00, 0x00, 0x00, 0x08, 0x00, 0xe0, 0x03, 0x25, 0x10, 0x00, 0x00, 
	0x00, 0x00, 0x45, 0x90, 0x00, 0x00, 0x00, 0x00, 0x07, 0x00, 0xa6, 0x14, 0x00, 0x00, 0x00, 0x00, 
	0x0c, 0x00, 0x59, 0x8c, 0x00, 0x00, 0x00, 0x00, 0x04, 0x00, 0x20, 0x13, 0x01, 0x00, 0x63, 0x24, 
	0x08, 0x00, 0x20, 0x03, 0xff, 0xff, 0x63, 0x24, 0x01, 0x00, 0x63, 0x24, 0xef, 0xff, 0x00, 0x10, 
	0x48, 0x00, 0x42, 0x24, 0x01, 0x00, 0x08, 0x3c, 0x60, 0x87, 0x08, 0x8d, 0x02, 0x31, 0x04, 0x00, 
	0x01, 0x00, 0x02, 0x3c, 0x64, 0x87, 0x42, 0x24, 0x25, 0x20, 0xa0, 0x00, 0x25, 0x18, 0x00, 0x00, 
	0x2a, 0x38, 0x68, 0x00, 0x03, 0x00, 0xe0, 0x14, 0x00, 0x00, 0x00, 0x00, 0x08, 0x00, 0xe0, 0x03, 
	0x00, 0x00, 0x00, 0x00, 0x00, 0x00, 0x45, 0x90, 0x00, 0x00, 0x00, 0x00, 0x07, 0x00, 0xa6, 0x14, 
	0x00, 0x00, 0x00, 0x00, 0x04, 0x00, 0x59, 0x8c, 0x00, 0x00, 0x00, 0x00, 0x04, 0x00, 0x20, 0x13, 
	0x01, 0x00, 0x63, 0x24, 0x08, 0x00, 0x20, 0x03, 0xff, 0xff, 0x63, 0x24, 0x01, 0x00, 0x63, 0x24, 
	0xef, 0xff, 0x00, 0x10, 0x48, 0x00, 0x42, 0x24, 0x01, 0x00, 0x08, 0x3c, 0x60, 0x87, 0x08, 0x8d, 
	0x02, 0x31, 0x04, 0x00, 0x01, 0x00, 0x02, 0x3c, 0x64, 0x87, 0x42, 0x24, 0x25, 0x20, 0xa0, 0x00, 
	0x25, 0x18, 0x00, 0x00, 0x2a, 0x38, 0x68, 0x00, 0x03, 0x00, 0xe0, 0x14, 0x00, 0x00, 0x00, 0x00, 
	0x08, 0x00, 0xe0, 0x03, 0x25, 0x10, 0x00, 0x00, 0x00, 0x00, 0x45, 0x90, 0x00, 0x00, 0x00, 0x00, 
	0x07, 0x00, 0xa6, 0x14, 0x00, 0x00, 0x00, 0x00, 0x1c, 0x00, 0x59, 0x8c, 0x00, 0x00, 0x00, 0x00, 
	0x04, 0x00, 0x20, 0x13, 0x01, 0x00, 0x63, 0x24, 0x08, 0x00, 0x20, 0x03, 0xff, 0xff, 0x63, 0x24, 
	0x01, 0x00, 0x63, 0x24, 0xef, 0xff, 0x00, 0x10, 0x48, 0x00, 0x42, 0x24, 0x01, 0x00, 0x08, 0x3c, 
	0x60, 0x87, 0x08, 0x8d, 0x02, 0x31, 0x04, 0x00, 0x01, 0x00, 0x02, 0x3c, 0x64, 0x87, 0x42, 0x24, 
	0x25, 0x20, 0xa0, 0x00, 0x25, 0x18, 0x00, 0x00, 0x2a, 0x38, 0x68, 0x00, 0x03, 0x00, 0xe0, 0x14, 
	0x00, 0x00, 0x00, 0x00, 0x08, 0x00, 0xe0, 0x03, 0x25, 0x10, 0x00, 0x00, 0x00, 0x00, 0x45, 0x90, 
	0x00, 0x00, 0x00, 0x00, 0x07, 0x00, 0xa6, 0x14, 0x00, 0x00, 0x00, 0x00, 0x24, 0x00, 0x59, 0x8c, 
	0x00, 0x00, 0x00, 0x00, 0x04, 0x00, 0x20, 0x13, 0x01, 0x00, 0x63, 0x24, 0x08, 0x00, 0x20, 0x03, 
	0xff, 0xff, 0x63, 0x24, 0x01, 0x00, 0x63, 0x24, 0xef, 0xff, 0x00, 0x10, 0x48, 0x00, 0x42, 0x24, 
	0x01, 0x00, 0x08, 0x3c, 0x60, 0x87, 0x08, 0x8d, 0x02, 0x31, 0x04, 0x00, 0x01, 0x00, 0x02, 0x3c, 
	0x64, 0x87, 0x42, 0x24, 0x25, 0x20, 0xa0, 0x00, 0x25, 0x18, 0x00, 0x00, 0x2a, 0x38, 0x68, 0x00, 
	0x03, 0x00, 0xe0, 0x14, 0x00, 0x00, 0x00, 0x00, 0x08, 0x00, 0xe0, 0x03, 0x25, 0x10, 0x00, 0x00, 
	0x00, 0x00, 0x45, 0x90, 0x00, 0x00, 0x00, 0x00, 0x07, 0x00, 0xa6, 0x14, 0x00, 0x00, 0x00, 0x00, 
	0x40, 0x00, 0x59, 0x8c, 0x00, 0x00, 0x00, 0x00, 0x04, 0x00, 0x20, 0x13, 0x01, 0x00, 0x63, 0x24, 
	0x08, 0x00, 0x20, 0x03, 0xff, 0xff, 0x63, 0x24, 0x01, 0x00, 0x63, 0x24, 0xef, 0xff, 0x00, 0x10, 
	0x48, 0x00, 0x42, 0x24, 0x01, 0x00, 0x08, 0x3c, 0x60, 0x87, 0x08, 0x8d, 0x02, 0x31, 0x04, 0x00, 
	0x01, 0x00, 0x02, 0x3c, 0x64, 0x87, 0x42, 0x24, 0x25, 0x20, 0xa0, 0x00, 0x25, 0x18, 0x00, 0x00, 
	0x2a, 0x38, 0x68, 0x00, 0x03, 0x00, 0xe0, 0x14, 0x00, 0x00, 0x00, 0x00, 0x08, 0x00, 0xe0, 0x03, 
	0x25, 0x10, 0x00, 0x00, 0x00, 0x00, 0x45, 0x90, 0x00, 0x00, 0x00, 0x00, 0x07, 0x00, 0xa6, 0x14, 
	0x00, 0x00, 0x00, 0x00, 0x28, 0x00, 0x59, 0x8c, 0x00, 0x00, 0x00, 0x00, 0x04, 0x00, 0x20, 0x13, 
	0x01, 0x00, 0x63, 0x24, 0x08, 0x00, 0x20, 0x03, 0xff, 0xff, 0x63, 0x24, 0x01, 0x00, 0x63, 0x24, 
	0xef, 0xff, 0x00, 0x10, 0x48, 0x00, 0x42, 0x24, 0x01, 0x00, 0x08, 0x3c, 0x60, 0x87, 0x08, 0x8d, 
	0x02, 0x31, 0x04, 0x00, 0x01, 0x00, 0x02, 0x3c, 0x64, 0x87, 0x42, 0x24, 0x25, 0x20, 0xa0, 0x00, 
	0x25, 0x18, 0x00, 0x00, 0x2a, 0x38, 0x68, 0x00, 0x03, 0x00, 0xe0, 0x14, 0x00, 0x00, 0x00, 0x00, 
	0x08, 0x00, 0xe0, 0x03, 0x25, 0x10, 0x00, 0x00, 0x00, 0x00, 0x45, 0x90, 0x00, 0x00, 0x00, 0x00, 
	0x07, 0x00, 0xa6, 0x14, 0x00, 0x00, 0x00, 0x00, 0x2c, 0x00, 0x59, 0x8c, 0x00, 0x00, 0x00, 0x00, 
	0x04, 0x00, 0x20, 0x13, 0x01, 0x00, 0x63, 0x24, 0x08, 0x00, 0x20, 0x03, 0xff, 0xff, 0x63, 0x24, 
	0x01, 0x00, 0x63, 0x24, 0xef, 0xff, 0x00, 0x10, 0x48, 0x00, 0x42, 0x24, 0x01, 0x00, 0x08, 0x3c, 
	0x60, 0x87, 0x08, 0x8d, 0x02, 0x31, 0x04, 0x00, 0x01, 0x00, 0x02, 0x3c, 0x64, 0x87, 0x42, 0x24, 
	0x25, 0x20, 0xa0, 0x00, 0x25, 0x18, 0x00, 0x00, 0x2a, 0x38, 0x68, 0x00, 0x03, 0x00, 0xe0, 0x14, 
	0x00, 0x00, 0x00, 0x00, 0x08, 0x00, 0xe0, 0x03, 0x25, 0x10, 0x00, 0x00, 0x00, 0x00, 0x45, 0x90, 
	0x00, 0x00, 0x00, 0x00, 0x07, 0x00, 0xa6, 0x14, 0x00, 0x00, 0x00, 0x00, 0x30, 0x00, 0x59, 0x8c, 
	0x00, 0x00, 0x00, 0x00, 0x04, 0x00, 0x20, 0x13, 0x01, 0x00, 0x63, 0x24, 0x08, 0x00, 0x20, 0x03, 
	0xff, 0xff, 0x63, 0x24, 0x01, 0x00, 0x63, 0x24, 0xef, 0xff, 0x00, 0x10, 0x48, 0x00, 0x42, 0x24, 
	0x01, 0x00, 0x08, 0x3c, 0x60, 0x87, 0x08, 0x8d, 0x02, 0x31, 0x04, 0x00, 0x01, 0x00, 0x02, 0x3c, 
	0x64, 0x87, 0x42, 0x24, 0x25, 0x20, 0xa0, 0x00, 0x25, 0x18, 0x00, 0x00, 0x2a, 0x38, 0x68, 0x00, 
	0x03, 0x00, 0xe0, 0x14, 0x00, 0x00, 0x00, 0x00, 0x08, 0x00, 0xe0, 0x03, 0x25, 0x10, 0x00, 0x00, 
	0x00, 0x00, 0x45, 0x90, 0x00, 0x00, 0x00, 0x00, 0x07, 0x00, 0xa6, 0x14, 0x00, 0x00, 0x00, 0x00, 
	0x20, 0x00, 0x59, 0x8c, 0x00, 0x00, 0x00, 0x00, 0x04, 0x00, 0x20, 0x13, 0x01, 0x00, 0x63, 0x24, 
	0x08, 0x00, 0x20, 0x03, 0xff, 0xff, 0x63, 0x24, 0x01, 0x00, 0x63, 0x24, 0xef, 0xff, 0x00, 0x10, 
	0x48, 0x00, 0x42, 0x24, 0x01, 0x00, 0x08, 0x3c, 0x60, 0x87, 0x08, 0x8d, 0x02, 0x31, 0x04, 0x00, 
	0x01, 0x00, 0x02, 0x3c, 0x64, 0x87, 0x42, 0x24, 0x25, 0x20, 0xa0, 0x00, 0x25, 0x18, 0x00, 0x00, 
	0x2a, 0x38, 0x68, 0x00, 0x03, 0x00, 0xe0, 0x14, 0x00, 0x00, 0x00, 0x00, 0x08, 0x00, 0xe0, 0x03, 
	0x25, 0x10, 0x00, 0x00, 0x00, 0x00, 0x45, 0x90, 0x00, 0x00, 0x00, 0x00, 0x07, 0x00, 0xa6, 0x14, 
	0x00, 0x00, 0x00, 0x00, 0x44, 0x00, 0x59, 0x8c, 0x00, 0x00, 0x00, 0x00, 0x04, 0x00, 0x20, 0x13, 
	0x01, 0x00, 0x63, 0x24, 0x08, 0x00, 0x20, 0x03, 0xff, 0xff, 0x63, 0x24, 0x01, 0x00, 0x63, 0x24, 
	0xef, 0xff, 0x00, 0x10, 0x48, 0x00, 0x42, 0x24, 0x01, 0x00, 0x08, 0x3c, 0x60, 0x87, 0x08, 0x8d, 
	0x02, 0x31, 0x04, 0x00, 0x01, 0x00, 0x02, 0x3c, 0x64, 0x87, 0x42, 0x24, 0x25, 0x20, 0xa0, 0x00, 
	0x25, 0x18, 0x00, 0x00, 0x2a, 0x38, 0x68, 0x00, 0x03, 0x00, 0xe0, 0x14, 0x00, 0x00, 0x00, 0x00, 
	0x08, 0x00, 0xe0, 0x03, 0x25, 0x10, 0x00, 0x00, 0x00, 0x00, 0x45, 0x90, 0x00, 0x00, 0x00, 0x00, 
	0x07, 0x00, 0xa6, 0x14, 0x00, 0x00, 0x00, 0x00, 0x34, 0x00, 0x59, 0x8c, 0x00, 0x00, 0x00, 0x00, 
	0x04, 0x00, 0x20, 0x13, 0x01, 0x00, 0x63, 0x24, 0x08, 0x00, 0x20, 0x03, 0xff, 0xff, 0x63, 0x24, 
	0x01, 0x00, 0x63, 0x24, 0xef, 0xff, 0x00, 0x10, 0x48, 0x00, 0x42, 0x24, 0x01, 0x00, 0x08, 0x3c, 
	0x60, 0x87, 0x08, 0x8d, 0x02, 0x31, 0x04, 0x00, 0x01, 0x00, 0x02, 0x3c, 0x64, 0x87, 0x42, 0x24, 
	0x25, 0x20, 0xa0, 0x00, 0x25, 0x18, 0x00, 0x00, 0x2a, 0x38, 0x68, 0x00, 0x03, 0x00, 0xe0, 0x14, 
	0x00, 0x00, 0x00, 0x00, 0x08, 0x00, 0xe0, 0x03, 0x25, 0x10, 0x00, 0x00, 0x00, 0x00, 0x45, 0x90, 
	0x00, 0x00, 0x00, 0x00, 0x07, 0x00, 0xa6, 0x14, 0x00, 0x00, 0x00, 0x00, 0x3c, 0x00, 0x59, 0x8c, 
	0x00, 0x00, 0x00, 0x00, 0x04, 0x00, 0x20, 0x13, 0x01, 0x00, 0x63, 0x24, 0x08, 0x00, 0x20, 0x03, 
	0xff, 0xff, 0x63, 0x24, 0x01, 0x00, 0x63, 0x24, 0xef, 0xff, 0x00, 0x10, 0x48, 0x00, 0x42, 0x24, 
	0x01, 0x00, 0x08, 0x3c, 0x60, 0x87, 0x08, 0x8d, 0x02, 0x31, 0x04, 0x00, 0x01, 0x00, 0x02, 0x3c, 
	0x64, 0x87, 0x42, 0x24, 0x25, 0x20, 0xa0, 0x00, 0x25, 0x18, 0x00, 0x00, 0x2a, 0x38, 0x68, 0x00, 
	0x03, 0x00, 0xe0, 0x14, 0x00, 0x00, 0x00, 0x00, 0x08, 0x00, 0xe0, 0x03, 0x25, 0x10, 0x00, 0x00, 
	0x00, 0x00, 0x45, 0x90, 0x00, 0x00, 0x00, 0x00, 0x07, 0x00, 0xa6, 0x14, 0x00, 0x00, 0x00, 0x00, 
	0x38, 0x00, 0x59, 0x8c, 0x00, 0x00, 0x00, 0x00, 0x04, 0x00, 0x20, 0x13, 0x01, 0x00, 0x63, 0x24, 
	0x08, 0x00, 0x20, 0x03, 0xff, 0xff, 0x63, 0x24, 0x01, 0x00, 0x63, 0x24, 0xef, 0xff, 0x00, 0x10, 
	0x48, 0x00, 0x42, 0x24, 0x00, 0x00, 0x00, 0x00, 0x00, 0x00, 0x00, 0x00, 0x00, 0x00, 0x00, 0x00, 
	0x68, 0x00, 0x02, 0x24, 0x18, 0x00, 0xc2, 0x00, 0xa0, 0x01, 0x02, 0x24, 0x01, 0x00, 0x07, 0x3c, 
	0xa8, 0x8e, 0xe7, 0x24, 0x01, 0x00, 0x03, 0x3c, 0x14, 0x8e, 0x63, 0x24, 0x12, 0x40, 0x00, 0x00, 
	0x00, 0x00, 0x00, 0x00, 0x00, 0x00, 0x00, 0x00, 0x18, 0x00, 0xa2, 0x00, 0x12, 0x48, 0x00, 0x00, 
	0x21, 0x10, 0x09, 0x01, 0x21, 0x10, 0xe2, 0x00, 0x10, 0x00, 0x4a, 0x8c, 0x00, 0x00, 0x00, 0x00, 
	0x0f, 0x00, 0x40, 0x11, 0x00, 0x00, 0x00, 0x00, 0x21, 0x40, 0xe8, 0x00, 0x21, 0x40, 0x09, 0x01, 
	0x25, 0x10, 0x00, 0x00, 0x6c, 0x00, 0x6c, 0x8c, 0x74, 0x00, 0x69, 0x8c, 0x18, 0x00, 0x0b, 0x91, 
	0x21, 0x48, 0x2c, 0x01, 0x00, 0x00, 0x2b, 0xa1, 0x6c, 0x00, 0x69, 0x8c, 0x01, 0x00, 0x42, 0x24, 
	0x01, 0x00, 0x29, 0x25, 0x6c, 0x00, 0x69, 0xac, 0xf6, 0xff, 0x42, 0x15, 0x01, 0x00, 0x08, 0x25, 
	0x68, 0x00, 0x02, 0x24, 0x18, 0x00, 0xc2, 0x00, 0xa0, 0x01, 0x06, 0x24, 0x12, 0x10, 0x00, 0x00, 
	0x00, 0x00, 0x00, 0x00, 0x00, 0x00, 0x00, 0x00, 0x18, 0x00, 0xa6, 0x00, 0x12, 0x30, 0x00, 0x00, 
	0x21, 0x10, 0x46, 0x00, 0x21, 0x30, 0xe2, 0x00, 0x14, 0x00, 0xc7, 0x8c, 0x70, 0x00, 0x62, 0x8c, 
	0x00, 0x00, 0x00, 0x00, 0x21, 0x10, 0x47, 0x00, 0x70, 0x00, 0x62, 0xac, 0x58, 0x00, 0xc7, 0x8c, 
	0x80, 0x10, 0x05, 0x00, 0x21, 0x10, 0x62, 0x00, 0x04, 0x00, 0x47, 0xac, 0x04, 0x00, 0xa2, 0x24, 
	0x5c, 0x00, 0xc7, 0x8c, 0x80, 0x10, 0x02, 0x00, 0x21, 0x10, 0x62, 0x00, 0x04, 0x00, 0x47, 0xac, 
	0x60, 0x00, 0xc7, 0x8c, 0x0a, 0x00, 0x82, 0x24, 0xfc, 0xff, 0x06, 0x24, 0x24, 0x30, 0xc7, 0x00, 
	0x80, 0x10, 0x02, 0x00, 0x03, 0x00, 0xa5, 0x30, 0x21, 0x10, 0x62, 0x00, 0x25, 0x28, 0xc5, 0x00, 
	0x00, 0x00, 0x45, 0xac, 0x0b, 0x00, 0x82, 0x24, 0x80, 0x10, 0x02, 0x00, 0x21, 0x18, 0x62, 0x00, 
	0x00, 0x00, 0x60, 0xac, 0x08, 0x00, 0xe0, 0x03, 0x01, 0x00, 0x82, 0x24, 0xff, 0xff, 0x02, 0x24, 
	0x01, 0x00, 0x01, 0x3c, 0xf4, 0x8b, 0x22, 0xac, 0x01, 0x00, 0x01, 0x3c, 0xf8, 0x8b, 0x22, 0xac, 
	0x01, 0x00, 0x01, 0x3c, 0xfc, 0x8b, 0x22, 0xac, 0x01, 0x00, 0x01, 0x3c, 0x00, 0x8c, 0x22, 0xac, 
	0x68, 0x00, 0x02, 0x24, 0x18, 0x00, 0x82, 0x00, 0x01, 0x00, 0x02, 0x3c, 0xa8, 0x8e, 0x42, 0x24, 
	0x12, 0x18, 0x00, 0x00, 0x21, 0x10, 0x43, 0x00, 0x00, 0x00, 0x43, 0x8c, 0xa0, 0x01, 0x42, 0x8c, 
	0x05, 0x00, 0x60, 0x14, 0x01, 0x00, 0x05, 0x24, 0x08, 0x00, 0x40, 0x14, 0x01, 0x00, 0x03, 0x24, 
	0x08, 0x00, 0xe0, 0x03, 0x00, 0x00, 0x00, 0x00, 0x03, 0x00, 0x65, 0x14, 0x00, 0x00, 0x00, 0x00, 
	0x01, 0x00, 0x01, 0x3c, 0xf4, 0x8b, 0x24, 0xac, 0x01, 0x00, 0x03, 0x24, 0x03, 0x00, 0x43, 0x14, 
	0x00, 0x00, 0x00, 0x00, 0x01, 0x00, 0x01, 0x3c, 0xf8, 0x8b, 0x24, 0xac, 0x01, 0x00, 0x04, 0x3c, 
	0xf4, 0x8b, 0x84, 0x24, 0xd4, 0xee, 0x00, 0x10, 0x00, 0x00, 0x00, 0x00, 0x02, 0x00, 0x80, 0x14, 
	0x00, 0x00, 0x00, 0x00, 0x41, 0x00, 0x04, 0x24, 0x0f, 0x00, 0x84, 0x30, 0x40, 0x10, 0x04, 0x00, 
	0x08, 0x00, 0xe0, 0x03, 0x03, 0x00, 0x42, 0x24, 0xf8, 0xff, 0x00, 0x10, 0x00, 0x00, 0x00, 0x00, 
	0xe8, 0xff, 0xbd, 0x27, 0x14, 0x00, 0xbf, 0xaf, 0xf4, 0xff, 0x11, 0x04, 0xff, 0x00, 0x84, 0x30, 
	0x80, 0x1a, 0x02, 0x00, 0x14, 0x00, 0xbf, 0x8f, 0x21, 0x10, 0x62, 0x00, 0x00, 0x12, 0x02, 0x00, 
	0x40, 0x00, 0x42, 0x34, 0x08, 0x00, 0xe0, 0x03, 0x18, 0x00, 0xbd, 0x27, 0x02, 0x00, 0x83, 0x2c, 
	0x0f, 0x00, 0x60, 0x10, 0x25, 0x10, 0x00, 0x00, 0x68, 0x00, 0x02, 0x24, 0x18, 0x00, 0xa2, 0x00, 
	0xa0, 0x01, 0x03, 0x24, 0x12, 0x10, 0x00, 0x00, 0x00, 0x00, 0x00, 0x00, 0x00, 0x00, 0x00, 0x00, 
	0x18, 0x00, 0x83, 0x00, 0x12, 0x18, 0x00, 0x00, 0x21, 0x18, 0x43, 0x00, 0x01, 0x00, 0x02, 0x3c, 
	0xa8, 0x8e, 0x42, 0x24, 0x21, 0x10, 0x43, 0x00, 0x60, 0x00, 0x46, 0xac, 0x01, 0x00, 0x02, 0x24, 
	0x08, 0x00, 0xe0, 0x03, 0x00, 0x00, 0x00, 0x00, 0x68, 0x00, 0x02, 0x24, 0x18, 0x00, 0xa2, 0x00, 
	0xa0, 0x01, 0x03, 0x24, 0x12, 0x10, 0x00, 0x00, 0x00, 0x00, 0x00, 0x00, 0x00, 0x00, 0x00, 0x00, 
	0x18, 0x00, 0x83, 0x00, 0x12, 0x18, 0x00, 0x00, 0x21, 0x10, 0x43, 0x00, 0x01, 0x00, 0x03, 0x3c, 
	0xa8, 0x8e, 0x63, 0x24, 0x21, 0x18, 0x62, 0x00, 0x00, 0x00, 0x62, 0x8c, 0x08, 0x00, 0xe0, 0x03, 
	0x00, 0x00, 0x66, 0xac, 0x68, 0x00, 0x02, 0x24, 0x18, 0x00, 0xa2, 0x00, 0xa0, 0x01, 0x03, 0x24, 
	0x12, 0x10, 0x00, 0x00, 0x00, 0x00, 0x00, 0x00, 0x00, 0x00, 0x00, 0x00, 0x18, 0x00, 0x83, 0x00, 
	0x12, 0x18, 0x00, 0x00, 0x21, 0x18, 0x43, 0x00, 0x01, 0x00, 0x02, 0x3c, 0xa8, 0x8e, 0x42, 0x24, 
	0x21, 0x10, 0x43, 0x00, 0x00, 0x00, 0x42, 0x8c, 0x08, 0x00, 0xe0, 0x03, 0x00, 0x00, 0x00, 0x00, 
	0x68, 0x00, 0x02, 0x24, 0x18, 0x00, 0xa2, 0x00, 0xa0, 0x01, 0x03, 0x24, 0x12, 0x10, 0x00, 0x00, 
	0x00, 0x00, 0x00, 0x00, 0x00, 0x00, 0x00, 0x00, 0x18, 0x00, 0x83, 0x00, 0x12, 0x18, 0x00, 0x00, 
	0x21, 0x10, 0x43, 0x00, 0x01, 0x00, 0x03, 0x3c, 0xa8, 0x8e, 0x63, 0x24, 0x21, 0x18, 0x62, 0x00, 
	0x0c, 0x00, 0x62, 0x8c, 0x08, 0x00, 0xe0, 0x03, 0x0c, 0x00, 0x66, 0xac, 0x00, 0x00, 0xa3, 0x8c, 
	0x01, 0x00, 0x02, 0x3c, 0x04, 0x10, 0x82, 0x00, 0x24, 0x10, 0x43, 0x00, 0x08, 0x00, 0xe0, 0x03, 
	0x2b, 0x10, 0x02, 0x00, 0x01, 0x00, 0x02, 0x3c, 0x04, 0x18, 0x82, 0x00, 0x01, 0x00, 0x04, 0x3c, 
	0x14, 0x8e, 0x84, 0x24, 0x00, 0x00, 0x82, 0x8c, 0x00, 0x20, 0x63, 0x34, 0x24, 0x18, 0x62, 0x00, 
	0x01, 0x00, 0x02, 0x3c, 0xa8, 0x8e, 0x42, 0x24, 0x0e, 0x00, 0x60, 0x10, 0x68, 0x00, 0x03, 0x24, 
	0x18, 0x00, 0xc3, 0x00, 0xa0, 0x01, 0x04, 0x24, 0x12, 0x18, 0x00, 0x00, 0x00, 0x00, 0x00, 0x00, 
	0x00, 0x00, 0x00, 0x00, 0x18, 0x00, 0xa4, 0x00, 0x12, 0x20, 0x00, 0x00, 0x21, 0x18, 0x64, 0x00, 
	0x21, 0x10, 0x43, 0x00, 0x01, 0x00, 0x03, 0x24, 0x64, 0x00, 0x43, 0xac, 0x08, 0x00, 0xe0, 0x03, 
	0x25, 0x10, 0x00, 0x00, 0x18, 0x00, 0xc3, 0x00, 0xa0, 0x01, 0x03, 0x24, 0x12, 0x38, 0x00, 0x00, 
	0x00, 0x00, 0x00, 0x00, 0x00, 0x00, 0x00, 0x00, 0x18, 0x00, 0xa3, 0x00, 0x12, 0x28, 0x00, 0x00, 
	0x21, 0x18, 0xe5, 0x00, 0x21, 0x18, 0x43, 0x00, 0x14, 0x00, 0x66, 0x8c, 0x00, 0x00, 0x00, 0x00, 
	0x0e, 0x00, 0xc0, 0x10, 0x64, 0x00, 0x60, 0xac, 0x21, 0x10, 0x47, 0x00, 0x78, 0x00, 0x88, 0x8c, 
	0x21, 0x10, 0x45, 0x00, 0x25, 0x28, 0x00, 0x00, 0x70, 0x00, 0x83, 0x8c, 0x01, 0x00, 0xa5, 0x24, 
	0x21, 0x38, 0x03, 0x01, 0x00, 0x00, 0xe7, 0x90, 0x01, 0x00, 0x63, 0x24, 0x38, 0x00, 0x47, 0xa0, 
	0x70, 0x00, 0x83, 0xac, 0xf8, 0xff, 0xa6, 0x14, 0x01, 0x00, 0x42, 0x24, 0x08, 0x00, 0xe0, 0x03, 
	0x01, 0x00, 0x02, 0x24, 0xd8, 0xff, 0xbd, 0x27, 0x01, 0x00, 0x01, 0x3c, 0x80, 0x8e, 0x20, 0xac, 
	0x01, 0x00, 0x01, 0x3c, 0x84, 0x8e, 0x20, 0xac, 0x1c, 0x00, 0xb3, 0xaf, 0x14, 0x00, 0xb1, 0xaf, 
	0x10, 0x00, 0xb0, 0xaf, 0x24, 0x00, 0xbf, 0xaf, 0x20, 0x00, 0xb4, 0xaf, 0x18, 0x00, 0xb2, 0xaf, 
	0x01, 0x00, 0x01, 0x3c, 0x90, 0x8e, 0x20, 0xac, 0x01, 0x00, 0x01, 0x3c, 0x9c, 0x8e, 0x20, 0xac, 
	0x2d, 0xee, 0x11, 0x04, 0x25, 0x80, 0x80, 0x00, 0x68, 0x00, 0x03, 0x24, 0x18, 0x00, 0x03, 0x02, 
	0x01, 0x00, 0x13, 0x3c, 0xa8, 0x8e, 0x73, 0x26, 0x02, 0x21, 0x02, 0x00, 0x42, 0x11, 0x02, 0x00, 
	0x01, 0x00, 0x42, 0x30, 0x01, 0x00, 0x84, 0x30, 0x12, 0x18, 0x00, 0x00, 0x21, 0x18, 0x63, 0x02, 
	0x00, 0x00, 0x71, 0x8c, 0xac, 0x01, 0x62, 0xac, 0x01, 0x00, 0x02, 0x24, 0x61, 0x00, 0x22, 0x16, 
	0x0c, 0x00, 0x64, 0xac, 0x01, 0x00, 0x02, 0x3c, 0x04, 0x8c, 0x42, 0x8c, 0x00, 0x00, 0x00, 0x00, 
	0x5c, 0x00, 0x51, 0x14, 0x25, 0x20, 0x00, 0x00, 0x25, 0x30, 0x00, 0x02, 0xe0, 0xfe, 0x11, 0x04, 
	0x25, 0x28, 0x00, 0x00, 0x25, 0x20, 0x40, 0x00, 0x01, 0x00, 0x14, 0x24, 0x68, 0x00, 0x02, 0x24, 
	0x18, 0x00, 0x02, 0x02, 0x12, 0x10, 0x00, 0x00, 0x21, 0x10, 0x62, 0x02, 0xa0, 0x01, 0x4d, 0x8c, 
	0x01, 0x00, 0x02, 0x24, 0x58, 0x00, 0xa2, 0x15, 0x00, 0x00, 0x00, 0x00, 0x01, 0x00, 0x02, 0x3c, 
	0x08, 0x8c, 0x42, 0x8c, 0x00, 0x00, 0x00, 0x00, 0x57, 0x00, 0x4d, 0x14, 0x25, 0x30, 0x00, 0x02, 
	0xcf, 0xfe, 0x11, 0x04, 0x01, 0x00, 0x05, 0x24, 0x4c, 0x00, 0x2d, 0x16, 0x25, 0x90, 0x80, 0x00, 
	0x25, 0x20, 0x40, 0x00, 0x01, 0x00, 0x03, 0x3c, 0x04, 0x8c, 0x63, 0x8c, 0x01, 0x00, 0x02, 0x24, 
	0x06, 0x00, 0x62, 0x10, 0x68, 0x00, 0x02, 0x24, 0x18, 0x00, 0x02, 0x02, 0x0a, 0x00, 0x03, 0x24, 
	0x12, 0x10, 0x00, 0x00, 0x21, 0x10, 0x62, 0x02, 0x64, 0x00, 0x43, 0xac, 0x01, 0x00, 0x02, 0x24, 
	0x0c, 0x00, 0xa2, 0x15, 0x00, 0x00, 0x00, 0x00, 0x01, 0x00, 0x03, 0x3c, 0x08, 0x8c, 0x63, 0x8c, 
	0x01, 0x00, 0x02, 0x24, 0x07, 0x00, 0x62, 0x10, 0x00, 0x00, 0x00, 0x00, 0x68, 0x00, 0x02, 0x24, 
	0x18, 0x00, 0x02, 0x02, 0x0a, 0x00, 0x03, 0x24, 0x12, 0x10, 0x00, 0x00, 0x21, 0x10, 0x62, 0x02, 
	0x04, 0x02, 0x43, 0xac, 0x22, 0x00, 0x80, 0x10, 0x00, 0x00, 0x00, 0x00, 0x01, 0x00, 0x04, 0x3c, 
	0x14, 0x8e, 0x84, 0x24, 0xe8, 0xed, 0x11, 0x04, 0x00, 0x00, 0x00, 0x00, 0x01, 0x00, 0x01, 0x3c, 
	0x84, 0x8e, 0x20, 0xac, 0x0d, 0x00, 0x80, 0x12, 0x01, 0x00, 0x02, 0x24, 0x25, 0x30, 0x00, 0x02, 
	0x25, 0x28, 0x00, 0x00, 0x6b, 0xff, 0x11, 0x04, 0x25, 0x20, 0x00, 0x00, 0x68, 0x00, 0x02, 0x24, 
	0x18, 0x00, 0x02, 0x02, 0x12, 0x10, 0x00, 0x00, 0x21, 0x10, 0x62, 0x02, 0x14, 0x00, 0x42, 0x8c, 
	0x01, 0x00, 0x01, 0x3c, 0x84, 0x8e, 0x22, 0xac, 0x01, 0x00, 0x02, 0x24, 0x0b, 0x00, 0x22, 0x16, 
	0x25, 0x30, 0x00, 0x02, 0x01, 0x00, 0x05, 0x24, 0x5e, 0xff, 0x11, 0x04, 0x25, 0x20, 0x40, 0x02, 
	0x68, 0x00, 0x02, 0x24, 0x18, 0x00, 0x02, 0x02, 0x12, 0x10, 0x00, 0x00, 0x21, 0x10, 0x62, 0x02, 
	0xb4, 0x01, 0x42, 0x8c, 0x01, 0x00, 0x01, 0x3c, 0x84, 0x8e, 0x22, 0xac, 0x01, 0x00, 0x04, 0x24, 
	0x24, 0x00, 0xbf, 0x8f, 0x20, 0x00, 0xb4, 0x8f, 0x1c, 0x00, 0xb3, 0x8f, 0x18, 0x00, 0xb2, 0x8f, 
	0x14, 0x00, 0xb1, 0x8f, 0x10, 0x00, 0xb0, 0x8f, 0x25, 0x10, 0x80, 0x00, 0x08, 0x00, 0xe0, 0x03, 
	0x28, 0x00, 0xbd, 0x27, 0x25, 0xa0, 0x00, 0x00, 0xa8, 0xff, 0x00, 0x10, 0x25, 0x20, 0x00, 0x00, 
	0x25, 0x88, 0x00, 0x00, 0xb7, 0xff, 0x00, 0x10, 0x25, 0x90, 0x00, 0x00, 0x01, 0x00, 0x11, 0x24, 
	0xc1, 0xff, 0x00, 0x10, 0x25, 0x20, 0x40, 0x00, 0xf9, 0xff, 0x22, 0x12, 0x25, 0x88, 0x00, 0x00, 
	0xc8, 0xff, 0x00, 0x10, 0x25, 0x90, 0x00, 0x00, 0xf5, 0xff, 0x2d, 0x12, 0x25, 0x88, 0x00, 0x00, 
	0xbe, 0xff, 0x00, 0x10, 0x25, 0x90, 0x00, 0x00, 0xd8, 0xff, 0xbd, 0x27, 0x20, 0x00, 0xb3, 0xaf, 
	0x1c, 0x00, 0xb2, 0xaf, 0x18, 0x00, 0xb1, 0xaf, 0x14, 0x00, 0xb0, 0xaf, 0x24, 0x00, 0xbf, 0xaf, 
	0xa7, 0xed, 0x11, 0x04, 0x25, 0x80, 0x00, 0x00, 0x01, 0x00, 0x02, 0x3c, 0xf0, 0x8b, 0x42, 0x8c, 
	0x01, 0x00, 0x11, 0x3c, 0xa8, 0x8e, 0x31, 0x26, 0x01, 0x00, 0x42, 0x24, 0x01, 0x00, 0x01, 0x3c, 
	0xf0, 0x8b, 0x22, 0xac, 0x01, 0x00, 0x12, 0x24, 0x04, 0x00, 0x13, 0x24, 0x00, 0x00, 0x22, 0x8e, 
	0x00, 0x00, 0x00, 0x00, 0x05, 0x00, 0x52, 0x10, 0x00, 0x00, 0x00, 0x00, 0xa0, 0x01, 0x22, 0x8e, 
	0x00, 0x00, 0x00, 0x00, 0x07, 0x00, 0x52, 0x14, 0x00, 0x00, 0x00, 0x00, 0x03, 0x00, 0x00, 0x12, 
	0x00, 0x00, 0x00, 0x00, 0xa1, 0xfe, 0x11, 0x04, 0x25, 0x20, 0x00, 0x02, 0x51, 0xff, 0x11, 0x04, 
	0x25, 0x20, 0x00, 0x02, 0x01, 0x00, 0x10, 0x26, 0xf0, 0xff, 0x13, 0x16, 0x68, 0x00, 0x31, 0x26, 
	0x9a, 0xfe, 0x11, 0x04, 0x25, 0x20, 0x00, 0x00, 0x24, 0x00, 0xbf, 0x8f, 0x20, 0x00, 0xb3, 0x8f, 
	0x1c, 0x00, 0xb2, 0x8f, 0x18, 0x00, 0xb1, 0x8f, 0x14, 0x00, 0xb0, 0x8f, 0x88, 0xed, 0x00, 0x10, 
	0x28, 0x00, 0xbd, 0x27, 0x68, 0x00, 0x02, 0x24, 0x18, 0x00, 0xa2, 0x00, 0xa0, 0x01, 0x03, 0x24, 
	0x12, 0x10, 0x00, 0x00, 0x00, 0x00, 0x00, 0x00, 0x00, 0x00, 0x00, 0x00, 0x18, 0x00, 0x83, 0x00, 
	0x12, 0x18, 0x00, 0x00, 0x21, 0x18, 0x43, 0x00, 0x01, 0x00, 0x02, 0x3c, 0xa8, 0x8e, 0x42, 0x24, 
	0x21, 0x10, 0x43, 0x00, 0x0c, 0x00, 0x42, 0x8c, 0x08, 0x00, 0xe0, 0x03, 0x00, 0x00, 0x00, 0x00, 
	0x01, 0x00, 0x02, 0x3c, 0x14, 0x8d, 0x42, 0x24, 0x01, 0x00, 0x01, 0x3c, 0x88, 0x8e, 0x22, 0xac, 
	0x01, 0x00, 0x02, 0x3c, 0x14, 0x8c, 0x42, 0x24, 0x01, 0x00, 0x01, 0x3c, 0xa8, 0x8e, 0x20, 0xac, 
	0x01, 0x00, 0x01, 0x3c, 0xb4, 0x8e, 0x20, 0xac, 0x01, 0x00, 0x01, 0x3c, 0x10, 0x8f, 0x20, 0xac, 
	0x01, 0x00, 0x01, 0x3c, 0x1c, 0x8f, 0x20, 0xac, 0x01, 0x00, 0x01, 0x3c, 0x78, 0x8f, 0x20, 0xac, 
	0x01, 0x00, 0x01, 0x3c, 0x84, 0x8f, 0x20, 0xac, 0x01, 0x00, 0x01, 0x3c, 0xe0, 0x8f, 0x20, 0xac, 
	0x01, 0x00, 0x01, 0x3c, 0xec, 0x8f, 0x20, 0xac, 0x01, 0x00, 0x01, 0x3c, 0x48, 0x90, 0x20, 0xac, 
	0x01, 0x00, 0x01, 0x3c, 0x54, 0x90, 0x20, 0xac, 0x01, 0x00, 0x01, 0x3c, 0xb0, 0x90, 0x20, 0xac, 
	0x01, 0x00, 0x01, 0x3c, 0xbc, 0x90, 0x20, 0xac, 0x01, 0x00, 0x01, 0x3c, 0x18, 0x91, 0x20, 0xac, 
	0x01, 0x00, 0x01, 0x3c, 0x24, 0x91, 0x20, 0xac, 0x01, 0x00, 0x01, 0x3c, 0x80, 0x91, 0x20, 0xac, 
	0x01, 0x00, 0x01, 0x3c, 0x8c, 0x91, 0x20, 0xac, 0x01, 0x00, 0x01, 0x3c, 0x08, 0x00, 0xe0, 0x03, 
	0x8c, 0x8e, 0x22, 0xac, 0x02, 0x00, 0x83, 0x2c, 0x0e, 0x00, 0x60, 0x10, 0xff, 0xff, 0x02, 0x24, 
	0x68, 0x00, 0x02, 0x24, 0x18, 0x00, 0xa2, 0x00, 0xa0, 0x01, 0x03, 0x24, 0x12, 0x10, 0x00, 0x00, 
	0x00, 0x00, 0x00, 0x00, 0x00, 0x00, 0x00, 0x00, 0x18, 0x00, 0x83, 0x00, 0x12, 0x18, 0x00, 0x00, 
	0x21, 0x18, 0x43, 0x00, 0x01, 0x00, 0x02, 0x3c, 0xa8, 0x8e, 0x42, 0x24, 0x21, 0x10, 0x43, 0x00, 
	0x64, 0x00, 0x42, 0x8c, 0x08, 0x00, 0xe0, 0x03, 0x00, 0x00, 0x00, 0x00, 0x02, 0x00, 0x83, 0x2c, 
	0x0f, 0x00, 0x60, 0x10, 0x25, 0x10, 0x00, 0x00, 0x68, 0x00, 0x02, 0x24, 0x18, 0x00, 0xa2, 0x00, 
	0xa0, 0x01, 0x03, 0x24, 0x12, 0x10, 0x00, 0x00, 0x00, 0x00, 0x00, 0x00, 0x00, 0x00, 0x00, 0x00, 
	0x18, 0x00, 0x83, 0x00, 0x12, 0x18, 0x00, 0x00, 0x21, 0x18, 0x43, 0x00, 0x01, 0x00, 0x02, 0x3c, 
	0xa8, 0x8e, 0x42, 0x24, 0x21, 0x10, 0x43, 0x00, 0x58, 0x00, 0x46, 0xac, 0x01, 0x00, 0x02, 0x24, 
	0x08, 0x00, 0xe0, 0x03, 0x00, 0x00, 0x00, 0x00, 0x02, 0x00, 0x83, 0x2c, 0x0f, 0x00, 0x60, 0x10, 
	0x25, 0x10, 0x00, 0x00, 0x68, 0x00, 0x02, 0x24, 0x18, 0x00, 0xa2, 0x00, 0xa0, 0x01, 0x03, 0x24, 
	0x12, 0x10, 0x00, 0x00, 0x00, 0x00, 0x00, 0x00, 0x00, 0x00, 0x00, 0x00, 0x18, 0x00, 0x83, 0x00, 
	0x12, 0x18, 0x00, 0x00, 0x21, 0x18, 0x43, 0x00, 0x01, 0x00, 0x02, 0x3c, 0xa8, 0x8e, 0x42, 0x24, 
	0x21, 0x10, 0x43, 0x00, 0x5c, 0x00, 0x46, 0xac, 0x01, 0x00, 0x02, 0x24, 0x08, 0x00, 0xe0, 0x03, 
	0x00, 0x00, 0x00, 0x00, 0x02, 0x00, 0x83, 0x2c, 0x0f, 0x00, 0x60, 0x10, 0x25, 0x10, 0xc0, 0x00, 
	0x68, 0x00, 0x03, 0x24, 0x18, 0x00, 0xa3, 0x00, 0xa0, 0x01, 0x05, 0x24, 0x12, 0x18, 0x00, 0x00, 
	0x00, 0x00, 0x00, 0x00, 0x00, 0x00, 0x00, 0x00, 0x18, 0x00, 0x85, 0x00, 0x12, 0x20, 0x00, 0x00, 
	0x21, 0x20, 0x64, 0x00, 0x01, 0x00, 0x03, 0x3c, 0xa8, 0x8e, 0x63, 0x24, 0x21, 0x18, 0x64, 0x00, 
	0x08, 0x00, 0xe0, 0x03, 0x10, 0x00, 0x66, 0xac, 0x08, 0x00, 0xe0, 0x03, 0x25, 0x10, 0x00, 0x00, 
	0x02, 0x00, 0x83, 0x2c, 0x0f, 0x00, 0x60, 0x10, 0x25, 0x10, 0xc0, 0x00, 0x68, 0x00, 0x03, 0x24, 
	0x18, 0x00, 0xa3, 0x00, 0xa0, 0x01, 0x05, 0x24, 0x12, 0x18, 0x00, 0x00, 0x00, 0x00, 0x00, 0x00, 
	0x00, 0x00, 0x00, 0x00, 0x18, 0x00, 0x85, 0x00, 0x12, 0x20, 0x00, 0x00, 0x21, 0x20, 0x64, 0x00, 
	0x01, 0x00, 0x03, 0x3c, 0xa8, 0x8e, 0x63, 0x24, 0x21, 0x18, 0x64, 0x00, 0x08, 0x00, 0xe0, 0x03, 
	0x14, 0x00, 0x66, 0xac, 0x08, 0x00, 0xe0, 0x03, 0x25, 0x10, 0x00, 0x00, 0x02, 0x00, 0x83, 0x2c, 
	0x23, 0x00, 0x60, 0x10, 0x25, 0x10, 0xc0, 0x00, 0x01, 0x00, 0x03, 0x3c, 0xa8, 0x8e, 0x63, 0x24, 
	0x0e, 0x00, 0xc0, 0x14, 0xa0, 0x01, 0x06, 0x24, 0x68, 0x00, 0x02, 0x24, 0x18, 0x00, 0xa2, 0x00, 
	0x12, 0x10, 0x00, 0x00, 0x00, 0x00, 0x00, 0x00, 0x00, 0x00, 0x00, 0x00, 0x18, 0x00, 0x86, 0x00, 
	0x12, 0x30, 0x00, 0x00, 0x21, 0x10, 0x46, 0x00, 0x21, 0x10, 0x62, 0x00, 0x10, 0x00, 0x42, 0x8c, 
	0x00, 0x00, 0x00, 0x00, 0x13, 0x00, 0x40, 0x10, 0x00, 0x00, 0x00, 0x00, 0x68, 0x00, 0x06, 0x24, 
	0x18, 0x00, 0xa6, 0x00, 0x12, 0x28, 0x00, 0x00, 0x21, 0x18, 0x65, 0x00, 0xa0, 0x01, 0x05, 0x24, 
	0x18, 0x00, 0x85, 0x00, 0x12, 0x20, 0x00, 0x00, 0x21, 0x18, 0x64, 0x00, 0x25, 0x20, 0x00, 0x00, 
	0x21, 0x28, 0xe4, 0x00, 0x00, 0x00, 0xa5, 0x90, 0x01, 0x00, 0x84, 0x24, 0x18, 0x00, 0x65, 0xa0, 
	0xfb, 0xff, 0x82, 0x14, 0x01, 0x00, 0x63, 0x24, 0x08, 0x00, 0xe0, 0x03, 0x00, 0x00, 0x00, 0x00, 
	0x25, 0x10, 0x00, 0x00, 0x08, 0x00, 0xe0, 0x03, 0x00, 0x00, 0x00, 0x00, 0xc0, 0xff, 0xbd, 0x27, 
	0x38, 0x00, 0xb2, 0xaf, 0x25, 0x90, 0xc0, 0x00, 0x34, 0x00, 0xb1, 0xaf, 0x30, 0x00, 0xb0, 0xaf, 
	0x25, 0x88, 0xa0, 0x00, 0x25, 0x80, 0x80, 0x00, 0x25, 0x28, 0x40, 0x02, 0x25, 0x30, 0x00, 0x00, 
	0x3c, 0x00, 0xbf, 0xaf, 0x20, 0xfc, 0x11, 0x04, 0x25, 0x20, 0x00, 0x00, 0x25, 0x30, 0x40, 0x00, 
	0x25, 0x28, 0x20, 0x02, 0x7d, 0xff, 0x11, 0x04, 0x25, 0x20, 0x00, 0x02, 0x25, 0x28, 0x40, 0x02, 
	0x33, 0xfc, 0x11, 0x04, 0x25, 0x20, 0x00, 0x00, 0x25, 0x30, 0x40, 0x00, 0x25, 0x28, 0x20, 0x02, 
	0x89, 0xff, 0x11, 0x04, 0x25, 0x20, 0x00, 0x02, 0xe9, 0xfd, 0x11, 0x04, 0x25, 0x20, 0x00, 0x00, 
	0x25, 0x30, 0x40, 0x00, 0xf1, 0xfd, 0x11, 0x04, 0x25, 0x20, 0x00, 0x02, 0x95, 0xff, 0x11, 0x04, 
	0x05, 0x00, 0x06, 0x24, 0x25, 0x28, 0x20, 0x02, 0xa5, 0xff, 0x11, 0x04, 0x25, 0x20, 0x00, 0x02, 
	0x10, 0x00, 0xa5, 0x27, 0x3b, 0xfc, 0x11, 0x04, 0x25, 0x20, 0x00, 0x00, 0x10, 0x00, 0xa7, 0x27, 
	0x25, 0x28, 0x20, 0x02, 0x25, 0x20, 0x00, 0x02, 0xb0, 0xff, 0x11, 0x04, 0x25, 0x30, 0x00, 0x00, 
	0x3c, 0x00, 0xbf, 0x8f, 0x38, 0x00, 0xb2, 0x8f, 0x34, 0x00, 0xb1, 0x8f, 0x30, 0x00, 0xb0, 0x8f, 
	0x01, 0x00, 0x02, 0x24, 0x08, 0x00, 0xe0, 0x03, 0x40, 0x00, 0xbd, 0x27, 0xc8, 0xff, 0xbd, 0x27, 
	0x28, 0x00, 0xb5, 0xaf, 0x01, 0x00, 0x15, 0x3c, 0xf4, 0x8b, 0xb5, 0x26, 0x34, 0x00, 0xbf, 0xaf, 
	0x30, 0x00, 0xb7, 0xaf, 0x2c, 0x00, 0xb6, 0xaf, 0x24, 0x00, 0xb4, 0xaf, 0x20, 0x00, 0xb3, 0xaf, 
	0x1c, 0x00, 0xb2, 0xaf, 0x18, 0x00, 0xb1, 0xaf, 0x14, 0x00, 0xb0, 0xaf, 0x25, 0x88, 0x80, 0x00, 
	0x87, 0xec, 0x11, 0x04, 0x25, 0x80, 0xa0, 0x00, 0xff, 0xff, 0x02, 0x24, 0x25, 0x20, 0xa0, 0x02, 
	0x00, 0x00, 0xb0, 0xae, 0x04, 0x00, 0xb0, 0xae, 0x08, 0x00, 0xa2, 0xae, 0x86, 0xec, 0x11, 0x04, 
	0x0c, 0x00, 0xa2, 0xae, 0x68, 0x00, 0x02, 0x24, 0x18, 0x00, 0x02, 0x02, 0x01, 0x00, 0x14, 0x3c, 
	0xa8, 0x8e, 0x94, 0x26, 0x25, 0x28, 0x00, 0x02, 0x25, 0x20, 0x00, 0x00, 0x04, 0x00, 0x32, 0x26, 
	0x80, 0x90, 0x12, 0x00, 0x12, 0x98, 0x00, 0x00, 0x21, 0x98, 0x93, 0x02, 0x0c, 0x00, 0x66, 0x8e, 
	0xae, 0xff, 0x11, 0x04, 0x25, 0xb0, 0x00, 0x00, 0xac, 0x01, 0x66, 0x8e, 0x25, 0x28, 0x00, 0x02, 
	0xaa, 0xff, 0x11, 0x04, 0x01, 0x00, 0x04, 0x24, 0x21, 0x10, 0xb2, 0x02, 0x00, 0x00, 0x57, 0x8c, 
	0x01, 0x00, 0x02, 0x24, 0x01, 0x00, 0x01, 0x3c, 0x80, 0x8e, 0x20, 0xac, 0x01, 0x00, 0x01, 0x3c, 
	0x84, 0x8e, 0x20, 0xac, 0x01, 0x00, 0x01, 0x3c, 0x9c, 0x8e, 0x20, 0xac, 0x01, 0x00, 0x01, 0x3c, 
	0x34, 0x00, 0xe2, 0x16, 0x90, 0x8e, 0x20, 0xac, 0x5f, 0xec, 0x11, 0x04, 0x00, 0x00, 0x00, 0x00, 
	0x48, 0x00, 0x20, 0x12, 0x00, 0x00, 0x00, 0x00, 0x4a, 0x00, 0x37, 0x12, 0x00, 0x00, 0x00, 0x00, 
	0x25, 0x30, 0x00, 0x02, 0x25, 0x28, 0x20, 0x02, 0x21, 0xfd, 0x11, 0x04, 0x25, 0x20, 0x00, 0x00, 
	0x01, 0x00, 0x04, 0x3c, 0x14, 0x8e, 0x84, 0x24, 0x57, 0xec, 0x11, 0x04, 0x21, 0x90, 0xb2, 0x02, 
	0x25, 0x20, 0x00, 0x00, 0x25, 0x30, 0x00, 0x02, 0x01, 0x00, 0x01, 0x3c, 0x84, 0x8e, 0x20, 0xac, 
	0xdc, 0xfd, 0x11, 0x04, 0x25, 0x28, 0x20, 0x02, 0x68, 0x00, 0x02, 0x24, 0x18, 0x00, 0x02, 0x02, 
	0xa0, 0x01, 0x03, 0x24, 0x00, 0x00, 0x44, 0x8e, 0x12, 0x10, 0x00, 0x00, 0x00, 0x00, 0x00, 0x00, 
	0x00, 0x00, 0x00, 0x00, 0x18, 0x00, 0x23, 0x02, 0x12, 0x18, 0x00, 0x00, 0x21, 0x10, 0x43, 0x00, 
	0x21, 0x10, 0x82, 0x02, 0x14, 0x00, 0x43, 0x8c, 0x01, 0x00, 0x01, 0x3c, 0x84, 0x8e, 0x23, 0xac, 
	0x01, 0x00, 0x03, 0x24, 0x02, 0x00, 0x83, 0x10, 0x0a, 0x00, 0x03, 0x24, 0x64, 0x00, 0x43, 0xac, 
	0x68, 0x00, 0x02, 0x24, 0x18, 0x00, 0x02, 0x02, 0xa0, 0x01, 0x03, 0x24, 0x12, 0x10, 0x00, 0x00, 
	0x00, 0x00, 0x00, 0x00, 0x00, 0x00, 0x00, 0x00, 0x18, 0x00, 0x23, 0x02, 0x12, 0x18, 0x00, 0x00, 
	0x21, 0x10, 0x43, 0x00, 0x21, 0xa0, 0x82, 0x02, 0x64, 0x00, 0x96, 0x8e, 0x00, 0x00, 0x00, 0x00, 
	0x01, 0x00, 0xd6, 0x2e, 0xff, 0xff, 0x02, 0x24, 0x01, 0x00, 0x04, 0x3c, 0xf4, 0x8b, 0x84, 0x24, 
	0x08, 0x00, 0xa2, 0xae, 0x0c, 0x00, 0xa2, 0xae, 0x01, 0x00, 0x01, 0x3c, 0xf4, 0x8b, 0x20, 0xac, 
	0x01, 0x00, 0x01, 0x3c, 0x2c, 0xec, 0x11, 0x04, 0xf8, 0x8b, 0x20, 0xac, 0x28, 0xec, 0x11, 0x04, 
	0x00, 0x00, 0x00, 0x00, 0x34, 0x00, 0xbf, 0x8f, 0x30, 0x00, 0xb7, 0x8f, 0x28, 0x00, 0xb5, 0x8f, 
	0x24, 0x00, 0xb4, 0x8f, 0x20, 0x00, 0xb3, 0x8f, 0x1c, 0x00, 0xb2, 0x8f, 0x18, 0x00, 0xb1, 0x8f, 
	0x14, 0x00, 0xb0, 0x8f, 0x25, 0x10, 0xc0, 0x02, 0x2c, 0x00, 0xb6, 0x8f, 0x08, 0x00, 0xe0, 0x03, 
	0x38, 0x00, 0xbd, 0x27, 0x02, 0x11, 0x02, 0x00, 0x01, 0x00, 0x42, 0x30, 0xb8, 0xff, 0x00, 0x10, 
	0x0c, 0x00, 0x62, 0xae, 0x42, 0x11, 0x02, 0x00, 0x01, 0x00, 0x42, 0x30, 0xb4, 0xff, 0x00, 0x10, 
	0xac, 0x01, 0x62, 0xae, 0x02, 0x00, 0x83, 0x2c, 0x23, 0x00, 0x60, 0x10, 0x25, 0x10, 0xc0, 0x00, 
	0x01, 0x00, 0x03, 0x3c, 0xa8, 0x8e, 0x63, 0x24, 0x0e, 0x00, 0xc0, 0x14, 0xa0, 0x01, 0x06, 0x24, 
	0x68, 0x00, 0x02, 0x24, 0x18, 0x00, 0xa2, 0x00, 0x12, 0x10, 0x00, 0x00, 0x00, 0x00, 0x00, 0x00, 
	0x00, 0x00, 0x00, 0x00, 0x18, 0x00, 0x86, 0x00, 0x12, 0x30, 0x00, 0x00, 0x21, 0x10, 0x46, 0x00, 
	0x21, 0x10, 0x62, 0x00, 0x14, 0x00, 0x42, 0x8c, 0x00, 0x00, 0x00, 0x00, 0x13, 0x00, 0x40, 0x10, 
	0x00, 0x00, 0x00, 0x00, 0x68, 0x00, 0x06, 0x24, 0x18, 0x00, 0xa6, 0x00, 0x12, 0x28, 0x00, 0x00, 
	0x21, 0x18, 0x65, 0x00, 0xa0, 0x01, 0x05, 0x24, 0x18, 0x00, 0x85, 0x00, 0x12, 0x20, 0x00, 0x00, 
	0x21, 0x18, 0x64, 0x00, 0x25, 0x20, 0x00, 0x00, 0x38, 0x00, 0x66, 0x90, 0x21, 0x28, 0xe4, 0x00, 
	0x01, 0x00, 0x84, 0x24, 0x00, 0x00, 0xa6, 0xa0, 0xfb, 0xff, 0x82, 0x14, 0x01, 0x00, 0x63, 0x24, 
	0x08, 0x00, 0xe0, 0x03, 0x00, 0x00, 0x00, 0x00, 0x25, 0x10, 0x00, 0x00, 0x08, 0x00, 0xe0, 0x03, 
	0x00, 0x00, 0x00, 0x00, 0x00, 0x00, 0x00, 0x00, 0x00, 0x00, 0x00, 0x00, 0x00, 0x00, 0x00, 0x00, 
	0x25, 0x10, 0x00, 0x00, 0x20, 0x00, 0x03, 0x24, 0xd8, 0xff, 0xbd, 0x27, 0x21, 0x30, 0x82, 0x00, 
	0x00, 0x00, 0xc6, 0x90, 0x21, 0x28, 0xa2, 0x03, 0x01, 0x00, 0x42, 0x24, 0xfb, 0xff, 0x43, 0x14, 
	0x00, 0x00, 0xa6, 0xa0, 0xff, 0xff, 0x02, 0x24, 0x00, 0x00, 0x82, 0xa0, 0x20, 0x00, 0xbd, 0xaf, 
	0x25, 0x10, 0x00, 0x00, 0x1f, 0x00, 0x03, 0x24, 0x20, 0x00, 0xa6, 0x8f, 0x01, 0x00, 0x42, 0x24, 
	0x00, 0x00, 0xc6, 0x90, 0x21, 0x28, 0x82, 0x00, 0x00, 0x00, 0xa6, 0xa0, 0x20, 0x00, 0xa5, 0x8f, 
	0x00, 0x00, 0x00, 0x00, 0x01, 0x00, 0xa5, 0x24, 0xf7, 0xff, 0x43, 0x14, 0x20, 0x00, 0xa5, 0xaf, 
	0x08, 0x00, 0xe0, 0x03, 0x28, 0x00, 0xbd, 0x27, 0xe0, 0xff, 0xbd, 0x27, 0x1c, 0x00, 0xbf, 0xaf, 
	0x10, 0x00, 0xb0, 0xaf, 0x18, 0x00, 0xb2, 0xaf, 0x14, 0x00, 0xb1, 0xaf, 0xc2, 0x00, 0x86, 0x90, 
	0xc4, 0x01, 0x85, 0x8c, 0x25, 0x80, 0x80, 0x00, 0x27, 0xfb, 0x11, 0x04, 0x25, 0x20, 0x00, 0x00, 
	0xb6, 0x01, 0x05, 0x96, 0xb4, 0x01, 0x04, 0x96, 0x84, 0xfe, 0x11, 0x04, 0x25, 0x30, 0x40, 0x00, 
	0xc4, 0x01, 0x05, 0x8e, 0x3a, 0xfb, 0x11, 0x04, 0x25, 0x20, 0x00, 0x00, 0xb6, 0x01, 0x05, 0x96, 
	0xb4, 0x01, 0x04, 0x96, 0x90, 0xfe, 0x11, 0x04, 0x25, 0x30, 0x40, 0x00, 0xf0, 0xfc, 0x11, 0x04, 
	0x25, 0x20, 0x00, 0x00, 0xb6, 0x01, 0x05, 0x96, 0xb4, 0x01, 0x04, 0x96, 0xf7, 0xfc, 0x11, 0x04, 
	0x25, 0x30, 0x40, 0x00, 0xe1, 0xfc, 0x11, 0x04, 0x25, 0x20, 0x00, 0x00, 0xb6, 0x01, 0x05, 0x96, 
	0xb4, 0x01, 0x04, 0x96, 0x97, 0xfe, 0x11, 0x04, 0x25, 0x30, 0x40, 0x00, 0xe2, 0xfc, 0x11, 0x04, 
	0x25, 0x20, 0x00, 0x00, 0xb6, 0x01, 0x05, 0x96, 0xb4, 0x01, 0x04, 0x96, 0xa4, 0xfe, 0x11, 0x04, 
	0x25, 0x30, 0x40, 0x00, 0x08, 0x01, 0x05, 0x26, 0x3a, 0xfb, 0x11, 0x04, 0x25, 0x20, 0x00, 0x00, 
	0xb6, 0x01, 0x05, 0x96, 0xb4, 0x01, 0x04, 0x96, 0x08, 0x01, 0x07, 0x26, 0xaf, 0xfe, 0x11, 0x04, 
	0x25, 0x30, 0x00, 0x00, 0xb0, 0x01, 0x04, 0x8e, 0x49, 0xeb, 0x11, 0x04, 0x80, 0x00, 0x05, 0x24, 
	0xb0, 0x01, 0x04, 0x8e, 0x00, 0x01, 0x05, 0x24, 0x25, 0x38, 0x00, 0x00, 0xcb, 0xe9, 0x11, 0x04, 
	0x10, 0x00, 0x06, 0x24, 0xb6, 0x01, 0x05, 0x96, 0xb4, 0x01, 0x04, 0x96, 0x45, 0xfe, 0x11, 0x04, 
	0x00, 0x00, 0x00, 0x00, 0x0c, 0x00, 0x40, 0x10, 0x28, 0x01, 0x07, 0x26, 0x25, 0x88, 0x00, 0x00, 
	0xb0, 0x01, 0x04, 0x8e, 0x3a, 0xeb, 0x11, 0x04, 0x00, 0x02, 0x05, 0x24, 0x1c, 0x00, 0xbf, 0x8f, 
	0x18, 0x00, 0xb2, 0x8f, 0x10, 0x00, 0xb0, 0x8f, 0x25, 0x10, 0x20, 0x02, 0x14, 0x00, 0xb1, 0x8f, 
	0x08, 0x00, 0xe0, 0x03, 0x20, 0x00, 0xbd, 0x27, 0xb6, 0x01, 0x05, 0x96, 0xb4, 0x01, 0x04, 0x96, 
	0x70, 0xff, 0x11, 0x04, 0x25, 0x30, 0x00, 0x00, 0xc4, 0x01, 0x03, 0x8e, 0x01, 0x00, 0x02, 0x24, 
	0x03, 0x00, 0x62, 0x14, 0x00, 0x00, 0x00, 0x00, 0x95, 0xff, 0x11, 0x04, 0x28, 0x01, 0x04, 0x26, 
	0x29, 0x01, 0x04, 0x92, 0x00, 0x00, 0x00, 0x00, 0xe9, 0xff, 0x80, 0x10, 0x25, 0x88, 0x00, 0x00, 
	0xc6, 0xfa, 0x11, 0x04, 0x00, 0x00, 0x00, 0x00, 0x25, 0x90, 0x40, 0x00, 0x01, 0x00, 0x02, 0x24, 
	0xe3, 0xff, 0x42, 0x16, 0x00, 0x00, 0x00, 0x00, 0x29, 0x01, 0x04, 0x92, 0x00, 0x00, 0x00, 0x00, 
	0xdf, 0xff, 0x80, 0x10, 0x00, 0x00, 0x00, 0x00, 0xbc, 0xfa, 0x11, 0x04, 0x00, 0x00, 0x00, 0x00, 
	0xda, 0xff, 0x52, 0x14, 0x25, 0x88, 0x40, 0x00, 0x29, 0x01, 0x02, 0x92, 0xd8, 0xff, 0x00, 0x10, 
	0xc1, 0x00, 0x02, 0xa2, 0xd8, 0xff, 0xbd, 0x27, 0x24, 0x00, 0xbf, 0xaf, 0x20, 0x00, 0xb1, 0xaf, 
	0x1c, 0x00, 0xb0, 0xaf, 0xc2, 0x00, 0xa6, 0x90, 0x25, 0x80, 0xa0, 0x00, 0xc4, 0x01, 0xa5, 0x8c, 
	0x25, 0x88, 0x80, 0x00, 0xc0, 0xfa, 0x11, 0x04, 0xf3, 0x00, 0x04, 0x24, 0xb6, 0x01, 0x05, 0x96, 
	0xb4, 0x01, 0x04, 0x96, 0x1d, 0xfe, 0x11, 0x04, 0x25, 0x30, 0x40, 0x00, 0xc4, 0x01, 0x05, 0x8e, 
	0xd3, 0xfa, 0x11, 0x04, 0xf3, 0x00, 0x04, 0x24, 0xb6, 0x01, 0x05, 0x96, 0xb4, 0x01, 0x04, 0x96, 
	0x29, 0xfe, 0x11, 0x04, 0x25, 0x30, 0x40, 0x00, 0x89, 0xfc, 0x11, 0x04, 0xf3, 0x00, 0x04, 0x24, 
	0xb6, 0x01, 0x05, 0x96, 0xb4, 0x01, 0x04, 0x96, 0x90, 0xfc, 0x11, 0x04, 0x25, 0x30, 0x40, 0x00, 
	0x7a, 0xfc, 0x11, 0x04, 0xf3, 0x00, 0x04, 0x24, 0xb6, 0x01, 0x05, 0x96, 0xb4, 0x01, 0x04, 0x96, 
	0x30, 0xfe, 0x11, 0x04, 0x25, 0x30, 0x40, 0x00, 0x7b, 0xfc, 0x11, 0x04, 0xf3, 0x00, 0x04, 0x24, 
	0xb6, 0x01, 0x05, 0x96, 0xb4, 0x01, 0x04, 0x96, 0x3d, 0xfe, 0x11, 0x04, 0x25, 0x30, 0x40, 0x00, 
	0x08, 0x01, 0x07, 0x26, 0x25, 0x28, 0xe0, 0x00, 0xf3, 0x00, 0x04, 0x24, 0xcb, 0xfb, 0x11, 0x04, 
	0x10, 0x00, 0xa7, 0xaf, 0x0b, 0x01, 0x11, 0xa2, 0x21, 0x88, 0x11, 0x02, 0xf8, 0x00, 0x22, 0x92, 
	0x10, 0x00, 0xa7, 0x8f, 0xb6, 0x01, 0x05, 0x96, 0xb4, 0x01, 0x04, 0x96, 0x25, 0x30, 0x00, 0x00, 
	0x42, 0xfe, 0x11, 0x04, 0x0c, 0x01, 0x02, 0xa2, 0xb0, 0x01, 0x04, 0x8e, 0xdc, 0xea, 0x11, 0x04, 
	0x80, 0x00, 0x05, 0x24, 0xb0, 0x01, 0x04, 0x8e, 0x25, 0x38, 0x00, 0x00, 0x10, 0x00, 0x06, 0x24, 
	0x5e, 0xe9, 0x11, 0x04, 0x00, 0x01, 0x05, 0x24, 0xb6, 0x01, 0x05, 0x96, 0xb4, 0x01, 0x04, 0x96, 
	0xd8, 0xfd, 0x11, 0x04, 0x25, 0x88, 0x00, 0x00, 0x0f, 0x00, 0x40, 0x14, 0x28, 0x01, 0x07, 0x26, 
	0xb6, 0x01, 0x05, 0x96, 0xb4, 0x01, 0x04, 0x96, 0x0e, 0xff, 0x11, 0x04, 0x25, 0x30, 0x00, 0x00, 
	0xc4, 0x01, 0x03, 0x8e, 0x01, 0x00, 0x02, 0x24, 0x03, 0x00, 0x62, 0x14, 0x00, 0x00, 0x00, 0x00, 
	0x33, 0xff, 0x11, 0x04, 0x28, 0x01, 0x04, 0x26, 0x29, 0x01, 0x11, 0x92, 0x00, 0x00, 0x00, 0x00, 
	0xf3, 0x00, 0x31, 0x3a, 0x01, 0x00, 0x31, 0x2e, 0xb0, 0x01, 0x04, 0x8e, 0xc0, 0xea, 0x11, 0x04, 
	0x00, 0x02, 0x05, 0x24, 0x24, 0x00, 0xbf, 0x8f, 0x1c, 0x00, 0xb0, 0x8f, 0x25, 0x10, 0x20, 0x02, 
	0x20, 0x00, 0xb1, 0x8f, 0x08, 0x00, 0xe0, 0x03, 0x28, 0x00, 0xbd, 0x27, 0xd8, 0xff, 0xbd, 0x27, 
	0x24, 0x00, 0xbf, 0xaf, 0x20, 0x00, 0xb1, 0xaf, 0x1c, 0x00, 0xb0, 0xaf, 0xc2, 0x00, 0x86, 0x90, 
	0x25, 0x80, 0x80, 0x00, 0xc4, 0x01, 0x85, 0x8c, 0xc1, 0x00, 0x84, 0x90, 0x66, 0xfa, 0x11, 0x04, 
	0x25, 0x88, 0x00, 0x02, 0xb6, 0x01, 0x05, 0x96, 0xb4, 0x01, 0x04, 0x96, 0xc3, 0xfd, 0x11, 0x04, 
	0x25, 0x30, 0x40, 0x00, 0xc4, 0x01, 0x05, 0x8e, 0xc1, 0x00, 0x04, 0x92, 0x78, 0xfa, 0x11, 0x04, 
	0x00, 0x00, 0x00, 0x00, 0xb6, 0x01, 0x05, 0x96, 0xb4, 0x01, 0x04, 0x96, 0xce, 0xfd, 0x11, 0x04, 
	0x25, 0x30, 0x40, 0x00, 0xc1, 0x00, 0x04, 0x92, 0x2d, 0xfc, 0x11, 0x04, 0x00, 0x00, 0x00, 0x00, 
	0xb6, 0x01, 0x05, 0x96, 0xb4, 0x01, 0x04, 0x96, 0x34, 0xfc, 0x11, 0x04, 0x25, 0x30, 0x40, 0x00, 
	0xc1, 0x00, 0x04, 0x92, 0x1d, 0xfc, 0x11, 0x04, 0x00, 0x00, 0x00, 0x00, 0xb6, 0x01, 0x05, 0x96, 
	0xb4, 0x01, 0x04, 0x96, 0xd3, 0xfd, 0x11, 0x04, 0x25, 0x30, 0x40, 0x00, 0xc1, 0x00, 0x04, 0x92, 
	0x1d, 0xfc, 0x11, 0x04, 0x00, 0x00, 0x00, 0x00, 0xb6, 0x01, 0x05, 0x96, 0xb4, 0x01, 0x04, 0x96, 
	0xdf, 0xfd, 0x11, 0x04, 0x25, 0x30, 0x40, 0x00, 0x08, 0x01, 0x02, 0x26, 0x28, 0x01, 0x03, 0x26, 
	0x00, 0x00, 0x40, 0xa0, 0x20, 0x00, 0x40, 0xa0, 0x01, 0x00, 0x42, 0x24, 0xfc, 0xff, 0x43, 0x14, 
	0x08, 0x01, 0x07, 0x26, 0xc1, 0x00, 0x04, 0x92, 0x25, 0x28, 0xe0, 0x00, 0x6d, 0xfa, 0x11, 0x04, 
	0x10, 0x00, 0xa7, 0xaf, 0x78, 0x01, 0x02, 0x86, 0x10, 0x00, 0xa7, 0x8f, 0x21, 0x10, 0x02, 0x02, 
	0xff, 0x00, 0x04, 0x24, 0x27, 0x00, 0x22, 0x16, 0x00, 0x00, 0x00, 0x00, 0xb6, 0x01, 0x05, 0x96, 
	0xb4, 0x01, 0x04, 0x96, 0xdd, 0xfd, 0x11, 0x04, 0x25, 0x30, 0x00, 0x00, 0xb0, 0x01, 0x04, 0x8e, 
	0x77, 0xea, 0x11, 0x04, 0x80, 0x00, 0x05, 0x24, 0xb0, 0x01, 0x04, 0x8e, 0x25, 0x38, 0x00, 0x00, 
	0x10, 0x00, 0x06, 0x24, 0xf9, 0xe8, 0x11, 0x04, 0x00, 0x01, 0x05, 0x24, 0xb6, 0x01, 0x05, 0x96, 
	0xb4, 0x01, 0x04, 0x96, 0x73, 0xfd, 0x11, 0x04, 0x25, 0x88, 0x00, 0x00, 0x0c, 0x00, 0x40, 0x14, 
	0x28, 0x01, 0x07, 0x26, 0xb6, 0x01, 0x05, 0x96, 0xb4, 0x01, 0x04, 0x96, 0xa9, 0xfe, 0x11, 0x04, 
	0x25, 0x30, 0x00, 0x00, 0xc4, 0x01, 0x03, 0x8e, 0x01, 0x00, 0x02, 0x24, 0x03, 0x00, 0x62, 0x14, 
	0x00, 0x00, 0x00, 0x00, 0xce, 0xfe, 0x11, 0x04, 0x28, 0x01, 0x04, 0x26, 0x01, 0x00, 0x11, 0x24, 
	0xb0, 0x01, 0x04, 0x8e, 0x5e, 0xea, 0x11, 0x04, 0x00, 0x02, 0x05, 0x24, 0x24, 0x00, 0xbf, 0x8f, 
	0x1c, 0x00, 0xb0, 0x8f, 0x25, 0x10, 0x20, 0x02, 0x20, 0x00, 0xb1, 0x8f, 0x08, 0x00, 0xe0, 0x03, 
	0x28, 0x00, 0xbd, 0x27, 0x7c, 0x01, 0x23, 0x92, 0x00, 0x00, 0x00, 0x00, 0x03, 0x00, 0x64, 0x10, 
	0x00, 0x00, 0x00, 0x00, 0x70, 0x01, 0x23, 0x92, 0x00, 0x00, 0x00, 0x00, 0x0b, 0x01, 0x23, 0xa2, 
	0xd0, 0xff, 0x00, 0x10, 0x01, 0x00, 0x31, 0x26, 0xd8, 0xff, 0xbd, 0x27, 0x24, 0x00, 0xbf, 0xaf, 
	0x20, 0x00, 0xb1, 0xaf, 0x1c, 0x00, 0xb0, 0xaf, 0xc2, 0x00, 0xa6, 0x90, 0x25, 0x80, 0xa0, 0x00, 
	0xc4, 0x01, 0xa5, 0x8c, 0xfc, 0xf9, 0x11, 0x04, 0x25, 0x88, 0x80, 0x00, 0xb6, 0x01, 0x05, 0x96, 
	0xb4, 0x01, 0x04, 0x96, 0x59, 0xfd, 0x11, 0x04, 0x25, 0x30, 0x40, 0x00, 0xc4, 0x01, 0x05, 0x8e, 
	0x0f, 0xfa, 0x11, 0x04, 0x25, 0x20, 0x20, 0x02, 0xb6, 0x01, 0x05, 0x96, 0xb4, 0x01, 0x04, 0x96, 
	0x65, 0xfd, 0x11, 0x04, 0x25, 0x30, 0x40, 0x00, 0xc5, 0xfb, 0x11, 0x04, 0x25, 0x20, 0x20, 0x02, 
	0xb6, 0x01, 0x05, 0x96, 0xb4, 0x01, 0x04, 0x96, 0xcc, 0xfb, 0x11, 0x04, 0x25, 0x30, 0x40, 0x00, 
	0xb6, 0xfb, 0x11, 0x04, 0x25, 0x20, 0x20, 0x02, 0xb6, 0x01, 0x05, 0x96, 0xb4, 0x01, 0x04, 0x96, 
	0x6c, 0xfd, 0x11, 0x04, 0x25, 0x30, 0x40, 0x00, 0xb7, 0xfb, 0x11, 0x04, 0x25, 0x20, 0x20, 0x02, 
	0xb6, 0x01, 0x05, 0x96, 0xb4, 0x01, 0x04, 0x96, 0x79, 0xfd, 0x11, 0x04, 0x25, 0x30, 0x40, 0x00, 
	0x08, 0x01, 0x07, 0x26, 0x25, 0x28, 0xe0, 0x00, 0x25, 0x20, 0x20, 0x02, 0x26, 0xfa, 0x11, 0x04, 
	0x10, 0x00, 0xa7, 0xaf, 0x10, 0x00, 0xa7, 0x8f, 0xb6, 0x01, 0x05, 0x96, 0xb4, 0x01, 0x04, 0x96, 
	0x82, 0xfd, 0x11, 0x04, 0x25, 0x30, 0x00, 0x00, 0xb0, 0x01, 0x04, 0x8e, 0x1c, 0xea, 0x11, 0x04, 
	0x80, 0x00, 0x05, 0x24, 0xb0, 0x01, 0x04, 0x8e, 0x25, 0x38, 0x00, 0x00, 0x10, 0x00, 0x06, 0x24, 
	0x9e, 0xe8, 0x11, 0x04, 0x00, 0x01, 0x05, 0x24, 0xb6, 0x01, 0x05, 0x96, 0xb4, 0x01, 0x04, 0x96, 
	0x18, 0xfd, 0x11, 0x04, 0x25, 0x88, 0x00, 0x00, 0x09, 0x00, 0x40, 0x14, 0x28, 0x01, 0x07, 0x26, 
	0xb6, 0x01, 0x05, 0x96, 0xb4, 0x01, 0x04, 0x96, 0x4e, 0xfe, 0x11, 0x04, 0x25, 0x30, 0x00, 0x00, 
	0xc4, 0x01, 0x03, 0x8e, 0x01, 0x00, 0x02, 0x24, 0x0a, 0x00, 0x62, 0x10, 0x01, 0x00, 0x11, 0x24, 
	0xb0, 0x01, 0x04, 0x8e, 0x06, 0xea, 0x11, 0x04, 0x00, 0x02, 0x05, 0x24, 0x24, 0x00, 0xbf, 0x8f, 
	0x1c, 0x00, 0xb0, 0x8f, 0x25, 0x10, 0x20, 0x02, 0x20, 0x00, 0xb1, 0x8f, 0x08, 0x00, 0xe0, 0x03, 
	0x28, 0x00, 0xbd, 0x27, 0x6a, 0xfe, 0x11, 0x04, 0x28, 0x01, 0x04, 0x26, 0xf4, 0xff, 0x00, 0x10, 
	0x01, 0x00, 0x11, 0x24, 0xe0, 0xff, 0xbd, 0x27, 0x1c, 0x00, 0xbf, 0xaf, 0x14, 0x00, 0xb0, 0xaf, 
	0x18, 0x00, 0xb1, 0xaf, 0xc2, 0x00, 0x86, 0x90, 0xc4, 0x01, 0x85, 0x8c, 0x25, 0x80, 0x80, 0x00, 
	0xa9, 0xf9, 0x11, 0x04, 0xf3, 0x00, 0x04, 0x24, 0xb6, 0x01, 0x05, 0x96, 0xb4, 0x01, 0x04, 0x96, 
	0x06, 0xfd, 0x11, 0x04, 0x25, 0x30, 0x40, 0x00, 0xc4, 0x01, 0x05, 0x8e, 0xbc, 0xf9, 0x11, 0x04, 
	0xf3, 0x00, 0x04, 0x24, 0xb6, 0x01, 0x05, 0x96, 0xb4, 0x01, 0x04, 0x96, 0x12, 0xfd, 0x11, 0x04, 
	0x25, 0x30, 0x40, 0x00, 0x72, 0xfb, 0x11, 0x04, 0xf3, 0x00, 0x04, 0x24, 0xb6, 0x01, 0x05, 0x96, 
	0xb4, 0x01, 0x04, 0x96, 0x79, 0xfb, 0x11, 0x04, 0x25, 0x30, 0x40, 0x00, 0x63, 0xfb, 0x11, 0x04, 
	0xf3, 0x00, 0x04, 0x24, 0xb6, 0x01, 0x05, 0x96, 0xb4, 0x01, 0x04, 0x96, 0x19, 0xfd, 0x11, 0x04, 
	0x25, 0x30, 0x40, 0x00, 0x64, 0xfb, 0x11, 0x04, 0xf3, 0x00, 0x04, 0x24, 0xb6, 0x01, 0x05, 0x96, 
	0xb4, 0x01, 0x04, 0x96, 0x26, 0xfd, 0x11, 0x04, 0x25, 0x30, 0x40, 0x00, 0x08, 0x01, 0x05, 0x26, 
	0xee, 0xf9, 0x11, 0x04, 0xf3, 0x00, 0x04, 0x24, 0xb6, 0x01, 0x05, 0x96, 0xb4, 0x01, 0x04, 0x96, 
	0x08, 0x01, 0x07, 0x26, 0x31, 0xfd, 0x11, 0x04, 0x25, 0x30, 0x00, 0x00, 0xb0, 0x01, 0x04, 0x8e, 
	0xcb, 0xe9, 0x11, 0x04, 0x80, 0x00, 0x05, 0x24, 0xb0, 0x01, 0x04, 0x8e, 0x00, 0x01, 0x05, 0x24, 
	0x25, 0x38, 0x00, 0x00, 0x4d, 0xe8, 0x11, 0x04, 0x10, 0x00, 0x06, 0x24, 0xb6, 0x01, 0x05, 0x96, 
	0xb4, 0x01, 0x04, 0x96, 0xc7, 0xfc, 0x11, 0x04, 0x00, 0x00, 0x00, 0x00, 0x0b, 0x00, 0x40, 0x10, 
	0x28, 0x01, 0x07, 0x26, 0x25, 0x88, 0x00, 0x00, 0xb0, 0x01, 0x04, 0x8e, 0xbc, 0xe9, 0x11, 0x04, 
	0x00, 0x02, 0x05, 0x24, 0x1c, 0x00, 0xbf, 0x8f, 0x14, 0x00, 0xb0, 0x8f, 0x25, 0x10, 0x20, 0x02, 
	0x18, 0x00, 0xb1, 0x8f, 0x08, 0x00, 0xe0, 0x03, 0x20, 0x00, 0xbd, 0x27, 0xb6, 0x01, 0x05, 0x96, 
	0xb4, 0x01, 0x04, 0x96, 0xf3, 0xfd, 0x11, 0x04, 0x25, 0x30, 0x00, 0x00, 0xc4, 0x01, 0x03, 0x8e, 
	0x01, 0x00, 0x02, 0x24, 0x03, 0x00, 0x62, 0x14, 0x00, 0x00, 0x00, 0x00, 0x18, 0xfe, 0x11, 0x04, 
	0x28, 0x01, 0x04, 0x26, 0x29, 0x01, 0x03, 0x92, 0xf3, 0x00, 0x02, 0x24, 0xea, 0xff, 0x62, 0x14, 
	0x25, 0x88, 0x00, 0x00, 0x2b, 0x01, 0x02, 0x92, 0x2e, 0x01, 0x04, 0x92, 0x2d, 0x01, 0x03, 0x92, 
	0xc2, 0x00, 0x02, 0xa2, 0x2c, 0x01, 0x02, 0x92, 0x25, 0x28, 0x80, 0x00, 0x05, 0x00, 0x84, 0x2c, 
	0xc4, 0x00, 0x03, 0xa2, 0xc3, 0x00, 0x02, 0xa2, 0x2f, 0x01, 0x03, 0x92, 0x02, 0x00, 0x80, 0x14, 
	0x00, 0x00, 0x00, 0x00, 0x04, 0x00, 0x05, 0x24, 0x25, 0x20, 0x60, 0x00, 0x05, 0x00, 0x63, 0x2c, 
	0x02, 0x00, 0x60, 0x14, 0xc5, 0x00, 0x05, 0xa2, 0x04, 0x00, 0x04, 0x24, 0x05, 0x00, 0x42, 0x2c, 
	0x03, 0x00, 0x40, 0x10, 0xc6, 0x00, 0x04, 0xa2, 0xd3, 0xff, 0x00, 0x10, 0x01, 0x00, 0x11, 0x24, 
	0x04, 0x00, 0x02, 0x24, 0xfc, 0xff, 0x00, 0x10, 0xc3, 0x00, 0x02, 0xa2, 0xe0, 0xff, 0xbd, 0x27, 
	0x1c, 0x00, 0xbf, 0xaf, 0x18, 0x00, 0xb1, 0xaf, 0x14, 0x00, 0xb0, 0xaf, 0xc2, 0x00, 0x86, 0x90, 
	0xc4, 0x01, 0x85, 0x8c, 0x25, 0x80, 0x80, 0x00, 0x3b, 0xf9, 0x11, 0x04, 0xf3, 0x00, 0x04, 0x24, 
	0xb6, 0x01, 0x05, 0x96, 0xb4, 0x01, 0x04, 0x96, 0x98, 0xfc, 0x11, 0x04, 0x25, 0x30, 0x40, 0x00, 
	0xc4, 0x01, 0x05, 0x8e, 0x4e, 0xf9, 0x11, 0x04, 0xf3, 0x00, 0x04, 0x24, 0xb6, 0x01, 0x05, 0x96, 
	0xb4, 0x01, 0x04, 0x96, 0xa4, 0xfc, 0x11, 0x04, 0x25, 0x30, 0x40, 0x00, 0x04, 0xfb, 0x11, 0x04, 
	0xf3, 0x00, 0x04, 0x24, 0xb6, 0x01, 0x05, 0x96, 0xb4, 0x01, 0x04, 0x96, 0x0b, 0xfb, 0x11, 0x04, 
	0x25, 0x30, 0x40, 0x00, 0xf5, 0xfa, 0x11, 0x04, 0xf3, 0x00, 0x04, 0x24, 0xb6, 0x01, 0x05, 0x96, 
	0xb4, 0x01, 0x04, 0x96, 0xab, 0xfc, 0x11, 0x04, 0x25, 0x30, 0x40, 0x00, 0xf6, 0xfa, 0x11, 0x04, 
	0xf3, 0x00, 0x04, 0x24, 0xb6, 0x01, 0x05, 0x96, 0xb4, 0x01, 0x04, 0x96, 0xb8, 0xfc, 0x11, 0x04, 
	0x25, 0x30, 0x40, 0x00, 0x08, 0x01, 0x05, 0x26, 0x99, 0xf9, 0x11, 0x04, 0xf3, 0x00, 0x04, 0x24, 
	0x6c, 0x01, 0x02, 0x92, 0xb6, 0x01, 0x05, 0x96, 0x0b, 0x01, 0x02, 0xa2, 0x6d, 0x01, 0x02, 0x92, 
	0xb4, 0x01, 0x04, 0x96, 0x08, 0x01, 0x07, 0x26, 0x25, 0x30, 0x00, 0x00, 0xbf, 0xfc, 0x11, 0x04, 
	0x0c, 0x01, 0x02, 0xa2, 0xb0, 0x01, 0x04, 0x8e, 0x59, 0xe9, 0x11, 0x04, 0x80, 0x00, 0x05, 0x24, 
	0xb0, 0x01, 0x04, 0x8e, 0x25, 0x38, 0x00, 0x00, 0x10, 0x00, 0x06, 0x24, 0xdb, 0xe7, 0x11, 0x04, 
	0x00, 0x01, 0x05, 0x24, 0xb6, 0x01, 0x05, 0x96, 0xb4, 0x01, 0x04, 0x96, 0x55, 0xfc, 0x11, 0x04, 
	0x25, 0x88, 0x00, 0x00, 0x0f, 0x00, 0x40, 0x14, 0x28, 0x01, 0x07, 0x26, 0xb6, 0x01, 0x05, 0x96, 
	0xb4, 0x01, 0x04, 0x96, 0x8b, 0xfd, 0x11, 0x04, 0x25, 0x30, 0x00, 0x00, 0xc4, 0x01, 0x03, 0x8e, 
	0x01, 0x00, 0x02, 0x24, 0x03, 0x00, 0x62, 0x14, 0x00, 0x00, 0x00, 0x00, 0xb0, 0xfd, 0x11, 0x04, 
	0x28, 0x01, 0x04, 0x26, 0x29, 0x01, 0x11, 0x92, 0x00, 0x00, 0x00, 0x00, 0xf3, 0x00, 0x31, 0x3a, 
	0x01, 0x00, 0x31, 0x2e, 0xb0, 0x01, 0x04, 0x8e, 0x3d, 0xe9, 0x11, 0x04, 0x00, 0x02, 0x05, 0x24, 
	0x1c, 0x00, 0xbf, 0x8f, 0x14, 0x00, 0xb0, 0x8f, 0x25, 0x10, 0x20, 0x02, 0x18, 0x00, 0xb1, 0x8f, 
	0x08, 0x00, 0xe0, 0x03, 0x20, 0x00, 0xbd, 0x27, 0xd8, 0xff, 0xbd, 0x27, 0x24, 0x00, 0xbf, 0xaf, 
	0x20, 0x00, 0xb1, 0xaf, 0x1c, 0x00, 0xb0, 0xaf, 0xc2, 0x00, 0xa6, 0x90, 0x25, 0x80, 0xa0, 0x00, 
	0xc4, 0x01, 0xa5, 0x8c, 0x25, 0x88, 0x80, 0x00, 0xe3, 0xf8, 0x11, 0x04, 0xf3, 0x00, 0x04, 0x24, 
	0xb6, 0x01, 0x05, 0x96, 0xb4, 0x01, 0x04, 0x96, 0x40, 0xfc, 0x11, 0x04, 0x25, 0x30, 0x40, 0x00, 
	0xc4, 0x01, 0x05, 0x8e, 0xf6, 0xf8, 0x11, 0x04, 0xf3, 0x00, 0x04, 0x24, 0xb6, 0x01, 0x05, 0x96, 
	0xb4, 0x01, 0x04, 0x96, 0x4c, 0xfc, 0x11, 0x04, 0x25, 0x30, 0x40, 0x00, 0xac, 0xfa, 0x11, 0x04, 
	0xf3, 0x00, 0x04, 0x24, 0xb6, 0x01, 0x05, 0x96, 0xb4, 0x01, 0x04, 0x96, 0xb3, 0xfa, 0x11, 0x04, 
	0x25, 0x30, 0x40, 0x00, 0x9d, 0xfa, 0x11, 0x04, 0xf3, 0x00, 0x04, 0x24, 0xb6, 0x01, 0x05, 0x96, 
	0xb4, 0x01, 0x04, 0x96, 0x53, 0xfc, 0x11, 0x04, 0x25, 0x30, 0x40, 0x00, 0x9e, 0xfa, 0x11, 0x04, 
	0xf3, 0x00, 0x04, 0x24, 0xb6, 0x01, 0x05, 0x96, 0xb4, 0x01, 0x04, 0x96, 0x60, 0xfc, 0x11, 0x04, 
	0x25, 0x30, 0x40, 0x00, 0x08, 0x01, 0x07, 0x26, 0x25, 0x28, 0xe0, 0x00, 0xf3, 0x00, 0x04, 0x24, 
	0x58, 0xf9, 0x11, 0x04, 0x10, 0x00, 0xa7, 0xaf, 0x10, 0x00, 0xa7, 0x8f, 0xb6, 0x01, 0x05, 0x96, 
	0xb4, 0x01, 0x04, 0x96, 0x25, 0x30, 0x00, 0x00, 0x68, 0xfc, 0x11, 0x04, 0x0b, 0x01, 0x11, 0xa2, 
	0xb0, 0x01, 0x04, 0x8e, 0x02, 0xe9, 0x11, 0x04, 0x80, 0x00, 0x05, 0x24, 0xb0, 0x01, 0x04, 0x8e, 
	0x00, 0x01, 0x05, 0x24, 0x25, 0x38, 0x00, 0x00, 0x84, 0xe7, 0x11, 0x04, 0x10, 0x00, 0x06, 0x24, 
	0xb6, 0x01, 0x05, 0x96, 0xb4, 0x01, 0x04, 0x96, 0xfe, 0xfb, 0x11, 0x04, 0x00, 0x00, 0x00, 0x00, 
	0x0b, 0x00, 0x40, 0x10, 0x28, 0x01, 0x07, 0x26, 0x25, 0x88, 0x00, 0x00, 0xb0, 0x01, 0x04, 0x8e, 
	0xf3, 0xe8, 0x11, 0x04, 0x00, 0x02, 0x05, 0x24, 0x24, 0x00, 0xbf, 0x8f, 0x1c, 0x00, 0xb0, 0x8f, 
	0x25, 0x10, 0x20, 0x02, 0x20, 0x00, 0xb1, 0x8f, 0x08, 0x00, 0xe0, 0x03, 0x28, 0x00, 0xbd, 0x27, 
	0xb6, 0x01, 0x05, 0x96, 0xb4, 0x01, 0x04, 0x96, 0x25, 0x30, 0x00, 0x00, 0x29, 0xfd, 0x11, 0x04, 
	0x10, 0x00, 0xa7, 0xaf, 0xc4, 0x01, 0x03, 0x8e, 0x01, 0x00, 0x02, 0x24, 0x04, 0x00, 0x62, 0x14, 
	0x00, 0x00, 0x00, 0x00, 0x10, 0x00, 0xa4, 0x8f, 0x4d, 0xfd, 0x11, 0x04, 0x00, 0x00, 0x00, 0x00, 
	0x29, 0x01, 0x03, 0x92, 0xf3, 0x00, 0x02, 0x24, 0xe7, 0xff, 0x62, 0x14, 0x32, 0x00, 0x24, 0x26, 
	0x2d, 0x01, 0x02, 0x92, 0x80, 0x20, 0x04, 0x00, 0x21, 0x20, 0x04, 0x02, 0x00, 0x00, 0x82, 0xa0, 
	0x2e, 0x01, 0x02, 0x92, 0x01, 0x00, 0x11, 0x24, 0x01, 0x00, 0x82, 0xa0, 0x2f, 0x01, 0x02, 0x92, 
	0x00, 0x00, 0x00, 0x00, 0x02, 0x00, 0x82, 0xa0, 0x30, 0x01, 0x02, 0x92, 0xdb, 0xff, 0x00, 0x10, 
	0x03, 0x00, 0x82, 0xa0, 0xd8, 0xff, 0xbd, 0x27, 0x24, 0x00, 0xbf, 0xaf, 0x20, 0x00, 0xb1, 0xaf, 
	0x1c, 0x00, 0xb0, 0xaf, 0xc2, 0x00, 0xa6, 0x90, 0x25, 0x80, 0xa0, 0x00, 0xc4, 0x01, 0xa5, 0x8c, 
	0x25, 0x88, 0x80, 0x00, 0x7c, 0xf8, 0x11, 0x04, 0xf3, 0x00, 0x04, 0x24, 0xb6, 0x01, 0x05, 0x96, 
	0xb4, 0x01, 0x04, 0x96, 0xd9, 0xfb, 0x11, 0x04, 0x25, 0x30, 0x40, 0x00, 0xc4, 0x01, 0x05, 0x8e, 
	0x8f, 0xf8, 0x11, 0x04, 0xf3, 0x00, 0x04, 0x24, 0xb6, 0x01, 0x05, 0x96, 0xb4, 0x01, 0x04, 0x96, 
	0xe5, 0xfb, 0x11, 0x04, 0x25, 0x30, 0x40, 0x00, 0x45, 0xfa, 0x11, 0x04, 0xf3, 0x00, 0x04, 0x24, 
	0xb6, 0x01, 0x05, 0x96, 0xb4, 0x01, 0x04, 0x96, 0x4c, 0xfa, 0x11, 0x04, 0x25, 0x30, 0x40, 0x00, 
	0x36, 0xfa, 0x11, 0x04, 0xf3, 0x00, 0x04, 0x24, 0xb6, 0x01, 0x05, 0x96, 0xb4, 0x01, 0x04, 0x96, 
	0xec, 0xfb, 0x11, 0x04, 0x25, 0x30, 0x40, 0x00, 0x37, 0xfa, 0x11, 0x04, 0xf3, 0x00, 0x04, 0x24, 
	0xb6, 0x01, 0x05, 0x96, 0xb4, 0x01, 0x04, 0x96, 0xf9, 0xfb, 0x11, 0x04, 0x25, 0x30, 0x40, 0x00, 
	0x08, 0x01, 0x07, 0x26, 0x25, 0x28, 0xe0, 0x00, 0xf3, 0x00, 0x04, 0x24, 0x0a, 0xf9, 0x11, 0x04, 
	0x10, 0x00, 0xa7, 0xaf, 0x10, 0x00, 0xa7, 0x8f, 0xb6, 0x01, 0x05, 0x96, 0xb4, 0x01, 0x04, 0x96, 
	0x25, 0x30, 0x00, 0x00, 0x01, 0xfc, 0x11, 0x04, 0x0b, 0x01, 0x11, 0xa2, 0xb0, 0x01, 0x04, 0x8e, 
	0x9b, 0xe8, 0x11, 0x04, 0x80, 0x00, 0x05, 0x24, 0xb0, 0x01, 0x04, 0x8e, 0x00, 0x01, 0x05, 0x24, 
	0x25, 0x38, 0x00, 0x00, 0x1d, 0xe7, 0x11, 0x04, 0x10, 0x00, 0x06, 0x24, 0xb6, 0x01, 0x05, 0x96, 
	0xb4, 0x01, 0x04, 0x96, 0x97, 0xfb, 0x11, 0x04, 0x00, 0x00, 0x00, 0x00, 0x0b, 0x00, 0x40, 0x10, 
	0x28, 0x01, 0x07, 0x26, 0x25, 0x88, 0x00, 0x00, 0xb0, 0x01, 0x04, 0x8e, 0x8c, 0xe8, 0x11, 0x04, 
	0x00, 0x02, 0x05, 0x24, 0x24, 0x00, 0xbf, 0x8f, 0x1c, 0x00, 0xb0, 0x8f, 0x25, 0x10, 0x20, 0x02, 
	0x20, 0x00, 0xb1, 0x8f, 0x08, 0x00, 0xe0, 0x03, 0x28, 0x00, 0xbd, 0x27, 0xb6, 0x01, 0x05, 0x96, 
	0xb4, 0x01, 0x04, 0x96, 0x25, 0x30, 0x00, 0x00, 0xc2, 0xfc, 0x11, 0x04, 0x10, 0x00, 0xa7, 0xaf, 
	0xc4, 0x01, 0x03, 0x8e, 0x01, 0x00, 0x02, 0x24, 0x04, 0x00, 0x62, 0x14, 0x00, 0x00, 0x00, 0x00, 
	0x10, 0x00, 0xa4, 0x8f, 0xe6, 0xfc, 0x11, 0x04, 0x00, 0x00, 0x00, 0x00, 0x29, 0x01, 0x03, 0x92, 
	0xf3, 0x00, 0x02, 0x24, 0xe7, 0xff, 0x62, 0x14, 0x36, 0x00, 0x24, 0x26, 0x2d, 0x01, 0x02, 0x92, 
	0x80, 0x20, 0x04, 0x00, 0x21, 0x20, 0x04, 0x02, 0x00, 0x00, 0x82, 0xa0, 0x2e, 0x01, 0x02, 0x92, 
	0x01, 0x00, 0x11, 0x24, 0x01, 0x00, 0x82, 0xa0, 0x2f, 0x01, 0x02, 0x92, 0x00, 0x00, 0x00, 0x00, 
	0x02, 0x00, 0x82, 0xa0, 0x30, 0x01, 0x02, 0x92, 0xdb, 0xff, 0x00, 0x10, 0x03, 0x00, 0x82, 0xa0, 
	0xd8, 0xff, 0xbd, 0x27, 0x24, 0x00, 0xbf, 0xaf, 0x20, 0x00, 0xb1, 0xaf, 0x1c, 0x00, 0xb0, 0xaf, 
	0xc2, 0x00, 0xa6, 0x90, 0x25, 0x80, 0xa0, 0x00, 0xc4, 0x01, 0xa5, 0x8c, 0x25, 0x88, 0x80, 0x00, 
	0x15, 0xf8, 0x11, 0x04, 0xf3, 0x00, 0x04, 0x24, 0xb6, 0x01, 0x05, 0x96, 0xb4, 0x01, 0x04, 0x96, 
	0x72, 0xfb, 0x11, 0x04, 0x25, 0x30, 0x40, 0x00, 0xc4, 0x01, 0x05, 0x8e, 0x28, 0xf8, 0x11, 0x04, 
	0xf3, 0x00, 0x04, 0x24, 0xb6, 0x01, 0x05, 0x96, 0xb4, 0x01, 0x04, 0x96, 0x7e, 0xfb, 0x11, 0x04, 
	0x25, 0x30, 0x40, 0x00, 0xde, 0xf9, 0x11, 0x04, 0xf3, 0x00, 0x04, 0x24, 0xb6, 0x01, 0x05, 0x96, 
	0xb4, 0x01, 0x04, 0x96, 0xe5, 0xf9, 0x11, 0x04, 0x25, 0x30, 0x40, 0x00, 0xcf, 0xf9, 0x11, 0x04, 
	0xf3, 0x00, 0x04, 0x24, 0xb6, 0x01, 0x05, 0x96, 0xb4, 0x01, 0x04, 0x96, 0x85, 0xfb, 0x11, 0x04, 
	0x25, 0x30, 0x40, 0x00, 0xd0, 0xf9, 0x11, 0x04, 0xf3, 0x00, 0x04, 0x24, 0xb6, 0x01, 0x05, 0x96, 
	0xb4, 0x01, 0x04, 0x96, 0x92, 0xfb, 0x11, 0x04, 0x25, 0x30, 0x40, 0x00, 0x08, 0x01, 0x07, 0x26, 
	0x25, 0x28, 0xe0, 0x00, 0xf3, 0x00, 0x04, 0x24, 0xbc, 0xf8, 0x11, 0x04, 0x10, 0x00, 0xa7, 0xaf, 
	0x10, 0x00, 0xa7, 0x8f, 0xb6, 0x01, 0x05, 0x96, 0xb4, 0x01, 0x04, 0x96, 0x25, 0x30, 0x00, 0x00, 
	0x9a, 0xfb, 0x11, 0x04, 0x0b, 0x01, 0x11, 0xa2, 0xb0, 0x01, 0x04, 0x8e, 0x34, 0xe8, 0x11, 0x04, 
	0x80, 0x00, 0x05, 0x24, 0xb0, 0x01, 0x04, 0x8e, 0x00, 0x01, 0x05, 0x24, 0x25, 0x38, 0x00, 0x00, 
	0xb6, 0xe6, 0x11, 0x04, 0x10, 0x00, 0x06, 0x24, 0xb6, 0x01, 0x05, 0x96, 0xb4, 0x01, 0x04, 0x96, 
	0x30, 0xfb, 0x11, 0x04, 0x00, 0x00, 0x00, 0x00, 0x0b, 0x00, 0x40, 0x10, 0x28, 0x01, 0x07, 0x26, 
	0x25, 0x88, 0x00, 0x00, 0xb0, 0x01, 0x04, 0x8e, 0x25, 0xe8, 0x11, 0x04, 0x00, 0x02, 0x05, 0x24, 
	0x24, 0x00, 0xbf, 0x8f, 0x1c, 0x00, 0xb0, 0x8f, 0x25, 0x10, 0x20, 0x02, 0x20, 0x00, 0xb1, 0x8f, 
	0x08, 0x00, 0xe0, 0x03, 0x28, 0x00, 0xbd, 0x27, 0xb6, 0x01, 0x05, 0x96, 0xb4, 0x01, 0x04, 0x96, 
	0x25, 0x30, 0x00, 0x00, 0x5b, 0xfc, 0x11, 0x04, 0x10, 0x00, 0xa7, 0xaf, 0xc4, 0x01, 0x03, 0x8e, 
	0x01, 0x00, 0x02, 0x24, 0x04, 0x00, 0x62, 0x14, 0x00, 0x00, 0x00, 0x00, 0x10, 0x00, 0xa4, 0x8f, 
	0x7f, 0xfc, 0x11, 0x04, 0x00, 0x00, 0x00, 0x00, 0x29, 0x01, 0x03, 0x92, 0xf3, 0x00, 0x02, 0x24, 
	0xe7, 0xff, 0x62, 0x14, 0x00, 0x00, 0x00, 0x00, 0x2e, 0x01, 0x02, 0x92, 0x2d, 0x01, 0x03, 0x92, 
	0x00, 0x12, 0x02, 0x00, 0x25, 0x18, 0x43, 0x00, 0x40, 0x88, 0x11, 0x00, 0x02, 0x12, 0x02, 0x00, 
	0x00, 0x1a, 0x03, 0x00, 0x21, 0x88, 0x11, 0x02, 0x21, 0x10, 0x43, 0x00, 0xe8, 0x00, 0x22, 0xa6, 
	0xdc, 0xff, 0x00, 0x10, 0x01, 0x00, 0x11, 0x24, 0xe0, 0xff, 0xbd, 0x27, 0x1c, 0x00, 0xbf, 0xaf, 
	0x18, 0x00, 0xb1, 0xaf, 0x14, 0x00, 0xb0, 0xaf, 0xc2, 0x00, 0x86, 0x90, 0xc4, 0x01, 0x85, 0x8c, 
	0x25, 0x80, 0x80, 0x00, 0xb0, 0xf7, 0x11, 0x04, 0xf3, 0x00, 0x04, 0x24, 0xb6, 0x01, 0x05, 0x96, 
	0xb4, 0x01, 0x04, 0x96, 0x0d, 0xfb, 0x11, 0x04, 0x25, 0x30, 0x40, 0x00, 0xc4, 0x01, 0x05, 0x8e, 
	0xc3, 0xf7, 0x11, 0x04, 0xf3, 0x00, 0x04, 0x24, 0xb6, 0x01, 0x05, 0x96, 0xb4, 0x01, 0x04, 0x96, 
	0x19, 0xfb, 0x11, 0x04, 0x25, 0x30, 0x40, 0x00, 0x79, 0xf9, 0x11, 0x04, 0xf3, 0x00, 0x04, 0x24, 
	0xb6, 0x01, 0x05, 0x96, 0xb4, 0x01, 0x04, 0x96, 0x80, 0xf9, 0x11, 0x04, 0x25, 0x30, 0x40, 0x00, 
	0x6a, 0xf9, 0x11, 0x04, 0xf3, 0x00, 0x04, 0x24, 0xb6, 0x01, 0x05, 0x96, 0xb4, 0x01, 0x04, 0x96, 
	0x20, 0xfb, 0x11, 0x04, 0x25, 0x30, 0x40, 0x00, 0x6b, 0xf9, 0x11, 0x04, 0xf3, 0x00, 0x04, 0x24, 
	0xb6, 0x01, 0x05, 0x96, 0xb4, 0x01, 0x04, 0x96, 0x2d, 0xfb, 0x11, 0x04, 0x25, 0x30, 0x40, 0x00, 
	0x08, 0x01, 0x05, 0x26, 0x72, 0xf8, 0x11, 0x04, 0xf3, 0x00, 0x04, 0x24, 0xb6, 0x01, 0x05, 0x96, 
	0xb4, 0x01, 0x04, 0x96, 0x08, 0x01, 0x07, 0x26, 0x38, 0xfb, 0x11, 0x04, 0x25, 0x30, 0x00, 0x00, 
	0xb0, 0x01, 0x04, 0x8e, 0xd2, 0xe7, 0x11, 0x04, 0x80, 0x00, 0x05, 0x24, 0xb0, 0x01, 0x04, 0x8e, 
	0x25, 0x38, 0x00, 0x00, 0x10, 0x00, 0x06, 0x24, 0x54, 0xe6, 0x11, 0x04, 0x00, 0x01, 0x05, 0x24, 
	0xb6, 0x01, 0x05, 0x96, 0xb4, 0x01, 0x04, 0x96, 0xce, 0xfa, 0x11, 0x04, 0x25, 0x88, 0x00, 0x00, 
	0x09, 0x00, 0x40, 0x14, 0x28, 0x01, 0x07, 0x26, 0xb6, 0x01, 0x05, 0x96, 0xb4, 0x01, 0x04, 0x96, 
	0x04, 0xfc, 0x11, 0x04, 0x25, 0x30, 0x00, 0x00, 0xc4, 0x01, 0x03, 0x8e, 0x01, 0x00, 0x02, 0x24, 
	0x0a, 0x00, 0x62, 0x10, 0x01, 0x00, 0x11, 0x24, 0xb0, 0x01, 0x04, 0x8e, 0xbc, 0xe7, 0x11, 0x04, 
	0x00, 0x02, 0x05, 0x24, 0x1c, 0x00, 0xbf, 0x8f, 0x14, 0x00, 0xb0, 0x8f, 0x25, 0x10, 0x20, 0x02, 
	0x18, 0x00, 0xb1, 0x8f, 0x08, 0x00, 0xe0, 0x03, 0x20, 0x00, 0xbd, 0x27, 0x20, 0xfc, 0x11, 0x04, 
	0x28, 0x01, 0x04, 0x26, 0xf4, 0xff, 0x00, 0x10, 0x01, 0x00, 0x11, 0x24, 0xe0, 0xff, 0xbd, 0x27, 
	0x1c, 0x00, 0xbf, 0xaf, 0x14, 0x00, 0xb0, 0xaf, 0x18, 0x00, 0xb1, 0xaf, 0xc2, 0x00, 0x86, 0x90, 
	0xc4, 0x01, 0x85, 0x8c, 0x25, 0x80, 0x80, 0x00, 0x5f, 0xf7, 0x11, 0x04, 0xf3, 0x00, 0x04, 0x24, 
	0xb6, 0x01, 0x05, 0x96, 0xb4, 0x01, 0x04, 0x96, 0xbc, 0xfa, 0x11, 0x04, 0x25, 0x30, 0x40, 0x00, 
	0xc4, 0x01, 0x05, 0x8e, 0x72, 0xf7, 0x11, 0x04, 0xf3, 0x00, 0x04, 0x24, 0xb6, 0x01, 0x05, 0x96, 
	0xb4, 0x01, 0x04, 0x96, 0xc8, 0xfa, 0x11, 0x04, 0x25, 0x30, 0x40, 0x00, 0x28, 0xf9, 0x11, 0x04, 
	0xf3, 0x00, 0x04, 0x24, 0xb6, 0x01, 0x05, 0x96, 0xb4, 0x01, 0x04, 0x96, 0x2f, 0xf9, 0x11, 0x04, 
	0x25, 0x30, 0x40, 0x00, 0x19, 0xf9, 0x11, 0x04, 0xf3, 0x00, 0x04, 0x24, 0xb6, 0x01, 0x05, 0x96, 
	0xb4, 0x01, 0x04, 0x96, 0xcf, 0xfa, 0x11, 0x04, 0x25, 0x30, 0x40, 0x00, 0x1a, 0xf9, 0x11, 0x04, 
	0xf3, 0x00, 0x04, 0x24, 0xb6, 0x01, 0x05, 0x96, 0xb4, 0x01, 0x04, 0x96, 0xdc, 0xfa, 0x11, 0x04, 
	0x25, 0x30, 0x40, 0x00, 0x08, 0x01, 0x05, 0x26, 0x3a, 0xf8, 0x11, 0x04, 0xf3, 0x00, 0x04, 0x24, 
	0x0b, 0x01, 0x02, 0x26, 0x11, 0x01, 0x03, 0x26, 0x71, 0x00, 0x44, 0x90, 0x01, 0x00, 0x42, 0x24, 
	0xfd, 0xff, 0x43, 0x14, 0xff, 0xff, 0x44, 0xa0, 0xb6, 0x01, 0x05, 0x96, 0xb4, 0x01, 0x04, 0x96, 
	0x08, 0x01, 0x07, 0x26, 0xe1, 0xfa, 0x11, 0x04, 0x25, 0x30, 0x00, 0x00, 0xb0, 0x01, 0x04, 0x8e, 
	0x7b, 0xe7, 0x11, 0x04, 0x80, 0x00, 0x05, 0x24, 0xb0, 0x01, 0x04, 0x8e, 0x25, 0x38, 0x00, 0x00, 
	0x10, 0x00, 0x06, 0x24, 0xfd, 0xe5, 0x11, 0x04, 0x00, 0x01, 0x05, 0x24, 0xb6, 0x01, 0x05, 0x96, 
	0xb4, 0x01, 0x04, 0x96, 0x77, 0xfa, 0x11, 0x04, 0x25, 0x88, 0x00, 0x00, 0x0f, 0x00, 0x40, 0x14, 
	0x28, 0x01, 0x07, 0x26, 0xb6, 0x01, 0x05, 0x96, 0xb4, 0x01, 0x04, 0x96, 0xad, 0xfb, 0x11, 0x04, 
	0x25, 0x30, 0x00, 0x00, 0xc4, 0x01, 0x03, 0x8e, 0x01, 0x00, 0x02, 0x24, 0x03, 0x00, 0x62, 0x14, 
	0x00, 0x00, 0x00, 0x00, 0xd2, 0xfb, 0x11, 0x04, 0x28, 0x01, 0x04, 0x26, 0x29, 0x01, 0x11, 0x92, 
	0x00, 0x00, 0x00, 0x00, 0xf3, 0x00, 0x31, 0x3a, 0x01, 0x00, 0x31, 0x2e, 0xb0, 0x01, 0x04, 0x8e, 
	0x5f, 0xe7, 0x11, 0x04, 0x00, 0x02, 0x05, 0x24, 0x1c, 0x00, 0xbf, 0x8f, 0x14, 0x00, 0xb0, 0x8f, 
	0x25, 0x10, 0x20, 0x02, 0x18, 0x00, 0xb1, 0x8f, 0x08, 0x00, 0xe0, 0x03, 0x20, 0x00, 0xbd, 0x27, 
	0xe0, 0xff, 0xbd, 0x27, 0x1c, 0x00, 0xbf, 0xaf, 0x18, 0x00, 0xb1, 0xaf, 0x14, 0x00, 0xb0, 0xaf, 
	0xc2, 0x00, 0x86, 0x90, 0xc4, 0x01, 0x85, 0x8c, 0x25, 0x80, 0x80, 0x00, 0x06, 0xf7, 0x11, 0x04, 
	0xf3, 0x00, 0x04, 0x24, 0xb6, 0x01, 0x05, 0x96, 0xb4, 0x01, 0x04, 0x96, 0x63, 0xfa, 0x11, 0x04, 
	0x25, 0x30, 0x40, 0x00, 0xc4, 0x01, 0x05, 0x8e, 0x19, 0xf7, 0x11, 0x04, 0xf3, 0x00, 0x04, 0x24, 
	0xb6, 0x01, 0x05, 0x96, 0xb4, 0x01, 0x04, 0x96, 0x6f, 0xfa, 0x11, 0x04, 0x25, 0x30, 0x40, 0x00, 
	0xcf, 0xf8, 0x11, 0x04, 0xf3, 0x00, 0x04, 0x24, 0xb6, 0x01, 0x05, 0x96, 0xb4, 0x01, 0x04, 0x96, 
	0xd6, 0xf8, 0x11, 0x04, 0x25, 0x30, 0x40, 0x00, 0xc0, 0xf8, 0x11, 0x04, 0xf3, 0x00, 0x04, 0x24, 
	0xb6, 0x01, 0x05, 0x96, 0xb4, 0x01, 0x04, 0x96, 0x76, 0xfa, 0x11, 0x04, 0x25, 0x30, 0x40, 0x00, 
	0xc1, 0xf8, 0x11, 0x04, 0xf3, 0x00, 0x04, 0x24, 0xb6, 0x01, 0x05, 0x96, 0xb4, 0x01, 0x04, 0x96, 
	0x83, 0xfa, 0x11, 0x04, 0x25, 0x30, 0x40, 0x00, 0x08, 0x01, 0x05, 0x26, 0xfa, 0xf7, 0x11, 0x04, 
	0xf3, 0x00, 0x04, 0x24, 0xb6, 0x01, 0x05, 0x96, 0xb4, 0x01, 0x04, 0x96, 0x08, 0x01, 0x07, 0x26, 
	0x8e, 0xfa, 0x11, 0x04, 0x25, 0x30, 0x00, 0x00, 0xb0, 0x01, 0x04, 0x8e, 0x28, 0xe7, 0x11, 0x04, 
	0x80, 0x00, 0x05, 0x24, 0xb0, 0x01, 0x04, 0x8e, 0x25, 0x38, 0x00, 0x00, 0x10, 0x00, 0x06, 0x24, 
	0xaa, 0xe5, 0x11, 0x04, 0x00, 0x01, 0x05, 0x24, 0xb6, 0x01, 0x05, 0x96, 0xb4, 0x01, 0x04, 0x96, 
	0x24, 0xfa, 0x11, 0x04, 0x25, 0x88, 0x00, 0x00, 0x1c, 0x00, 0x40, 0x14, 0x28, 0x01, 0x07, 0x26, 
	0xb6, 0x01, 0x05, 0x96, 0xb4, 0x01, 0x04, 0x96, 0x5a, 0xfb, 0x11, 0x04, 0x25, 0x30, 0x00, 0x00, 
	0xc4, 0x01, 0x03, 0x8e, 0x01, 0x00, 0x02, 0x24, 0x03, 0x00, 0x62, 0x14, 0x00, 0x00, 0x00, 0x00, 
	0x7f, 0xfb, 0x11, 0x04, 0x28, 0x01, 0x04, 0x26, 0x30, 0x01, 0x03, 0x92, 0x5a, 0x00, 0x02, 0x24, 
	0x17, 0x00, 0x62, 0x14, 0x00, 0x00, 0x00, 0x00, 0x2b, 0x01, 0x02, 0x92, 0x00, 0x00, 0x00, 0x00, 
	0xf4, 0x00, 0x02, 0xa2, 0x2c, 0x01, 0x02, 0x92, 0x00, 0x00, 0x00, 0x00, 0xf5, 0x00, 0x02, 0xa2, 
	0x2d, 0x01, 0x02, 0x92, 0x00, 0x00, 0x00, 0x00, 0xf6, 0x00, 0x02, 0xa2, 0x2e, 0x01, 0x02, 0x92, 
	0x00, 0x00, 0x00, 0x00, 0xf7, 0x00, 0x02, 0xa2, 0x01, 0x00, 0x11, 0x24, 0xb0, 0x01, 0x04, 0x8e, 
	0xff, 0xe6, 0x11, 0x04, 0x00, 0x02, 0x05, 0x24, 0x1c, 0x00, 0xbf, 0x8f, 0x14, 0x00, 0xb0, 0x8f, 
	0x25, 0x10, 0x20, 0x02, 0x18, 0x00, 0xb1, 0x8f, 0x08, 0x00, 0xe0, 0x03, 0x20, 0x00, 0xbd, 0x27, 
	0xf5, 0xff, 0x00, 0x10, 0xf4, 0x00, 0x00, 0xae, 0xe0, 0xff, 0xbd, 0x27, 0x1c, 0x00, 0xbf, 0xaf, 
	0x18, 0x00, 0xb1, 0xaf, 0x14, 0x00, 0xb0, 0xaf, 0xc2, 0x00, 0x86, 0x90, 0xc4, 0x01, 0x85, 0x8c, 
	0x25, 0x80, 0x80, 0x00, 0xa4, 0xf6, 0x11, 0x04, 0xf3, 0x00, 0x04, 0x24, 0xb6, 0x01, 0x05, 0x96, 
	0xb4, 0x01, 0x04, 0x96, 0x01, 0xfa, 0x11, 0x04, 0x25, 0x30, 0x40, 0x00, 0xc4, 0x01, 0x05, 0x8e, 
	0xb7, 0xf6, 0x11, 0x04, 0xf3, 0x00, 0x04, 0x24, 0xb6, 0x01, 0x05, 0x96, 0xb4, 0x01, 0x04, 0x96, 
	0x0d, 0xfa, 0x11, 0x04, 0x25, 0x30, 0x40, 0x00, 0x6d, 0xf8, 0x11, 0x04, 0xf3, 0x00, 0x04, 0x24, 
	0xb6, 0x01, 0x05, 0x96, 0xb4, 0x01, 0x04, 0x96, 0x74, 0xf8, 0x11, 0x04, 0x25, 0x30, 0x40, 0x00, 
	0x5e, 0xf8, 0x11, 0x04, 0xf3, 0x00, 0x04, 0x24, 0xb6, 0x01, 0x05, 0x96, 0xb4, 0x01, 0x04, 0x96, 
	0x14, 0xfa, 0x11, 0x04, 0x25, 0x30, 0x40, 0x00, 0x5f, 0xf8, 0x11, 0x04, 0xf3, 0x00, 0x04, 0x24, 
	0xb6, 0x01, 0x05, 0x96, 0xb4, 0x01, 0x04, 0x96, 0x21, 0xfa, 0x11, 0x04, 0x25, 0x30, 0x40, 0x00, 
	0x08, 0x01, 0x05, 0x26, 0xca, 0xf7, 0x11, 0x04, 0xf3, 0x00, 0x04, 0x24, 0xf0, 0x00, 0x02, 0x92, 
	0xb6, 0x01, 0x05, 0x96, 0x0b, 0x01, 0x02, 0xa2, 0xf1, 0x00, 0x02, 0x92, 0xb4, 0x01, 0x04, 0x96, 
	0x0c, 0x01, 0x02, 0xa2, 0xf2, 0x00, 0x02, 0x92, 0x08, 0x01, 0x07, 0x26, 0x0d, 0x01, 0x02, 0xa2, 
	0xf3, 0x00, 0x02, 0x92, 0x25, 0x30, 0x00, 0x00, 0x24, 0xfa, 0x11, 0x04, 0x0e, 0x01, 0x02, 0xa2, 
	0xb0, 0x01, 0x04, 0x8e, 0xbe, 0xe6, 0x11, 0x04, 0x80, 0x00, 0x05, 0x24, 0xb0, 0x01, 0x04, 0x8e, 
	0x25, 0x38, 0x00, 0x00, 0x10, 0x00, 0x06, 0x24, 0x40, 0xe5, 0x11, 0x04, 0x00, 0x01, 0x05, 0x24, 
	0xb6, 0x01, 0x05, 0x96, 0xb4, 0x01, 0x04, 0x96, 0xba, 0xf9, 0x11, 0x04, 0x25, 0x88, 0x00, 0x00, 
	0x0f, 0x00, 0x40, 0x14, 0x28, 0x01, 0x07, 0x26, 0xb6, 0x01, 0x05, 0x96, 0xb4, 0x01, 0x04, 0x96, 
	0xf0, 0xfa, 0x11, 0x04, 0x25, 0x30, 0x00, 0x00, 0xc4, 0x01, 0x03, 0x8e, 0x01, 0x00, 0x02, 0x24, 
	0x03, 0x00, 0x62, 0x14, 0x00, 0x00, 0x00, 0x00, 0x15, 0xfb, 0x11, 0x04, 0x28, 0x01, 0x04, 0x26, 
	0x29, 0x01, 0x11, 0x92, 0x00, 0x00, 0x00, 0x00, 0xf3, 0x00, 0x31, 0x3a, 0x01, 0x00, 0x31, 0x2e, 
	0xb0, 0x01, 0x04, 0x8e, 0xa2, 0xe6, 0x11, 0x04, 0x00, 0x02, 0x05, 0x24, 0x1c, 0x00, 0xbf, 0x8f, 
	0x14, 0x00, 0xb0, 0x8f, 0x25, 0x10, 0x20, 0x02, 0x18, 0x00, 0xb1, 0x8f, 0x08, 0x00, 0xe0, 0x03, 
	0x20, 0x00, 0xbd, 0x27, 0x00, 0x00, 0x00, 0x00, 0x00, 0x00, 0x00, 0x00, 0x00, 0x00, 0x00, 0x00, 
	0x8c, 0x05, 0x00, 0x00, 0xe4, 0x06, 0x00, 0x00, 0xc4, 0x05, 0x00, 0x00, 0xe4, 0x05, 0x00, 0x00, 
	0x04, 0x06, 0x00, 0x00, 0x24, 0x06, 0x00, 0x00, 0x44, 0x06, 0x00, 0x00, 0x5c, 0x06, 0x00, 0x00, 
	0x74, 0x06, 0x00, 0x00, 0x8c, 0x06, 0x00, 0x00, 0xa8, 0x06, 0x00, 0x00, 0xc0, 0x06, 0x00, 0x00, 
	0xd0, 0x06, 0x00, 0x00, 0xa8, 0x05, 0x00, 0x00, 0x6c, 0x05, 0x00, 0x00, 0x58, 0x05, 0x00, 0x00, 
	0xe4, 0x06, 0x00, 0x00, 0x7c, 0x05, 0x00, 0x00, 0x00, 0x00, 0x00, 0x00, 0x00, 0x00, 0x00, 0x00, 
	0x3c, 0x0f, 0x00, 0x00, 0x78, 0x0f, 0x00, 0x00, 0x84, 0x0f, 0x00, 0x00, 0x08, 0x13, 0x00, 0x00, 
	0x14, 0x13, 0x00, 0x00, 0x20, 0x13, 0x00, 0x00, 0x2c, 0x13, 0x00, 0x00, 0x00, 0x00, 0x00, 0x00, 
	0x74, 0x68, 0x70, 0x72, 0x69, 0x3d, 0x00, 0x00, 0x66, 0x72, 0x65, 0x65, 0x70, 0x61, 0x64, 0x3a, 
	0x20, 0x69, 0x6e, 0x76, 0x61, 0x6c, 0x69, 0x64, 0x20, 0x70, 0x72, 0x69, 0x6f, 0x72, 0x69, 0x74, 
	0x79, 0x20, 0x25, 0x64, 0x0a, 0x00, 0x00, 0x00, 0x66, 0x72, 0x65, 0x65, 0x70, 0x61, 0x64, 0x3a, 
	0x20, 0x68, 0x69, 0x67, 0x68, 0x20, 0x70, 0x72, 0x69, 0x6f, 0x20, 0x74, 0x68, 0x72, 0x65, 0x61, 
	0x64, 0x20, 0x6d, 0x75, 0x73, 0x74, 0x20, 0x62, 0x65, 0x20, 0x68, 0x69, 0x67, 0x68, 0x65, 0x72, 
	0x20, 0x74, 0x68, 0x61, 0x6e, 0x20, 0x6c, 0x6f, 0x77, 0x20, 0x70, 0x72, 0x69, 0x6f, 0x20, 0x74, 
	0x68, 0x72, 0x65, 0x61, 0x64, 0x0a, 0x00, 0x00, 0x66, 0x72, 0x65, 0x65, 0x70, 0x61, 0x64, 0x3a, 
	0x20, 0x74, 0x68, 0x72, 0x65, 0x61, 0x64, 0x20, 0x70, 0x72, 0x69, 0x6f, 0x72, 0x69, 0x74, 0x79, 
	0x3a, 0x20, 0x68, 0x69, 0x67, 0x68, 0x3d, 0x25, 0x64, 0x2c, 0x20, 0x6c, 0x6f, 0x77, 0x3d, 0x25, 
	0x64, 0x0a, 0x00, 0x00, 0x66, 0x72, 0x65, 0x65, 0x70, 0x61, 0x64, 0x3a, 0x20, 0x52, 0x65, 0x67, 
	0x69, 0x73, 0x74, 0x65, 0x72, 0x4c, 0x69, 0x62, 0x72, 0x61, 0x72, 0x79, 0x45, 0x6e, 0x74, 0x72, 
	0x69, 0x65, 0x73, 0x20, 0x66, 0x61, 0x69, 0x6c, 0x65, 0x64, 0x2e, 0x0a, 0x00, 0x00, 0x00, 0x00, 
	0x66, 0x72, 0x65, 0x65, 0x70, 0x61, 0x64, 0x3a, 0x20, 0x46, 0x61, 0x69, 0x6c, 0x65, 0x64, 0x20, 
	0x74, 0x6f, 0x20, 0x69, 0x6e, 0x69, 0x74, 0x20, 0x52, 0x50, 0x43, 0x20, 0x73, 0x65, 0x72, 0x76, 
	0x65, 0x72, 0x73, 0x2e, 0x0a, 0x00, 0x00, 0x00, 0x50, 0x61, 0x64, 0x20, 0x44, 0x72, 0x69, 0x76, 
	0x65, 0x72, 0x20, 0x66, 0x6f, 0x72, 0x20, 0x4f, 0x53, 0x44, 0x0a, 0x00, 0x70, 0x61, 0x64, 0x6d, 
	0x61, 0x6e, 0x00, 0x00, 0x00, 0x00, 0x00, 0x00, 0x00, 0x00, 0x00, 0x00, 0x00, 0x00, 0x00, 0x00, 
	0x66, 0x72, 0x65, 0x65, 0x70, 0x61, 0x64, 0x3a, 0x20, 0x45, 0x78, 0x74, 0x65, 0x6e, 0x64, 0x20, 
	0x53, 0x65, 0x72, 0x76, 0x69, 0x63, 0x65, 0x3a, 0x20, 0x54, 0x68, 0x69, 0x73, 0x20, 0x73, 0x65, 
	0x72, 0x76, 0x69, 0x63, 0x65, 0x20, 0x69, 0x73, 0x20, 0x6e, 0x6f, 0x74, 0x20, 0x73, 0x75, 0x70, 
	0x70, 0x6f, 0x72, 0x74, 0x65, 0x64, 0x2e, 0x0a, 0x00, 0x00, 0x00, 0x00, 0x66, 0x72, 0x65, 0x65, 
	0x70, 0x61, 0x64, 0x3a, 0x20, 0x53, 0x69, 0x66, 0x20, 0x6e, 0x6f, 0x74, 0x20, 0x69, 0x6e, 0x69, 
	0x74, 0x69, 0x61, 0x6c, 0x69, 0x7a, 0x65, 0x64, 0x2e, 0x0a, 0x00, 0x00, 0x66, 0x72, 0x65, 0x65, 
	0x70, 0x61, 0x64, 0x3a, 0x20, 0x69, 0x6e, 0x76, 0x61, 0x6c, 0x69, 0x64, 0x20, 0x66, 0x75, 0x6e, 
	0x63, 0x74, 0x69, 0x6f, 0x6e, 0x20, 0x63, 0x6f, 0x64, 0x65, 0x20, 0x28, 0x25, 0x30, 0x33, 0x78, 
	0x29, 0x0a, 0x00, 0x00, 0x00, 0x00, 0x00, 0x00, 0x00, 0x00, 0x00, 0x00, 0x00, 0x00, 0x00, 0x00, 
	0x66, 0x72, 0x65, 0x65, 0x70, 0x61, 0x64, 0x3a, 0x20, 0x44, 0x4d, 0x41, 0x20, 0x42, 0x75, 0x73, 
	0x79, 0x20, 0x49, 0x44, 0x20, 0x3d, 0x20, 0x25, 0x30, 0x38, 0x78, 0x20, 0x72, 0x65, 0x74, 0x20, 
	0x3d, 0x20, 0x25, 0x64, 0x0a, 0x00, 0x00, 0x00, 0x66, 0x72, 0x65, 0x65, 0x70, 0x61, 0x64, 0x3a, 
	0x20, 0x20, 0x20, 0x20, 0x20, 0x20, 0x20, 0x20, 0x20, 0x53, 0x42, 0x5f, 0x53, 0x54, 0x41, 0x54, 
	0x20, 0x3d, 0x20, 0x25, 0x30, 0x38, 0x78, 0x0a, 0x00, 0x00, 0x00, 0x00, 0x66, 0x72, 0x65, 0x65, 
	0x70, 0x61, 0x64, 0x3a, 0x20, 0x73, 0x63, 0x65, 0x53, 0x69, 0x66, 0x53, 0x65, 0x74, 0x44, 0x6d, 
	0x61, 0x20, 0x66, 0x61, 0x69, 0x6c, 0x65, 0x64, 0x0a, 0x00, 0x00, 0x00, 0x66, 0x72, 0x65, 0x65, 
	0x70, 0x61, 0x64, 0x3a, 0x20, 0x52, 0x65, 0x66, 0x72, 0x65, 0x73, 0x68, 0x20, 0x72, 0x65, 0x71, 
	0x75, 0x65, 0x73, 0x74, 0x20, 0x66, 0x72, 0x6f, 0x6d, 0x20, 0x45, 0x45, 0x0a, 0x2e, 0x00, 0x00, 
	0x66, 0x72, 0x65, 0x65, 0x70, 0x61, 0x64, 0x3a, 0x20, 0x70, 0x61, 0x64, 0x49, 0x6e, 0x69, 0x74, 
	0x3a, 0x20, 0x43, 0x72, 0x65, 0x61, 0x74, 0x65, 0x45, 0x76, 0x65, 0x6e, 0x74, 0x46, 0x6c, 0x61, 
	0x67, 0x20, 0x66, 0x61, 0x69, 0x6c, 0x65, 0x64, 0x20, 0x28, 0x25, 0x64, 0x29, 0x2e, 0x0a, 0x00, 
	0x66, 0x72, 0x65, 0x65, 0x70, 0x61, 0x64, 0x3a, 0x20, 0x70, 0x61, 0x64, 0x49, 0x6e, 0x69, 0x74, 
	0x3a, 0x20, 0x43, 0x72, 0x65, 0x61, 0x74, 0x65, 0x54, 0x68, 0x72, 0x65, 0x61, 0x64, 0x20, 0x54, 
	0x72, 0x61, 0x6e, 0x73, 0x66, 0x65, 0x72, 0x54, 0x68, 0x72, 0x65, 0x61, 0x64, 0x20, 0x66, 0x61, 
	0x69, 0x6c, 0x65, 0x64, 0x20, 0x28, 0x25, 0x64, 0x29, 0x0a, 0x2e, 0x00, 0x66, 0x72, 0x65, 0x65, 
	0x70, 0x61, 0x64, 0x3a, 0x20, 0x70, 0x61, 0x64, 0x49, 0x6e, 0x69, 0x74, 0x3a, 0x20, 0x43, 0x72, 
	0x65, 0x61, 0x74, 0x65, 0x54, 0x68, 0x72, 0x65, 0x61, 0x64, 0x20, 0x4d, 0x61, 0x69, 0x6e, 0x54, 
	0x68, 0x72, 0x65, 0x61, 0x64, 0x20, 0x66, 0x61, 0x69, 0x6c, 0x65, 0x64, 0x20, 0x28, 0x25, 0x64, 
	0x29, 0x0a, 0x2e, 0x00, 0x00, 0x00, 0x00, 0x00, 0x00, 0x00, 0x00, 0x00, 0x00, 0x00, 0x00, 0x00, 
	0x66, 0x72, 0x65, 0x65, 0x70, 0x61, 0x64, 0x3a, 0x20, 0x49, 0x6e, 0x76, 0x61, 0x6c, 0x69, 0x64, 
	0x20, 0x70, 0x6f, 0x72, 0x74, 0x20, 0x6e, 0x75, 0x6d, 0x62, 0x65, 0x72, 0x3a, 0x20, 0x25, 0x64, 
	0x0a, 0x00, 0x00, 0x00, 0x66, 0x72, 0x65, 0x65, 0x70, 0x61, 0x64, 0x3a, 0x20, 0x49, 0x6e, 0x76, 
	0x61, 0x6c, 0x69, 0x64, 0x20, 0x73, 0x6c, 0x6f, 0x74, 0x20, 0x6e, 0x75, 0x6d, 0x62, 0x65, 0x72, 
	0x3a, 0x20, 0x25, 0x64, 0x0a, 0x00, 0x00, 0x00, 0x66, 0x72, 0x65, 0x65, 0x70, 0x61, 0x64, 0x3a, 
	0x20, 0x54, 0x68, 0x65, 0x20, 0x73, 0x6c, 0x6f, 0x74, 0x20, 0x77, 0x69, 0x6c, 0x6c, 0x20, 0x62, 
	0x65, 0x20, 0x72, 0x65, 0x66, 0x72, 0x65, 0x73, 0x68, 0x65, 0x64, 0x3a, 0x20, 0x28, 0x25, 0x64, 
	0x2c, 0x20, 0x25, 0x64, 0x29, 0x0a, 0x00, 0x00, 0x66, 0x72, 0x65, 0x65, 0x70, 0x61, 0x64, 0x3a, 
	0x20, 0x50, 0x6f, 0x72, 0x74, 0x20, 0x6f, 0x70, 0x65, 0x6e, 0x20, 0x66, 0x61, 0x69, 0x6c, 0x65, 
	0x64, 0x20, 0x28, 0x43, 0x72, 0x65, 0x61, 0x74, 0x65, 0x45, 0x76, 0x65, 0x6e, 0x74, 0x46, 0x6c, 
	0x61, 0x67, 0x29, 0x2e, 0x0a, 0x00, 0x00, 0x00, 0x66, 0x72, 0x65, 0x65, 0x70, 0x61, 0x64, 0x3a, 
	0x20, 0x50, 0x6f, 0x72, 0x74, 0x20, 0x6f, 0x70, 0x65, 0x6e, 0x20, 0x66, 0x61, 0x69, 0x6c, 0x65, 
	0x64, 0x20, 0x28, 0x43, 0x72, 0x65, 0x61, 0x74, 0x65, 0x54, 0x68, 0x72, 0x65, 0x61, 0x64, 0x20, 
	0x55, 0x70, 0x64, 0x61, 0x74, 0x65, 0x50, 0x61, 0x64, 0x54, 0x68, 0x72, 0x65, 0x61, 0x64, 0x29, 
	0x2e, 0x0a, 0x00, 0x00, 0x66, 0x72, 0x65, 0x65, 0x70, 0x61, 0x64, 0x3a, 0x20, 0x50, 0x6f, 0x72, 
	0x74, 0x20, 0x6f, 0x70, 0x65, 0x6e, 0x20, 0x66, 0x61, 0x69, 0x6c, 0x65, 0x64, 0x20, 0x28, 0x43, 
	0x72, 0x65, 0x61, 0x74, 0x65, 0x54, 0x68, 0x72, 0x65, 0x61, 0x64, 0x20, 0x51, 0x75, 0x65, 0x72, 
	0x79, 0x50, 0x61, 0x64, 0x54, 0x68, 0x72, 0x65, 0x61, 0x64, 0x29, 0x2e, 0x0a, 0x00, 0x00, 0x00, 
	0x66, 0x72, 0x65, 0x65, 0x70, 0x61, 0x64, 0x3a, 0x20, 0x50, 0x6f, 0x72, 0x74, 0x20, 0x6f, 0x70, 
	0x65, 0x6e, 0x20, 0x66, 0x61, 0x69, 0x6c, 0x65, 0x64, 0x20, 0x28, 0x43, 0x72, 0x65, 0x61, 0x74, 
	0x65, 0x54, 0x68, 0x72, 0x65, 0x61, 0x64, 0x20, 0x53, 0x65, 0x74, 0x4d, 0x61, 0x69, 0x6e, 0x4d, 
	0x6f, 0x64, 0x65, 0x54, 0x68, 0x72, 0x65, 0x61, 0x64, 0x29, 0x0a, 0x2e, 0x00, 0x00, 0x00, 0x00, 
	0x66, 0x72, 0x65, 0x65, 0x70, 0x61, 0x64, 0x3a, 0x20, 0x50, 0x6f, 0x72, 0x74, 0x20, 0x6f, 0x70, 
	0x65, 0x6e, 0x20, 0x66, 0x61, 0x69, 0x6c, 0x65, 0x64, 0x20, 0x28, 0x43, 0x72, 0x65, 0x61, 0x74, 
	0x65, 0x54, 0x68, 0x72, 0x65, 0x61, 0x64, 0x20, 0x53, 0x65, 0x74, 0x41, 0x63, 0x74, 0x41, 0x6c, 
	0x69, 0x67, 0x6e, 0x54, 0x68, 0x72, 0x65, 0x61, 0x64, 0x29, 0x2e, 0x0a, 0x00, 0x00, 0x00, 0x00, 
	0x66, 0x72, 0x65, 0x65, 0x70, 0x61, 0x64, 0x3a, 0x20, 0x50, 0x6f, 0x72, 0x74, 0x20, 0x6f, 0x70, 
	0x65, 0x6e, 0x20, 0x66, 0x61, 0x69, 0x6c, 0x65, 0x64, 0x20, 0x28, 0x43, 0x72, 0x65, 0x61, 0x74, 
	0x65, 0x54, 0x68, 0x72, 0x65, 0x61, 0x64, 0x20, 0x53, 0x65, 0x74, 0x42, 0x75, 0x74, 0x74, 0x6f, 
	0x6e, 0x49, 0x6e, 0x66, 0x6f, 0x54, 0x68, 0x72, 0x65, 0x61, 0x64, 0x29, 0x2e, 0x0a, 0x00, 0x00, 
	0x66, 0x72, 0x65, 0x65, 0x70, 0x61, 0x64, 0x3a, 0x20, 0x50, 0x6f, 0x72, 0x74, 0x20, 0x6f, 0x70, 
	0x65, 0x6e, 0x20, 0x66, 0x61, 0x69, 0x6c, 0x65, 0x64, 0x20, 0x28, 0x43, 0x72, 0x65, 0x61, 0x74, 
	0x65, 0x54, 0x68, 0x72, 0x65, 0x61, 0x64, 0x20, 0x53, 0x65, 0x74, 0x56, 0x72, 0x65, 0x66, 0x50, 
	0x61, 0x72, 0x61, 0x6d, 0x54, 0x68, 0x72, 0x65, 0x61, 0x64, 0x29, 0x2e, 0x0a, 0x00, 0x00, 0x00, 
	0x66, 0x72, 0x65, 0x65, 0x70, 0x61, 0x64, 0x3a, 0x20, 0x50, 0x6f, 0x72, 0x74, 0x20, 0x6f, 0x70, 
	0x65, 0x6e, 0x20, 0x66, 0x61, 0x69, 0x6c, 0x65, 0x64, 0x2c, 0x20, 0x62, 0x75, 0x73, 0x79, 0x2e, 
	0x0a, 0x00, 0x00, 0x00, 0x00, 0x00, 0x00, 0x00, 0x00, 0x00, 0x00, 0x00, 0x00, 0x00, 0x00, 0x00, 
	0x66, 0x72, 0x65, 0x65, 0x70, 0x61, 0x64, 0x3a, 0x20, 0x70, 0x61, 0x64, 0x50, 0x6f, 0x72, 0x74, 
	0x43, 0x6c, 0x6f, 0x73, 0x65, 0x3a, 0x20, 0x50, 0x6f, 0x72, 0x74, 0x20, 0x25, 0x69, 0x20, 0x53, 
	0x6c, 0x6f, 0x74, 0x20, 0x25, 0x69, 0x20, 0x69, 0x73, 0x20, 0x6e, 0x6f, 0x74, 0x20, 0x6f, 0x70, 
	0x65, 0x6e, 0x2e, 0x0a, 0x00, 0x00, 0x00, 0x00, 0x66, 0x72, 0x65, 0x65, 0x70, 0x61, 0x64, 0x3a, 
	0x20, 0x70, 0x61, 0x64, 0x50, 0x6f, 0x72, 0x74, 0x43, 0x6c, 0x6f, 0x73, 0x65, 0x3a, 0x20, 0x50, 
	0x6f, 0x72, 0x74, 0x20, 0x25, 0x69, 0x20, 0x53, 0x6c, 0x6f, 0x74, 0x20, 0x25, 0x69, 0x20, 0x72, 
	0x65, 0x71, 0x75, 0x65, 0x73, 0x74, 0x20, 0x66, 0x61, 0x69, 0x6c, 0x65, 0x64, 0x2e, 0x0a, 0x00, 
	0x66, 0x72, 0x65, 0x65, 0x70, 0x61, 0x64, 0x3a, 0x20, 0x52, 0x65, 0x6c, 0x65, 0x61, 0x73, 0x65, 
	0x20, 0x56, 0x42, 0x5f, 0x53, 0x54, 0x41, 0x52, 0x54, 0x20, 0x66, 0x61, 0x69, 0x6c, 0x65, 0x64, 
	0x2e, 0x0a, 0x00, 0x00, 0x66, 0x72, 0x65, 0x65, 0x70, 0x61, 0x64, 0x3a, 0x20, 0x52, 0x65, 0x6c, 
	0x65, 0x61, 0x73, 0x65, 0x20, 0x56, 0x42, 0x5f, 0x45, 0x4e, 0x44, 0x20, 0x66, 0x61, 0x69, 0x6c, 
	0x65, 0x64, 0x2e, 0x0a, 0x00, 0x00, 0x00, 0x00, 0x66, 0x72, 0x65, 0x65, 0x70, 0x61, 0x64, 0x3a, 
	0x20, 0x4f, 0x76, 0x65, 0x72, 0x20, 0x43, 0x6f, 0x6e, 0x73, 0x75, 0x6d, 0x70, 0x74, 0x20, 0x4d, 
	0x61, 0x78, 0x20, 0x36, 0x30, 0x30, 0x6d, 0x41, 0x5b, 0x25, 0x64, 0x5d, 0x5b, 0x25, 0x64, 0x5d, 
	0x0a, 0x00, 0x00, 0x00, 0x00, 0x00, 0x00, 0x00, 0x00, 0x00, 0x00, 0x00, 0x00, 0x00, 0x00, 0x00, 
	0x8c, 0x6f, 0x00, 0x00, 0x06, 0x03, 0x00, 0x00, 0x00, 0x00, 0x00, 0x00, 0x00, 0x00, 0x00, 0x00, 
	0x00, 0x2e, 0x69, 0x6f, 0x70, 0x6d, 0x6f, 0x64, 0x00, 0x2e, 0x74, 0x65, 0x78, 0x74, 0x00, 0x2e, 
	0x72, 0x65, 0x6c, 0x2e, 0x74, 0x65, 0x78, 0x74, 0x00, 0x2e, 0x72, 0x6f, 0x64, 0x61, 0x74, 0x61, 
	0x00, 0x2e, 0x72, 0x65, 0x6c, 0x2e, 0x72, 0x6f, 0x64, 0x61, 0x74, 0x61, 0x00, 0x2e, 0x64, 0x61, 
	0x74, 0x61, 0x00, 0x2e, 0x72, 0x65, 0x6c, 0x2e, 0x64, 0x61, 0x74, 0x61, 0x00, 0x2e, 0x62, 0x73, 
	0x73, 0x00, 0x2e, 0x73, 0x68, 0x73, 0x74, 0x72, 0x74, 0x61, 0x62, 0x00, 0x2e, 0x73, 0x79, 0x6d, 
	0x74, 0x61, 0x62, 0x00, 0x2e, 0x73, 0x74, 0x72, 0x74, 0x61, 0x62, 0x00, 0x00, 0x00, 0x00, 0x00, 
	0x00, 0x00, 0x00, 0x00, 0x00, 0x00, 0x00, 0x00, 0x00, 0x00, 0x00, 0x00, 0x00, 0x00, 0x00, 0x00, 
	0x00, 0x00, 0x00, 0x00, 0x00, 0x00, 0x00, 0x00, 0x00, 0x00, 0x00, 0x00, 0x00, 0x00, 0x00, 0x00, 
	0x00, 0x00, 0x00, 0x00, 0x01, 0x00, 0x00, 0x00, 0x80, 0x00, 0x00, 0x70, 0x00, 0x00, 0x00, 0x00, 
	0x00, 0x00, 0x00, 0x00, 0x74, 0x00, 0x00, 0x00, 0x1b, 0x00, 0x00, 0x00, 0x00, 0x00, 0x00, 0x00, 
	0x00, 0x00, 0x00, 0x00, 0x04, 0x00, 0x00, 0x00, 0x00, 0x00, 0x00, 0x00, 0x09, 0x00, 0x00, 0x00, 
	0x01, 0x00, 0x00, 0x00, 0x06, 0x00, 0x00, 0x00, 0x00, 0x00, 0x00, 0x00, 0x90, 0x00, 0x00, 0x00, 
	0x14, 0x6e, 0x00, 0x00, 0x00, 0x00, 0x00, 0x00, 0x00, 0x00, 0x00, 0x00, 0x10, 0x00, 0x00, 0x00, 
	0x00, 0x00, 0x00, 0x00, 0x0f, 0x00, 0x00, 0x00, 0x09, 0x00, 0x00, 0x00, 0x40, 0x00, 0x00, 0x00, 
	0x00, 0x00, 0x00, 0x00, 0x8c, 0x77, 0x00, 0x00, 0x28, 0x17, 0x00, 0x00, 0x0a, 0x00, 0x00, 0x00, 
	0x02, 0x00, 0x00, 0x00, 0x04, 0x00, 0x00, 0x00, 0x08, 0x00, 0x00, 0x00, 0x19, 0x00, 0x00, 0x00, 
	0x01, 0x00, 0x00, 0x00, 0x02, 0x00, 0x00, 0x00, 0x20, 0x6e, 0x00, 0x00, 0xb0, 0x6e, 0x00, 0x00, 
	0x82, 0x06, 0x00, 0x00, 0x00, 0x00, 0x00, 0x00, 0x00, 0x00, 0x00, 0x00, 0x10, 0x00, 0x00, 0x00, 
	0x00, 0x00, 0x00, 0x00, 0x21, 0x00, 0x00, 0x00, 0x09, 0x00, 0x00, 0x00, 0x40, 0x00, 0x00, 0x00, 
	0x00, 0x00, 0x00, 0x00, 0xb4, 0x8e, 0x00, 0x00, 0xc8, 0x00, 0x00, 0x00, 0x0a, 0x00, 0x00, 0x00, 
	0x04, 0x00, 0x00, 0x00, 0x04, 0x00, 0x00, 0x00, 0x08, 0x00, 0x00, 0x00, 0x2d, 0x00, 0x00, 0x00, 
	0x01, 0x00, 0x00, 0x00, 0x03, 0x00, 0x00, 0x00, 0xb0, 0x74, 0x00, 0x00, 0x40, 0x75, 0x00, 0x00, 
	0x10, 0x00, 0x00, 0x00, 0x00, 0x00, 0x00, 0x00, 0x00, 0x00, 0x00, 0x00, 0x10, 0x00, 0x00, 0x00, 
	0x00, 0x00, 0x00, 0x00, 0x33, 0x00, 0x00, 0x00, 0x09, 0x00, 0x00, 0x00, 0x40, 0x00, 0x00, 0x00, 
	0x00, 0x00, 0x00, 0x00, 0x7c, 0x8f, 0x00, 0x00, 0x08, 0x00, 0x00, 0x00, 0x0a, 0x00, 0x00, 0x00, 
	0x06, 0x00, 0x00, 0x00, 0x04, 0x00, 0x00, 0x00, 0x08, 0x00, 0x00, 0x00, 0x3d, 0x00, 0x00, 0x00, 
	0x08, 0x00, 0x00, 0x00, 0x03, 0x00, 0x00, 0x00, 0xc0, 0x74, 0x00, 0x00, 0x50, 0x75, 0x00, 0x00, 
	0x30, 0x1d, 0x00, 0x00, 0x00, 0x00, 0x00, 0x00, 0x00, 0x00, 0x00, 0x00, 0x10, 0x00, 0x00, 0x00, 
	0x00, 0x00, 0x00, 0x00, 0x42, 0x00, 0x00, 0x00, 0x03, 0x00, 0x00, 0x00, 0x00, 0x00, 0x00, 0x00, 
	0x00, 0x00, 0x00, 0x00, 0x50, 0x75, 0x00, 0x00, 0x5c, 0x00, 0x00, 0x00, 0x00, 0x00, 0x00, 0x00, 
	0x00, 0x00, 0x00, 0x00, 0x01, 0x00, 0x00, 0x00, 0x00, 0x00, 0x00, 0x00, 0x4c, 0x00, 0x00, 0x00, 
	0x02, 0x00, 0x00, 0x00, 0x00, 0x00, 0x00, 0x00, 0x00, 0x00, 0x00, 0x00, 0x84, 0x8f, 0x00, 0x00, 
	0x10, 0x00, 0x00, 0x00, 0x0b, 0x00, 0x00, 0x00, 0x01, 0x00, 0x00, 0x00, 0x04, 0x00, 0x00, 0x00, 
	0x10, 0x00, 0x00, 0x00, 0x54, 0x00, 0x00, 0x00, 0x03, 0x00, 0x00, 0x00, 0x00, 0x00, 0x00, 0x00, 
	0x00, 0x00, 0x00, 0x00, 0x94, 0x8f, 0x00, 0x00, 0x01, 0x00, 0x00, 0x00, 0x00, 0x00, 0x00, 0x00, 
	0x00, 0x00, 0x00, 0x00, 0x01, 0x00, 0x00, 0x00, 0x00, 0x00, 0x00, 0x00, 0x14, 0x00, 0x00, 0x00, 
	0x02, 0x00, 0x00, 0x00, 0x18, 0x00, 0x00, 0x00, 0x02, 0x00, 0x00, 0x00, 0x1c, 0x00, 0x00, 0x00, 
	0x02, 0x00, 0x00, 0x00, 0x20, 0x00, 0x00, 0x00, 0x02, 0x00, 0x00, 0x00, 0x24, 0x00, 0x00, 0x00, 
	0x02, 0x00, 0x00, 0x00, 0x28, 0x00, 0x00, 0x00, 0x02, 0x00, 0x00, 0x00, 0x2c, 0x00, 0x00, 0x00, 
	0x02, 0x00, 0x00, 0x00, 0x30, 0x00, 0x00, 0x00, 0x02, 0x00, 0x00, 0x00, 0x34, 0x00, 0x00, 0x00, 
	0x02, 0x00, 0x00, 0x00, 0x38, 0x00, 0x00, 0x00, 0x02, 0x00, 0x00, 0x00, 0x3c, 0x00, 0x00, 0x00, 
	0x02, 0x00, 0x00, 0x00, 0x40, 0x00, 0x00, 0x00, 0x02, 0x00, 0x00, 0x00, 0x44, 0x00, 0x00, 0x00, 
	0x02, 0x00, 0x00, 0x00, 0x48, 0x00, 0x00, 0x00, 0x02, 0x00, 0x00, 0x00, 0x4c, 0x00, 0x00, 0x00, 
	0x02, 0x00, 0x00, 0x00, 0x50, 0x00, 0x00, 0x00, 0x02, 0x00, 0x00, 0x00, 0x54, 0x00, 0x00, 0x00, 
	0x02, 0x00, 0x00, 0x00, 0x58, 0x00, 0x00, 0x00, 0x02, 0x00, 0x00, 0x00, 0x5c, 0x00, 0x00, 0x00, 
	0x02, 0x00, 0x00, 0x00, 0x78, 0x00, 0x00, 0x00, 0x05, 0x00, 0x00, 0x00, 0x7c, 0x00, 0x00, 0x00, 
	0x06, 0x00, 0x00, 0x00, 0x84, 0x00, 0x00, 0x00, 0x05, 0x00, 0x00, 0x00, 0x88, 0x00, 0x00, 0x00, 
	0x06, 0x00, 0x00, 0x00, 0x90, 0x00, 0x00, 0x00, 0x05, 0x00, 0x00, 0x00, 0x94, 0x00, 0x00, 0x00, 
	0x06, 0x00, 0x00, 0x00, 0xb8, 0x00, 0x00, 0x00, 0x05, 0x00, 0x00, 0x00, 0xbc, 0x00, 0x00, 0x00, 
	0x06, 0x00, 0x00, 0x00, 0xc8, 0x00, 0x00, 0x00, 0x05, 0x00, 0x00, 0x00, 0xcc, 0x00, 0x00, 0x00, 
	0x06, 0x00, 0x00, 0x00, 0x9c, 0x01, 0x00, 0x00, 0x05, 0x00, 0x00, 0x00, 0xa4, 0x01, 0x00, 0x00, 
	0x06, 0x00, 0x00, 0x00, 0xa8, 0x01, 0x00, 0x00, 0x05, 0x00, 0x00, 0x00, 0xac, 0x01, 0x00, 0x00, 
	0x06, 0x00, 0x00, 0x00, 0xb4, 0x01, 0x00, 0x00, 0x05, 0x00, 0x00, 0x00, 0xb8, 0x01, 0x00, 0x00, 
	0x06, 0x00, 0x00, 0x00, 0xcc, 0x01, 0x00, 0x00, 0x05, 0x00, 0x00, 0x00, 0xd4, 0x01, 0x00, 0x00, 
	0x06, 0x00, 0x00, 0x00, 0xd8, 0x01, 0x00, 0x00, 0x05, 0x00, 0x00, 0x00, 0xe0, 0x01, 0x00, 0x00, 
	0x06, 0x00, 0x00, 0x00, 0xe4, 0x01, 0x00, 0x00, 0x05, 0x00, 0x00, 0x00, 0xe8, 0x01, 0x00, 0x00, 
	0x06, 0x00, 0x00, 0x00, 0xf4, 0x01, 0x00, 0x00, 0x05, 0x00, 0x00, 0x00, 0xf8, 0x01, 0x00, 0x00, 
	0x06, 0x00, 0x00, 0x00, 0x0c, 0x02, 0x00, 0x00, 0x05, 0x00, 0x00, 0x00, 0x10, 0x02, 0x00, 0x00, 
	0x06, 0x00, 0x00, 0x00, 0x5c, 0x02, 0x00, 0x00, 0x05, 0x00, 0x00, 0x00, 0x64, 0x02, 0x00, 0x00, 
	0x06, 0x00, 0x00, 0x00, 0x74, 0x02, 0x00, 0x00, 0x05, 0x00, 0x00, 0x00, 0x78, 0x02, 0x00, 0x00, 
	0x06, 0x00, 0x00, 0x00, 0x7c, 0x02, 0x00, 0x00, 0x05, 0x00, 0x00, 0x00, 0x84, 0x02, 0x00, 0x00, 
	0x06, 0x00, 0x00, 0x00, 0x88, 0x02, 0x00, 0x00, 0x05, 0x00, 0x00, 0x00, 0x90, 0x02, 0x00, 0x00, 
	0x06, 0x00, 0x00, 0x00, 0x24, 0x03, 0x00, 0x00, 0x05, 0x00, 0x00, 0x00, 0x28, 0x03, 0x00, 0x00, 
	0x06, 0x00, 0x00, 0x00, 0x64, 0x03, 0x00, 0x00, 0x05, 0x00, 0x00, 0x00, 0x6c, 0x03, 0x00, 0x00, 
	0x06, 0x00, 0x00, 0x00, 0x88, 0x03, 0x00, 0x00, 0x05, 0x00, 0x00, 0x00, 0x8c, 0x03, 0x00, 0x00, 
	0x06, 0x00, 0x00, 0x00, 0x90, 0x03, 0x00, 0x00, 0x05, 0x00, 0x00, 0x00, 0x94, 0x03, 0x00, 0x00, 
	0x06, 0x00, 0x00, 0x00, 0xac, 0x03, 0x00, 0x00, 0x05, 0x00, 0x00, 0x00, 0xb0, 0x03, 0x00, 0x00, 
	0x06, 0x00, 0x00, 0x00, 0xb4, 0x03, 0x00, 0x00, 0x05, 0x00, 0x00, 0x00, 0xb8, 0x03, 0x00, 0x00, 
	0x06, 0x00, 0x00, 0x00, 0xbc, 0x03, 0x00, 0x00, 0x05, 0x00, 0x00, 0x00, 0xc0, 0x03, 0x00, 0x00, 
	0x06, 0x00, 0x00, 0x00, 0xd8, 0x03, 0x00, 0x00, 0x05, 0x00, 0x00, 0x00, 0xdc, 0x03, 0x00, 0x00, 
	0x06, 0x00, 0x00, 0x00, 0xe0, 0x03, 0x00, 0x00, 0x05, 0x00, 0x00, 0x00, 0xe4, 0x03, 0x00, 0x00, 
	0x06, 0x00, 0x00, 0x00, 0xe8, 0x03, 0x00, 0x00, 0x05, 0x00, 0x00, 0x00, 0xec, 0x03, 0x00, 0x00, 
	0x06, 0x00, 0x00, 0x00, 0x2c, 0x04, 0x00, 0x00, 0x05, 0x00, 0x00, 0x00, 0x34, 0x04, 0x00, 0x00, 
	0x06, 0x00, 0x00, 0x00, 0x50, 0x04, 0x00, 0x00, 0x05, 0x00, 0x00, 0x00, 0x54, 0x04, 0x00, 0x00, 
	0x06, 0x00, 0x00, 0x00, 0x58, 0x04, 0x00, 0x00, 0x05, 0x00, 0x00, 0x00, 0x5c, 0x04, 0x00, 0x00, 
	0x06, 0x00, 0x00, 0x00, 0x74, 0x04, 0x00, 0x00, 0x05, 0x00, 0x00, 0x00, 0x78, 0x04, 0x00, 0x00, 
	0x06, 0x00, 0x00, 0x00, 0x7c, 0x04, 0x00, 0x00, 0x05, 0x00, 0x00, 0x00, 0x80, 0x04, 0x00, 0x00, 
	0x06, 0x00, 0x00, 0x00, 0x84, 0x04, 0x00, 0x00, 0x05, 0x00, 0x00, 0x00, 0x88, 0x04, 0x00, 0x00, 
	0x06, 0x00, 0x00, 0x00, 0xa0, 0x04, 0x00, 0x00, 0x05, 0x00, 0x00, 0x00, 0xa4, 0x04, 0x00, 0x00, 
	0x06, 0x00, 0x00, 0x00, 0xa8, 0x04, 0x00, 0x00, 0x05, 0x00, 0x00, 0x00, 0xac, 0x04, 0x00, 0x00, 
	0x06, 0x00, 0x00, 0x00, 0xb0, 0x04, 0x00, 0x00, 0x05, 0x00, 0x00, 0x00, 0xb4, 0x04, 0x00, 0x00, 
	0x06, 0x00, 0x00, 0x00, 0x14, 0x05, 0x00, 0x00, 0x05, 0x00, 0x00, 0x00, 0x18, 0x05, 0x00, 0x00, 
	0x06, 0x00, 0x00, 0x00, 0xe4, 0x06, 0x00, 0x00, 0x05, 0x00, 0x00, 0x00, 0xe8, 0x06, 0x00, 0x00, 
	0x06, 0x00, 0x00, 0x00, 0x20, 0x07, 0x00, 0x00, 0x05, 0x00, 0x00, 0x00, 0x24, 0x07, 0x00, 0x00, 
	0x06, 0x00, 0x00, 0x00, 0x58, 0x07, 0x00, 0x00, 0x05, 0x00, 0x00, 0x00, 0x5c, 0x07, 0x00, 0x00, 
	0x06, 0x00, 0x00, 0x00, 0x24, 0x0a, 0x00, 0x00, 0x05, 0x00, 0x00, 0x00, 0x2c, 0x0a, 0x00, 0x00, 
	0x06, 0x00, 0x00, 0x00, 0x3c, 0x0a, 0x00, 0x00, 0x05, 0x00, 0x00, 0x00, 0x40, 0x0a, 0x00, 0x00, 
	0x06, 0x00, 0x00, 0x00, 0x74, 0x0a, 0x00, 0x00, 0x05, 0x00, 0x00, 0x00, 0x78, 0x0a, 0x00, 0x00, 
	0x06, 0x00, 0x00, 0x00, 0x98, 0x0a, 0x00, 0x00, 0x05, 0x00, 0x00, 0x00, 0x9c, 0x0a, 0x00, 0x00, 
	0x06, 0x00, 0x00, 0x00, 0xc4, 0x0d, 0x00, 0x00, 0x05, 0x00, 0x00, 0x00, 0xc8, 0x0d, 0x00, 0x00, 
	0x06, 0x00, 0x00, 0x00, 0xf8, 0x0d, 0x00, 0x00, 0x05, 0x00, 0x00, 0x00, 0xfc, 0x0d, 0x00, 0x00, 
	0x06, 0x00, 0x00, 0x00, 0x00, 0x0e, 0x00, 0x00, 0x05, 0x00, 0x00, 0x00, 0x04, 0x0e, 0x00, 0x00, 
	0x06, 0x00, 0x00, 0x00, 0x1c, 0x0e, 0x00, 0x00, 0x05, 0x00, 0x00, 0x00, 0x20, 0x0e, 0x00, 0x00, 
	0x06, 0x00, 0x00, 0x00, 0x38, 0x0e, 0x00, 0x00, 0x05, 0x00, 0x00, 0x00, 0x3c, 0x0e, 0x00, 0x00, 
	0x06, 0x00, 0x00, 0x00, 0x40, 0x0e, 0x00, 0x00, 0x05, 0x00, 0x00, 0x00, 0x44, 0x0e, 0x00, 0x00, 
	0x06, 0x00, 0x00, 0x00, 0xe0, 0x0e, 0x00, 0x00, 0x05, 0x00, 0x00, 0x00, 0xe4, 0x0e, 0x00, 0x00, 
	0x06, 0x00, 0x00, 0x00, 0xfc, 0x10, 0x00, 0x00, 0x05, 0x00, 0x00, 0x00, 0x00, 0x11, 0x00, 0x00, 
	0x06, 0x00, 0x00, 0x00, 0x0c, 0x11, 0x00, 0x00, 0x05, 0x00, 0x00, 0x00, 0x10, 0x11, 0x00, 0x00, 
	0x06, 0x00, 0x00, 0x00, 0x3c, 0x11, 0x00, 0x00, 0x05, 0x00, 0x00, 0x00, 0x40, 0x11, 0x00, 0x00, 
	0x06, 0x00, 0x00, 0x00, 0xac, 0x11, 0x00, 0x00, 0x05, 0x00, 0x00, 0x00, 0xb0, 0x11, 0x00, 0x00, 
	0x06, 0x00, 0x00, 0x00, 0xc4, 0x11, 0x00, 0x00, 0x05, 0x00, 0x00, 0x00, 0xc8, 0x11, 0x00, 0x00, 
	0x06, 0x00, 0x00, 0x00, 0xe4, 0x11, 0x00, 0x00, 0x05, 0x00, 0x00, 0x00, 0xe8, 0x11, 0x00, 0x00, 
	0x06, 0x00, 0x00, 0x00, 0xec, 0x11, 0x00, 0x00, 0x05, 0x00, 0x00, 0x00, 0xf0, 0x11, 0x00, 0x00, 
	0x06, 0x00, 0x00, 0x00, 0x04, 0x12, 0x00, 0x00, 0x05, 0x00, 0x00, 0x00, 0x0c, 0x12, 0x00, 0x00, 
	0x06, 0x00, 0x00, 0x00, 0x10, 0x12, 0x00, 0x00, 0x05, 0x00, 0x00, 0x00, 0x14, 0x12, 0x00, 0x00, 
	0x06, 0x00, 0x00, 0x00, 0x18, 0x12, 0x00, 0x00, 0x05, 0x00, 0x00, 0x00, 0x1c, 0x12, 0x00, 0x00, 
	0x06, 0x00, 0x00, 0x00, 0x24, 0x12, 0x00, 0x00, 0x05, 0x00, 0x00, 0x00, 0x28, 0x12, 0x00, 0x00, 
	0x06, 0x00, 0x00, 0x00, 0x50, 0x12, 0x00, 0x00, 0x05, 0x00, 0x00, 0x00, 0x54, 0x12, 0x00, 0x00, 
	0x06, 0x00, 0x00, 0x00, 0x58, 0x12, 0x00, 0x00, 0x05, 0x00, 0x00, 0x00, 0x5c, 0x12, 0x00, 0x00, 
	0x06, 0x00, 0x00, 0x00, 0x68, 0x12, 0x00, 0x00, 0x05, 0x00, 0x00, 0x00, 0x6c, 0x12, 0x00, 0x00, 
	0x06, 0x00, 0x00, 0x00, 0x70, 0x12, 0x00, 0x00, 0x05, 0x00, 0x00, 0x00, 0x74, 0x12, 0x00, 0x00, 
	0x06, 0x00, 0x00, 0x00, 0x78, 0x12, 0x00, 0x00, 0x05, 0x00, 0x00, 0x00, 0x7c, 0x12, 0x00, 0x00, 
	0x06, 0x00, 0x00, 0x00, 0xf4, 0x12, 0x00, 0x00, 0x05, 0x00, 0x00, 0x00, 0xf8, 0x12, 0x00, 0x00, 
	0x06, 0x00, 0x00, 0x00, 0xfc, 0x12, 0x00, 0x00, 0x05, 0x00, 0x00, 0x00, 0x04, 0x13, 0x00, 0x00, 
	0x06, 0x00, 0x00, 0x00, 0x38, 0x13, 0x00, 0x00, 0x05, 0x00, 0x00, 0x00, 0x3c, 0x13, 0x00, 0x00, 
	0x06, 0x00, 0x00, 0x00, 0x40, 0x13, 0x00, 0x00, 0x05, 0x00, 0x00, 0x00, 0x44, 0x13, 0x00, 0x00, 
	0x06, 0x00, 0x00, 0x00, 0x58, 0x13, 0x00, 0x00, 0x05, 0x00, 0x00, 0x00, 0x5c, 0x13, 0x00, 0x00, 
	0x06, 0x00, 0x00, 0x00, 0x94, 0x13, 0x00, 0x00, 0x05, 0x00, 0x00, 0x00, 0x98, 0x13, 0x00, 0x00, 
	0x06, 0x00, 0x00, 0x00, 0x5c, 0x15, 0x00, 0x00, 0x05, 0x00, 0x00, 0x00, 0x60, 0x15, 0x00, 0x00, 
	0x06, 0x00, 0x00, 0x00, 0x14, 0x16, 0x00, 0x00, 0x05, 0x00, 0x00, 0x00, 0x1c, 0x16, 0x00, 0x00, 
	0x06, 0x00, 0x00, 0x00, 0x20, 0x16, 0x00, 0x00, 0x05, 0x00, 0x00, 0x00, 0x24, 0x16, 0x00, 0x00, 
	0x06, 0x00, 0x00, 0x00, 0x34, 0x16, 0x00, 0x00, 0x05, 0x00, 0x00, 0x00, 0x3c, 0x16, 0x00, 0x00, 
	0x06, 0x00, 0x00, 0x00, 0x50, 0x16, 0x00, 0x00, 0x05, 0x00, 0x00, 0x00, 0x54, 0x16, 0x00, 0x00, 
	0x06, 0x00, 0x00, 0x00, 0x58, 0x16, 0x00, 0x00, 0x05, 0x00, 0x00, 0x00, 0x5c, 0x16, 0x00, 0x00, 
	0x06, 0x00, 0x00, 0x00, 0x90, 0x16, 0x00, 0x00, 0x05, 0x00, 0x00, 0x00, 0x94, 0x16, 0x00, 0x00, 
	0x06, 0x00, 0x00, 0x00, 0x98, 0x16, 0x00, 0x00, 0x05, 0x00, 0x00, 0x00, 0x9c, 0x16, 0x00, 0x00, 
	0x06, 0x00, 0x00, 0x00, 0xb0, 0x16, 0x00, 0x00, 0x05, 0x00, 0x00, 0x00, 0xb8, 0x16, 0x00, 0x00, 
	0x06, 0x00, 0x00, 0x00, 0xbc, 0x16, 0x00, 0x00, 0x05, 0x00, 0x00, 0x00, 0xc4, 0x16, 0x00, 0x00, 
	0x06, 0x00, 0x00, 0x00, 0x34, 0x17, 0x00, 0x00, 0x05, 0x00, 0x00, 0x00, 0x38, 0x17, 0x00, 0x00, 
	0x06, 0x00, 0x00, 0x00, 0x44, 0x17, 0x00, 0x00, 0x05, 0x00, 0x00, 0x00, 0x48, 0x17, 0x00, 0x00, 
	0x06, 0x00, 0x00, 0x00, 0x4c, 0x17, 0x00, 0x00, 0x05, 0x00, 0x00, 0x00, 0x50, 0x17, 0x00, 0x00, 
	0x06, 0x00, 0x00, 0x00, 0x5c, 0x17, 0x00, 0x00, 0x05, 0x00, 0x00, 0x00, 0x60, 0x17, 0x00, 0x00, 
	0x06, 0x00, 0x00, 0x00, 0x68, 0x17, 0x00, 0x00, 0x05, 0x00, 0x00, 0x00, 0x6c, 0x17, 0x00, 0x00, 
	0x06, 0x00, 0x00, 0x00, 0xe0, 0x17, 0x00, 0x00, 0x05, 0x00, 0x00, 0x00, 0xe4, 0x17, 0x00, 0x00, 
	0x06, 0x00, 0x00, 0x00, 0x04, 0x18, 0x00, 0x00, 0x05, 0x00, 0x00, 0x00, 0x08, 0x18, 0x00, 0x00, 
	0x06, 0x00, 0x00, 0x00, 0x1c, 0x18, 0x00, 0x00, 0x05, 0x00, 0x00, 0x00, 0x20, 0x18, 0x00, 0x00, 
	0x06, 0x00, 0x00, 0x00, 0x30, 0x18, 0x00, 0x00, 0x05, 0x00, 0x00, 0x00, 0x34, 0x18, 0x00, 0x00, 
	0x06, 0x00, 0x00, 0x00, 0x38, 0x18, 0x00, 0x00, 0x05, 0x00, 0x00, 0x00, 0x3c, 0x18, 0x00, 0x00, 
	0x06, 0x00, 0x00, 0x00, 0x40, 0x18, 0x00, 0x00, 0x05, 0x00, 0x00, 0x00, 0x44, 0x18, 0x00, 0x00, 
	0x06, 0x00, 0x00, 0x00, 0x48, 0x18, 0x00, 0x00, 0x05, 0x00, 0x00, 0x00, 0x4c, 0x18, 0x00, 0x00, 
	0x06, 0x00, 0x00, 0x00, 0x50, 0x18, 0x00, 0x00, 0x05, 0x00, 0x00, 0x00, 0x54, 0x18, 0x00, 0x00, 
	0x06, 0x00, 0x00, 0x00, 0x58, 0x18, 0x00, 0x00, 0x05, 0x00, 0x00, 0x00, 0x5c, 0x18, 0x00, 0x00, 
	0x06, 0x00, 0x00, 0x00, 0x60, 0x18, 0x00, 0x00, 0x05, 0x00, 0x00, 0x00, 0x64, 0x18, 0x00, 0x00, 
	0x06, 0x00, 0x00, 0x00, 0x68, 0x18, 0x00, 0x00, 0x05, 0x00, 0x00, 0x00, 0x6c, 0x18, 0x00, 0x00, 
	0x06, 0x00, 0x00, 0x00, 0x70, 0x18, 0x00, 0x00, 0x05, 0x00, 0x00, 0x00, 0x78, 0x18, 0x00, 0x00, 
	0x06, 0x00, 0x00, 0x00, 0xdc, 0x18, 0x00, 0x00, 0x05, 0x00, 0x00, 0x00, 0xe0, 0x18, 0x00, 0x00, 
	0x06, 0x00, 0x00, 0x00, 0xe4, 0x18, 0x00, 0x00, 0x05, 0x00, 0x00, 0x00, 0xe8, 0x18, 0x00, 0x00, 
	0x06, 0x00, 0x00, 0x00, 0xf8, 0x18, 0x00, 0x00, 0x05, 0x00, 0x00, 0x00, 0xfc, 0x18, 0x00, 0x00, 
	0x06, 0x00, 0x00, 0x00, 0x0c, 0x19, 0x00, 0x00, 0x05, 0x00, 0x00, 0x00, 0x10, 0x19, 0x00, 0x00, 
	0x06, 0x00, 0x00, 0x00, 0x34, 0x19, 0x00, 0x00, 0x05, 0x00, 0x00, 0x00, 0x38, 0x19, 0x00, 0x00, 
	0x06, 0x00, 0x00, 0x00, 0x48, 0x19, 0x00, 0x00, 0x05, 0x00, 0x00, 0x00, 0x4c, 0x19, 0x00, 0x00, 
	0x06, 0x00, 0x00, 0x00, 0x60, 0x19, 0x00, 0x00, 0x05, 0x00, 0x00, 0x00, 0x64, 0x19, 0x00, 0x00, 
	0x06, 0x00, 0x00, 0x00, 0x70, 0x19, 0x00, 0x00, 0x05, 0x00, 0x00, 0x00, 0x78, 0x19, 0x00, 0x00, 
	0x06, 0x00, 0x00, 0x00, 0x84, 0x19, 0x00, 0x00, 0x05, 0x00, 0x00, 0x00, 0x88, 0x19, 0x00, 0x00, 
	0x06, 0x00, 0x00, 0x00, 0x98, 0x19, 0x00, 0x00, 0x05, 0x00, 0x00, 0x00, 0x9c, 0x19, 0x00, 0x00, 
	0x06, 0x00, 0x00, 0x00, 0xb0, 0x19, 0x00, 0x00, 0x05, 0x00, 0x00, 0x00, 0xb4, 0x19, 0x00, 0x00, 
	0x06, 0x00, 0x00, 0x00, 0xb8, 0x19, 0x00, 0x00, 0x05, 0x00, 0x00, 0x00, 0xbc, 0x19, 0x00, 0x00, 
	0x06, 0x00, 0x00, 0x00, 0xd8, 0x19, 0x00, 0x00, 0x05, 0x00, 0x00, 0x00, 0xdc, 0x19, 0x00, 0x00, 
	0x06, 0x00, 0x00, 0x00, 0xe0, 0x19, 0x00, 0x00, 0x05, 0x00, 0x00, 0x00, 0xe4, 0x19, 0x00, 0x00, 
	0x06, 0x00, 0x00, 0x00, 0xf4, 0x19, 0x00, 0x00, 0x05, 0x00, 0x00, 0x00, 0xf8, 0x19, 0x00, 0x00, 
	0x06, 0x00, 0x00, 0x00, 0xfc, 0x19, 0x00, 0x00, 0x05, 0x00, 0x00, 0x00, 0x00, 0x1a, 0x00, 0x00, 
	0x06, 0x00, 0x00, 0x00, 0x1c, 0x1a, 0x00, 0x00, 0x05, 0x00, 0x00, 0x00, 0x20, 0x1a, 0x00, 0x00, 
	0x06, 0x00, 0x00, 0x00, 0x24, 0x1a, 0x00, 0x00, 0x05, 0x00, 0x00, 0x00, 0x28, 0x1a, 0x00, 0x00, 
	0x06, 0x00, 0x00, 0x00, 0xec, 0x25, 0x00, 0x00, 0x05, 0x00, 0x00, 0x00, 0xf0, 0x25, 0x00, 0x00, 
	0x06, 0x00, 0x00, 0x00, 0x34, 0x26, 0x00, 0x00, 0x05, 0x00, 0x00, 0x00, 0x38, 0x26, 0x00, 0x00, 
	0x06, 0x00, 0x00, 0x00, 0x44, 0x26, 0x00, 0x00, 0x05, 0x00, 0x00, 0x00, 0x48, 0x26, 0x00, 0x00, 
	0x06, 0x00, 0x00, 0x00, 0x60, 0x26, 0x00, 0x00, 0x05, 0x00, 0x00, 0x00, 0x64, 0x26, 0x00, 0x00, 
	0x06, 0x00, 0x00, 0x00, 0x88, 0x26, 0x00, 0x00, 0x05, 0x00, 0x00, 0x00, 0x8c, 0x26, 0x00, 0x00, 
	0x06, 0x00, 0x00, 0x00, 0xb8, 0x26, 0x00, 0x00, 0x05, 0x00, 0x00, 0x00, 0xbc, 0x26, 0x00, 0x00, 
	0x06, 0x00, 0x00, 0x00, 0x40, 0x27, 0x00, 0x00, 0x05, 0x00, 0x00, 0x00, 0x44, 0x27, 0x00, 0x00, 
	0x06, 0x00, 0x00, 0x00, 0x50, 0x27, 0x00, 0x00, 0x05, 0x00, 0x00, 0x00, 0x54, 0x27, 0x00, 0x00, 
	0x06, 0x00, 0x00, 0x00, 0x5c, 0x27, 0x00, 0x00, 0x05, 0x00, 0x00, 0x00, 0x60, 0x27, 0x00, 0x00, 
	0x06, 0x00, 0x00, 0x00, 0x84, 0x27, 0x00, 0x00, 0x05, 0x00, 0x00, 0x00, 0x88, 0x27, 0x00, 0x00, 
	0x06, 0x00, 0x00, 0x00, 0x94, 0x27, 0x00, 0x00, 0x05, 0x00, 0x00, 0x00, 0x98, 0x27, 0x00, 0x00, 
	0x06, 0x00, 0x00, 0x00, 0xa0, 0x27, 0x00, 0x00, 0x05, 0x00, 0x00, 0x00, 0xa4, 0x27, 0x00, 0x00, 
	0x06, 0x00, 0x00, 0x00, 0xc0, 0x27, 0x00, 0x00, 0x05, 0x00, 0x00, 0x00, 0xc4, 0x27, 0x00, 0x00, 
	0x06, 0x00, 0x00, 0x00, 0xd0, 0x27, 0x00, 0x00, 0x05, 0x00, 0x00, 0x00, 0xd4, 0x27, 0x00, 0x00, 
	0x06, 0x00, 0x00, 0x00, 0xdc, 0x27, 0x00, 0x00, 0x05, 0x00, 0x00, 0x00, 0xe0, 0x27, 0x00, 0x00, 
	0x06, 0x00, 0x00, 0x00, 0x00, 0x28, 0x00, 0x00, 0x05, 0x00, 0x00, 0x00, 0x04, 0x28, 0x00, 0x00, 
	0x06, 0x00, 0x00, 0x00, 0x10, 0x28, 0x00, 0x00, 0x05, 0x00, 0x00, 0x00, 0x14, 0x28, 0x00, 0x00, 
	0x06, 0x00, 0x00, 0x00, 0x1c, 0x28, 0x00, 0x00, 0x05, 0x00, 0x00, 0x00, 0x20, 0x28, 0x00, 0x00, 
	0x06, 0x00, 0x00, 0x00, 0x3c, 0x28, 0x00, 0x00, 0x05, 0x00, 0x00, 0x00, 0x40, 0x28, 0x00, 0x00, 
	0x06, 0x00, 0x00, 0x00, 0x4c, 0x28, 0x00, 0x00, 0x05, 0x00, 0x00, 0x00, 0x50, 0x28, 0x00, 0x00, 
	0x06, 0x00, 0x00, 0x00, 0x58, 0x28, 0x00, 0x00, 0x05, 0x00, 0x00, 0x00, 0x5c, 0x28, 0x00, 0x00, 
	0x06, 0x00, 0x00, 0x00, 0x78, 0x28, 0x00, 0x00, 0x05, 0x00, 0x00, 0x00, 0x7c, 0x28, 0x00, 0x00, 
	0x06, 0x00, 0x00, 0x00, 0x88, 0x28, 0x00, 0x00, 0x05, 0x00, 0x00, 0x00, 0x8c, 0x28, 0x00, 0x00, 
	0x06, 0x00, 0x00, 0x00, 0x94, 0x28, 0x00, 0x00, 0x05, 0x00, 0x00, 0x00, 0x98, 0x28, 0x00, 0x00, 
	0x06, 0x00, 0x00, 0x00, 0xb4, 0x28, 0x00, 0x00, 0x05, 0x00, 0x00, 0x00, 0xb8, 0x28, 0x00, 0x00, 
	0x06, 0x00, 0x00, 0x00, 0xf0, 0x28, 0x00, 0x00, 0x05, 0x00, 0x00, 0x00, 0xf4, 0x28, 0x00, 0x00, 
	0x06, 0x00, 0x00, 0x00, 0x50, 0x29, 0x00, 0x00, 0x05, 0x00, 0x00, 0x00, 0x54, 0x29, 0x00, 0x00, 
	0x06, 0x00, 0x00, 0x00, 0x80, 0x29, 0x00, 0x00, 0x05, 0x00, 0x00, 0x00, 0x84, 0x29, 0x00, 0x00, 
	0x06, 0x00, 0x00, 0x00, 0xb0, 0x29, 0x00, 0x00, 0x05, 0x00, 0x00, 0x00, 0xb4, 0x29, 0x00, 0x00, 
	0x06, 0x00, 0x00, 0x00, 0xec, 0x29, 0x00, 0x00, 0x05, 0x00, 0x00, 0x00, 0xf0, 0x29, 0x00, 0x00, 
	0x06, 0x00, 0x00, 0x00, 0x40, 0x2a, 0x00, 0x00, 0x05, 0x00, 0x00, 0x00, 0x44, 0x2a, 0x00, 0x00, 
	0x06, 0x00, 0x00, 0x00, 0x6c, 0x2a, 0x00, 0x00, 0x05, 0x00, 0x00, 0x00, 0x70, 0x2a, 0x00, 0x00, 
	0x06, 0x00, 0x00, 0x00, 0xc8, 0x2a, 0x00, 0x00, 0x05, 0x00, 0x00, 0x00, 0xcc, 0x2a, 0x00, 0x00, 
	0x06, 0x00, 0x00, 0x00, 0xd8, 0x2a, 0x00, 0x00, 0x05, 0x00, 0x00, 0x00, 0xdc, 0x2a, 0x00, 0x00, 
	0x06, 0x00, 0x00, 0x00, 0xe8, 0x2a, 0x00, 0x00, 0x05, 0x00, 0x00, 0x00, 0xec, 0x2a, 0x00, 0x00, 
	0x06, 0x00, 0x00, 0x00, 0xf8, 0x2a, 0x00, 0x00, 0x05, 0x00, 0x00, 0x00, 0x00, 0x2b, 0x00, 0x00, 
	0x06, 0x00, 0x00, 0x00, 0x04, 0x2b, 0x00, 0x00, 0x05, 0x00, 0x00, 0x00, 0x08, 0x2b, 0x00, 0x00, 
	0x06, 0x00, 0x00, 0x00, 0x10, 0x2b, 0x00, 0x00, 0x05, 0x00, 0x00, 0x00, 0x14, 0x2b, 0x00, 0x00, 
	0x06, 0x00, 0x00, 0x00, 0x30, 0x2b, 0x00, 0x00, 0x05, 0x00, 0x00, 0x00, 0x34, 0x2b, 0x00, 0x00, 
	0x06, 0x00, 0x00, 0x00, 0x3c, 0x2b, 0x00, 0x00, 0x05, 0x00, 0x00, 0x00, 0x40, 0x2b, 0x00, 0x00, 
	0x06, 0x00, 0x00, 0x00, 0x70, 0x2b, 0x00, 0x00, 0x05, 0x00, 0x00, 0x00, 0x74, 0x2b, 0x00, 0x00, 
	0x06, 0x00, 0x00, 0x00, 0x78, 0x2b, 0x00, 0x00, 0x05, 0x00, 0x00, 0x00, 0x7c, 0x2b, 0x00, 0x00, 
	0x06, 0x00, 0x00, 0x00, 0xe0, 0x2b, 0x00, 0x00, 0x05, 0x00, 0x00, 0x00, 0xe4, 0x2b, 0x00, 0x00, 
	0x06, 0x00, 0x00, 0x00, 0x64, 0x2c, 0x00, 0x00, 0x05, 0x00, 0x00, 0x00, 0x68, 0x2c, 0x00, 0x00, 
	0x06, 0x00, 0x00, 0x00, 0x68, 0x2d, 0x00, 0x00, 0x05, 0x00, 0x00, 0x00, 0x6c, 0x2d, 0x00, 0x00, 
	0x06, 0x00, 0x00, 0x00, 0x58, 0x2e, 0x00, 0x00, 0x05, 0x00, 0x00, 0x00, 0x5c, 0x2e, 0x00, 0x00, 
	0x06, 0x00, 0x00, 0x00, 0x94, 0x2f, 0x00, 0x00, 0x05, 0x00, 0x00, 0x00, 0x98, 0x2f, 0x00, 0x00, 
	0x06, 0x00, 0x00, 0x00, 0xb8, 0x2f, 0x00, 0x00, 0x05, 0x00, 0x00, 0x00, 0xbc, 0x2f, 0x00, 0x00, 
	0x06, 0x00, 0x00, 0x00, 0x28, 0x30, 0x00, 0x00, 0x05, 0x00, 0x00, 0x00, 0x2c, 0x30, 0x00, 0x00, 
	0x06, 0x00, 0x00, 0x00, 0x80, 0x31, 0x00, 0x00, 0x05, 0x00, 0x00, 0x00, 0x84, 0x31, 0x00, 0x00, 
	0x06, 0x00, 0x00, 0x00, 0x1c, 0x32, 0x00, 0x00, 0x05, 0x00, 0x00, 0x00, 0x20, 0x32, 0x00, 0x00, 
	0x06, 0x00, 0x00, 0x00, 0x98, 0x32, 0x00, 0x00, 0x05, 0x00, 0x00, 0x00, 0x9c, 0x32, 0x00, 0x00, 
	0x06, 0x00, 0x00, 0x00, 0x80, 0x33, 0x00, 0x00, 0x05, 0x00, 0x00, 0x00, 0x84, 0x33, 0x00, 0x00, 
	0x06, 0x00, 0x00, 0x00, 0x74, 0x34, 0x00, 0x00, 0x05, 0x00, 0x00, 0x00, 0x78, 0x34, 0x00, 0x00, 
	0x06, 0x00, 0x00, 0x00, 0xf4, 0x34, 0x00, 0x00, 0x05, 0x00, 0x00, 0x00, 0xf8, 0x34, 0x00, 0x00, 
	0x06, 0x00, 0x00, 0x00, 0xe4, 0x35, 0x00, 0x00, 0x05, 0x00, 0x00, 0x00, 0xe8, 0x35, 0x00, 0x00, 
	0x06, 0x00, 0x00, 0x00, 0xd4, 0x36, 0x00, 0x00, 0x05, 0x00, 0x00, 0x00, 0xd8, 0x36, 0x00, 0x00, 
	0x06, 0x00, 0x00, 0x00, 0xec, 0x36, 0x00, 0x00, 0x05, 0x00, 0x00, 0x00, 0xf0, 0x36, 0x00, 0x00, 
	0x06, 0x00, 0x00, 0x00, 0x58, 0x37, 0x00, 0x00, 0x05, 0x00, 0x00, 0x00, 0x5c, 0x37, 0x00, 0x00, 
	0x06, 0x00, 0x00, 0x00, 0xf8, 0x3c, 0x00, 0x00, 0x05, 0x00, 0x00, 0x00, 0xfc, 0x3c, 0x00, 0x00, 
	0x06, 0x00, 0x00, 0x00, 0x14, 0x3d, 0x00, 0x00, 0x05, 0x00, 0x00, 0x00, 0x18, 0x3d, 0x00, 0x00, 
	0x06, 0x00, 0x00, 0x00, 0x1c, 0x3e, 0x00, 0x00, 0x05, 0x00, 0x00, 0x00, 0x20, 0x3e, 0x00, 0x00, 
	0x06, 0x00, 0x00, 0x00, 0x4c, 0x40, 0x00, 0x00, 0x05, 0x00, 0x00, 0x00, 0x50, 0x40, 0x00, 0x00, 
	0x06, 0x00, 0x00, 0x00, 0x54, 0x40, 0x00, 0x00, 0x05, 0x00, 0x00, 0x00, 0x58, 0x40, 0x00, 0x00, 
	0x06, 0x00, 0x00, 0x00, 0x6c, 0x40, 0x00, 0x00, 0x05, 0x00, 0x00, 0x00, 0x74, 0x40, 0x00, 0x00, 
	0x06, 0x00, 0x00, 0x00, 0x7c, 0x40, 0x00, 0x00, 0x05, 0x00, 0x00, 0x00, 0x80, 0x40, 0x00, 0x00, 
	0x06, 0x00, 0x00, 0x00, 0x88, 0x40, 0x00, 0x00, 0x05, 0x00, 0x00, 0x00, 0x8c, 0x40, 0x00, 0x00, 
	0x06, 0x00, 0x00, 0x00, 0x94, 0x40, 0x00, 0x00, 0x05, 0x00, 0x00, 0x00, 0x98, 0x40, 0x00, 0x00, 
	0x06, 0x00, 0x00, 0x00, 0xa0, 0x40, 0x00, 0x00, 0x05, 0x00, 0x00, 0x00, 0xa4, 0x40, 0x00, 0x00, 
	0x06, 0x00, 0x00, 0x00, 0xac, 0x40, 0x00, 0x00, 0x05, 0x00, 0x00, 0x00, 0xb0, 0x40, 0x00, 0x00, 
	0x06, 0x00, 0x00, 0x00, 0xb8, 0x40, 0x00, 0x00, 0x05, 0x00, 0x00, 0x00, 0xbc, 0x40, 0x00, 0x00, 
	0x06, 0x00, 0x00, 0x00, 0xc8, 0x40, 0x00, 0x00, 0x05, 0x00, 0x00, 0x00, 0xcc, 0x40, 0x00, 0x00, 
	0x06, 0x00, 0x00, 0x00, 0x24, 0x41, 0x00, 0x00, 0x05, 0x00, 0x00, 0x00, 0x28, 0x41, 0x00, 0x00, 
	0x06, 0x00, 0x00, 0x00, 0x30, 0x41, 0x00, 0x00, 0x05, 0x00, 0x00, 0x00, 0x34, 0x41, 0x00, 0x00, 
	0x06, 0x00, 0x00, 0x00, 0x3c, 0x41, 0x00, 0x00, 0x05, 0x00, 0x00, 0x00, 0x40, 0x41, 0x00, 0x00, 
	0x06, 0x00, 0x00, 0x00, 0x48, 0x41, 0x00, 0x00, 0x05, 0x00, 0x00, 0x00, 0x4c, 0x41, 0x00, 0x00, 
	0x06, 0x00, 0x00, 0x00, 0x54, 0x41, 0x00, 0x00, 0x05, 0x00, 0x00, 0x00, 0x58, 0x41, 0x00, 0x00, 
	0x06, 0x00, 0x00, 0x00, 0x60, 0x41, 0x00, 0x00, 0x05, 0x00, 0x00, 0x00, 0x64, 0x41, 0x00, 0x00, 
	0x06, 0x00, 0x00, 0x00, 0x70, 0x41, 0x00, 0x00, 0x05, 0x00, 0x00, 0x00, 0x74, 0x41, 0x00, 0x00, 
	0x06, 0x00, 0x00, 0x00, 0xc8, 0x41, 0x00, 0x00, 0x05, 0x00, 0x00, 0x00, 0xcc, 0x41, 0x00, 0x00, 
	0x06, 0x00, 0x00, 0x00, 0xd4, 0x41, 0x00, 0x00, 0x05, 0x00, 0x00, 0x00, 0xd8, 0x41, 0x00, 0x00, 
	0x06, 0x00, 0x00, 0x00, 0xe0, 0x41, 0x00, 0x00, 0x05, 0x00, 0x00, 0x00, 0xe4, 0x41, 0x00, 0x00, 
	0x06, 0x00, 0x00, 0x00, 0xec, 0x41, 0x00, 0x00, 0x05, 0x00, 0x00, 0x00, 0xf0, 0x41, 0x00, 0x00, 
	0x06, 0x00, 0x00, 0x00, 0xf8, 0x41, 0x00, 0x00, 0x05, 0x00, 0x00, 0x00, 0xfc, 0x41, 0x00, 0x00, 
	0x06, 0x00, 0x00, 0x00, 0x04, 0x42, 0x00, 0x00, 0x05, 0x00, 0x00, 0x00, 0x08, 0x42, 0x00, 0x00, 
	0x06, 0x00, 0x00, 0x00, 0x14, 0x42, 0x00, 0x00, 0x05, 0x00, 0x00, 0x00, 0x18, 0x42, 0x00, 0x00, 
	0x06, 0x00, 0x00, 0x00, 0x6c, 0x42, 0x00, 0x00, 0x05, 0x00, 0x00, 0x00, 0x70, 0x42, 0x00, 0x00, 
	0x06, 0x00, 0x00, 0x00, 0x78, 0x42, 0x00, 0x00, 0x05, 0x00, 0x00, 0x00, 0x7c, 0x42, 0x00, 0x00, 
	0x06, 0x00, 0x00, 0x00, 0x84, 0x42, 0x00, 0x00, 0x05, 0x00, 0x00, 0x00, 0x88, 0x42, 0x00, 0x00, 
	0x06, 0x00, 0x00, 0x00, 0x90, 0x42, 0x00, 0x00, 0x05, 0x00, 0x00, 0x00, 0x94, 0x42, 0x00, 0x00, 
	0x06, 0x00, 0x00, 0x00, 0x9c, 0x42, 0x00, 0x00, 0x05, 0x00, 0x00, 0x00, 0xa0, 0x42, 0x00, 0x00, 
	0x06, 0x00, 0x00, 0x00, 0xa8, 0x42, 0x00, 0x00, 0x05, 0x00, 0x00, 0x00, 0xac, 0x42, 0x00, 0x00, 
	0x06, 0x00, 0x00, 0x00, 0xb8, 0x42, 0x00, 0x00, 0x05, 0x00, 0x00, 0x00, 0xbc, 0x42, 0x00, 0x00, 
	0x06, 0x00, 0x00, 0x00, 0x10, 0x43, 0x00, 0x00, 0x05, 0x00, 0x00, 0x00, 0x14, 0x43, 0x00, 0x00, 
	0x06, 0x00, 0x00, 0x00, 0x1c, 0x43, 0x00, 0x00, 0x05, 0x00, 0x00, 0x00, 0x20, 0x43, 0x00, 0x00, 
	0x06, 0x00, 0x00, 0x00, 0x28, 0x43, 0x00, 0x00, 0x05, 0x00, 0x00, 0x00, 0x2c, 0x43, 0x00, 0x00, 
	0x06, 0x00, 0x00, 0x00, 0x34, 0x43, 0x00, 0x00, 0x05, 0x00, 0x00, 0x00, 0x38, 0x43, 0x00, 0x00, 
	0x06, 0x00, 0x00, 0x00, 0x40, 0x43, 0x00, 0x00, 0x05, 0x00, 0x00, 0x00, 0x44, 0x43, 0x00, 0x00, 
	0x06, 0x00, 0x00, 0x00, 0x4c, 0x43, 0x00, 0x00, 0x05, 0x00, 0x00, 0x00, 0x50, 0x43, 0x00, 0x00, 
	0x06, 0x00, 0x00, 0x00, 0x5c, 0x43, 0x00, 0x00, 0x05, 0x00, 0x00, 0x00, 0x60, 0x43, 0x00, 0x00, 
	0x06, 0x00, 0x00, 0x00, 0xb4, 0x43, 0x00, 0x00, 0x05, 0x00, 0x00, 0x00, 0xb8, 0x43, 0x00, 0x00, 
	0x06, 0x00, 0x00, 0x00, 0xc0, 0x43, 0x00, 0x00, 0x05, 0x00, 0x00, 0x00, 0xc4, 0x43, 0x00, 0x00, 
	0x06, 0x00, 0x00, 0x00, 0xcc, 0x43, 0x00, 0x00, 0x05, 0x00, 0x00, 0x00, 0xd0, 0x43, 0x00, 0x00, 
	0x06, 0x00, 0x00, 0x00, 0xd8, 0x43, 0x00, 0x00, 0x05, 0x00, 0x00, 0x00, 0xdc, 0x43, 0x00, 0x00, 
	0x06, 0x00, 0x00, 0x00, 0xe4, 0x43, 0x00, 0x00, 0x05, 0x00, 0x00, 0x00, 0xe8, 0x43, 0x00, 0x00, 
	0x06, 0x00, 0x00, 0x00, 0xf0, 0x43, 0x00, 0x00, 0x05, 0x00, 0x00, 0x00, 0xf4, 0x43, 0x00, 0x00, 
	0x06, 0x00, 0x00, 0x00, 0x00, 0x44, 0x00, 0x00, 0x05, 0x00, 0x00, 0x00, 0x04, 0x44, 0x00, 0x00, 
	0x06, 0x00, 0x00, 0x00, 0x58, 0x44, 0x00, 0x00, 0x05, 0x00, 0x00, 0x00, 0x5c, 0x44, 0x00, 0x00, 
	0x06, 0x00, 0x00, 0x00, 0x64, 0x44, 0x00, 0x00, 0x05, 0x00, 0x00, 0x00, 0x68, 0x44, 0x00, 0x00, 
	0x06, 0x00, 0x00, 0x00, 0x70, 0x44, 0x00, 0x00, 0x05, 0x00, 0x00, 0x00, 0x74, 0x44, 0x00, 0x00, 
	0x06, 0x00, 0x00, 0x00, 0x7c, 0x44, 0x00, 0x00, 0x05, 0x00, 0x00, 0x00, 0x80, 0x44, 0x00, 0x00, 
	0x06, 0x00, 0x00, 0x00, 0x88, 0x44, 0x00, 0x00, 0x05, 0x00, 0x00, 0x00, 0x8c, 0x44, 0x00, 0x00, 
	0x06, 0x00, 0x00, 0x00, 0x94, 0x44, 0x00, 0x00, 0x05, 0x00, 0x00, 0x00, 0x98, 0x44, 0x00, 0x00, 
	0x06, 0x00, 0x00, 0x00, 0xa4, 0x44, 0x00, 0x00, 0x05, 0x00, 0x00, 0x00, 0xa8, 0x44, 0x00, 0x00, 
	0x06, 0x00, 0x00, 0x00, 0xfc, 0x44, 0x00, 0x00, 0x05, 0x00, 0x00, 0x00, 0x00, 0x45, 0x00, 0x00, 
	0x06, 0x00, 0x00, 0x00, 0x08, 0x45, 0x00, 0x00, 0x05, 0x00, 0x00, 0x00, 0x0c, 0x45, 0x00, 0x00, 
	0x06, 0x00, 0x00, 0x00, 0x14, 0x45, 0x00, 0x00, 0x05, 0x00, 0x00, 0x00, 0x18, 0x45, 0x00, 0x00, 
	0x06, 0x00, 0x00, 0x00, 0x24, 0x45, 0x00, 0x00, 0x05, 0x00, 0x00, 0x00, 0x28, 0x45, 0x00, 0x00, 
	0x06, 0x00, 0x00, 0x00, 0x88, 0x45, 0x00, 0x00, 0x05, 0x00, 0x00, 0x00, 0x8c, 0x45, 0x00, 0x00, 
	0x06, 0x00, 0x00, 0x00, 0x94, 0x45, 0x00, 0x00, 0x05, 0x00, 0x00, 0x00, 0x98, 0x45, 0x00, 0x00, 
	0x06, 0x00, 0x00, 0x00, 0xa0, 0x45, 0x00, 0x00, 0x05, 0x00, 0x00, 0x00, 0xa4, 0x45, 0x00, 0x00, 
	0x06, 0x00, 0x00, 0x00, 0xac, 0x45, 0x00, 0x00, 0x05, 0x00, 0x00, 0x00, 0xb0, 0x45, 0x00, 0x00, 
	0x06, 0x00, 0x00, 0x00, 0xb8, 0x45, 0x00, 0x00, 0x05, 0x00, 0x00, 0x00, 0xbc, 0x45, 0x00, 0x00, 
	0x06, 0x00, 0x00, 0x00, 0xc4, 0x45, 0x00, 0x00, 0x05, 0x00, 0x00, 0x00, 0xc8, 0x45, 0x00, 0x00, 
	0x06, 0x00, 0x00, 0x00, 0xd4, 0x45, 0x00, 0x00, 0x05, 0x00, 0x00, 0x00, 0xd8, 0x45, 0x00, 0x00, 
	0x06, 0x00, 0x00, 0x00, 0x2c, 0x46, 0x00, 0x00, 0x05, 0x00, 0x00, 0x00, 0x30, 0x46, 0x00, 0x00, 
	0x06, 0x00, 0x00, 0x00, 0x38, 0x46, 0x00, 0x00, 0x05, 0x00, 0x00, 0x00, 0x3c, 0x46, 0x00, 0x00, 
	0x06, 0x00, 0x00, 0x00, 0x44, 0x46, 0x00, 0x00, 0x05, 0x00, 0x00, 0x00, 0x48, 0x46, 0x00, 0x00, 
	0x06, 0x00, 0x00, 0x00, 0x50, 0x46, 0x00, 0x00, 0x05, 0x00, 0x00, 0x00, 0x54, 0x46, 0x00, 0x00, 
	0x06, 0x00, 0x00, 0x00, 0x5c, 0x46, 0x00, 0x00, 0x05, 0x00, 0x00, 0x00, 0x60, 0x46, 0x00, 0x00, 
	0x06, 0x00, 0x00, 0x00, 0x68, 0x46, 0x00, 0x00, 0x05, 0x00, 0x00, 0x00, 0x6c, 0x46, 0x00, 0x00, 
	0x06, 0x00, 0x00, 0x00, 0x74, 0x46, 0x00, 0x00, 0x05, 0x00, 0x00, 0x00, 0x78, 0x46, 0x00, 0x00, 
	0x06, 0x00, 0x00, 0x00, 0x80, 0x46, 0x00, 0x00, 0x05, 0x00, 0x00, 0x00, 0x84, 0x46, 0x00, 0x00, 
	0x06, 0x00, 0x00, 0x00, 0x8c, 0x46, 0x00, 0x00, 0x05, 0x00, 0x00, 0x00, 0x90, 0x46, 0x00, 0x00, 
	0x06, 0x00, 0x00, 0x00, 0x98, 0x46, 0x00, 0x00, 0x05, 0x00, 0x00, 0x00, 0x9c, 0x46, 0x00, 0x00, 
	0x06, 0x00, 0x00, 0x00, 0xa4, 0x46, 0x00, 0x00, 0x05, 0x00, 0x00, 0x00, 0xa8, 0x46, 0x00, 0x00, 
	0x06, 0x00, 0x00, 0x00, 0xb0, 0x46, 0x00, 0x00, 0x05, 0x00, 0x00, 0x00, 0xb4, 0x46, 0x00, 0x00, 
	0x06, 0x00, 0x00, 0x00, 0xbc, 0x46, 0x00, 0x00, 0x05, 0x00, 0x00, 0x00, 0xc0, 0x46, 0x00, 0x00, 
	0x06, 0x00, 0x00, 0x00, 0xc8, 0x46, 0x00, 0x00, 0x05, 0x00, 0x00, 0x00, 0xcc, 0x46, 0x00, 0x00, 
	0x06, 0x00, 0x00, 0x00, 0xd4, 0x46, 0x00, 0x00, 0x05, 0x00, 0x00, 0x00, 0xd8, 0x46, 0x00, 0x00, 
	0x06, 0x00, 0x00, 0x00, 0xe4, 0x46, 0x00, 0x00, 0x05, 0x00, 0x00, 0x00, 0xe8, 0x46, 0x00, 0x00, 
	0x06, 0x00, 0x00, 0x00, 0x0c, 0x47, 0x00, 0x00, 0x05, 0x00, 0x00, 0x00, 0x10, 0x47, 0x00, 0x00, 
	0x06, 0x00, 0x00, 0x00, 0x18, 0x47, 0x00, 0x00, 0x05, 0x00, 0x00, 0x00, 0x1c, 0x47, 0x00, 0x00, 
	0x06, 0x00, 0x00, 0x00, 0x58, 0x47, 0x00, 0x00, 0x05, 0x00, 0x00, 0x00, 0x5c, 0x47, 0x00, 0x00, 
	0x06, 0x00, 0x00, 0x00, 0x64, 0x47, 0x00, 0x00, 0x05, 0x00, 0x00, 0x00, 0x68, 0x47, 0x00, 0x00, 
	0x06, 0x00, 0x00, 0x00, 0xc0, 0x47, 0x00, 0x00, 0x05, 0x00, 0x00, 0x00, 0xc4, 0x47, 0x00, 0x00, 
	0x06, 0x00, 0x00, 0x00, 0xcc, 0x47, 0x00, 0x00, 0x05, 0x00, 0x00, 0x00, 0xd0, 0x47, 0x00, 0x00, 
	0x06, 0x00, 0x00, 0x00, 0x24, 0x48, 0x00, 0x00, 0x05, 0x00, 0x00, 0x00, 0x28, 0x48, 0x00, 0x00, 
	0x06, 0x00, 0x00, 0x00, 0x30, 0x48, 0x00, 0x00, 0x05, 0x00, 0x00, 0x00, 0x34, 0x48, 0x00, 0x00, 
	0x06, 0x00, 0x00, 0x00, 0x88, 0x48, 0x00, 0x00, 0x05, 0x00, 0x00, 0x00, 0x8c, 0x48, 0x00, 0x00, 
	0x06, 0x00, 0x00, 0x00, 0x94, 0x48, 0x00, 0x00, 0x05, 0x00, 0x00, 0x00, 0x98, 0x48, 0x00, 0x00, 
	0x06, 0x00, 0x00, 0x00, 0xec, 0x48, 0x00, 0x00, 0x05, 0x00, 0x00, 0x00, 0xf0, 0x48, 0x00, 0x00, 
	0x06, 0x00, 0x00, 0x00, 0xf8, 0x48, 0x00, 0x00, 0x05, 0x00, 0x00, 0x00, 0xfc, 0x48, 0x00, 0x00, 
	0x06, 0x00, 0x00, 0x00, 0x50, 0x49, 0x00, 0x00, 0x05, 0x00, 0x00, 0x00, 0x54, 0x49, 0x00, 0x00, 
	0x06, 0x00, 0x00, 0x00, 0x5c, 0x49, 0x00, 0x00, 0x05, 0x00, 0x00, 0x00, 0x60, 0x49, 0x00, 0x00, 
	0x06, 0x00, 0x00, 0x00, 0xb4, 0x49, 0x00, 0x00, 0x05, 0x00, 0x00, 0x00, 0xb8, 0x49, 0x00, 0x00, 
	0x06, 0x00, 0x00, 0x00, 0xc0, 0x49, 0x00, 0x00, 0x05, 0x00, 0x00, 0x00, 0xc4, 0x49, 0x00, 0x00, 
	0x06, 0x00, 0x00, 0x00, 0x18, 0x4a, 0x00, 0x00, 0x05, 0x00, 0x00, 0x00, 0x1c, 0x4a, 0x00, 0x00, 
	0x06, 0x00, 0x00, 0x00, 0x24, 0x4a, 0x00, 0x00, 0x05, 0x00, 0x00, 0x00, 0x28, 0x4a, 0x00, 0x00, 
	0x06, 0x00, 0x00, 0x00, 0x7c, 0x4a, 0x00, 0x00, 0x05, 0x00, 0x00, 0x00, 0x80, 0x4a, 0x00, 0x00, 
	0x06, 0x00, 0x00, 0x00, 0x88, 0x4a, 0x00, 0x00, 0x05, 0x00, 0x00, 0x00, 0x8c, 0x4a, 0x00, 0x00, 
	0x06, 0x00, 0x00, 0x00, 0xe0, 0x4a, 0x00, 0x00, 0x05, 0x00, 0x00, 0x00, 0xe4, 0x4a, 0x00, 0x00, 
	0x06, 0x00, 0x00, 0x00, 0xec, 0x4a, 0x00, 0x00, 0x05, 0x00, 0x00, 0x00, 0xf0, 0x4a, 0x00, 0x00, 
	0x06, 0x00, 0x00, 0x00, 0x44, 0x4b, 0x00, 0x00, 0x05, 0x00, 0x00, 0x00, 0x48, 0x4b, 0x00, 0x00, 
	0x06, 0x00, 0x00, 0x00, 0x50, 0x4b, 0x00, 0x00, 0x05, 0x00, 0x00, 0x00, 0x54, 0x4b, 0x00, 0x00, 
	0x06, 0x00, 0x00, 0x00, 0xa8, 0x4b, 0x00, 0x00, 0x05, 0x00, 0x00, 0x00, 0xac, 0x4b, 0x00, 0x00, 
	0x06, 0x00, 0x00, 0x00, 0xb4, 0x4b, 0x00, 0x00, 0x05, 0x00, 0x00, 0x00, 0xb8, 0x4b, 0x00, 0x00, 
	0x06, 0x00, 0x00, 0x00, 0x0c, 0x4c, 0x00, 0x00, 0x05, 0x00, 0x00, 0x00, 0x10, 0x4c, 0x00, 0x00, 
	0x06, 0x00, 0x00, 0x00, 0x18, 0x4c, 0x00, 0x00, 0x05, 0x00, 0x00, 0x00, 0x1c, 0x4c, 0x00, 0x00, 
	0x06, 0x00, 0x00, 0x00, 0x70, 0x4c, 0x00, 0x00, 0x05, 0x00, 0x00, 0x00, 0x74, 0x4c, 0x00, 0x00, 
	0x06, 0x00, 0x00, 0x00, 0x7c, 0x4c, 0x00, 0x00, 0x05, 0x00, 0x00, 0x00, 0x80, 0x4c, 0x00, 0x00, 
	0x06, 0x00, 0x00, 0x00, 0xec, 0x4c, 0x00, 0x00, 0x05, 0x00, 0x00, 0x00, 0xf0, 0x4c, 0x00, 0x00, 
	0x06, 0x00, 0x00, 0x00, 0xf4, 0x4c, 0x00, 0x00, 0x05, 0x00, 0x00, 0x00, 0xf8, 0x4c, 0x00, 0x00, 
	0x06, 0x00, 0x00, 0x00, 0x00, 0x4e, 0x00, 0x00, 0x05, 0x00, 0x00, 0x00, 0x04, 0x4e, 0x00, 0x00, 
	0x06, 0x00, 0x00, 0x00, 0x08, 0x4e, 0x00, 0x00, 0x05, 0x00, 0x00, 0x00, 0x0c, 0x4e, 0x00, 0x00, 
	0x06, 0x00, 0x00, 0x00, 0x10, 0x4e, 0x00, 0x00, 0x05, 0x00, 0x00, 0x00, 0x14, 0x4e, 0x00, 0x00, 
	0x06, 0x00, 0x00, 0x00, 0x18, 0x4e, 0x00, 0x00, 0x05, 0x00, 0x00, 0x00, 0x1c, 0x4e, 0x00, 0x00, 
	0x06, 0x00, 0x00, 0x00, 0x28, 0x4e, 0x00, 0x00, 0x05, 0x00, 0x00, 0x00, 0x2c, 0x4e, 0x00, 0x00, 
	0x06, 0x00, 0x00, 0x00, 0x60, 0x4e, 0x00, 0x00, 0x05, 0x00, 0x00, 0x00, 0x64, 0x4e, 0x00, 0x00, 
	0x06, 0x00, 0x00, 0x00, 0x74, 0x4e, 0x00, 0x00, 0x05, 0x00, 0x00, 0x00, 0x78, 0x4e, 0x00, 0x00, 
	0x06, 0x00, 0x00, 0x00, 0x7c, 0x4e, 0x00, 0x00, 0x05, 0x00, 0x00, 0x00, 0x80, 0x4e, 0x00, 0x00, 
	0x06, 0x00, 0x00, 0x00, 0x0c, 0x4f, 0x00, 0x00, 0x05, 0x00, 0x00, 0x00, 0x10, 0x4f, 0x00, 0x00, 
	0x06, 0x00, 0x00, 0x00, 0x4c, 0x4f, 0x00, 0x00, 0x05, 0x00, 0x00, 0x00, 0x50, 0x4f, 0x00, 0x00, 
	0x06, 0x00, 0x00, 0x00, 0x88, 0x4f, 0x00, 0x00, 0x05, 0x00, 0x00, 0x00, 0x8c, 0x4f, 0x00, 0x00, 
	0x06, 0x00, 0x00, 0x00, 0xc4, 0x4f, 0x00, 0x00, 0x05, 0x00, 0x00, 0x00, 0xc8, 0x4f, 0x00, 0x00, 
	0x06, 0x00, 0x00, 0x00, 0xfc, 0x4f, 0x00, 0x00, 0x05, 0x00, 0x00, 0x00, 0x00, 0x50, 0x00, 0x00, 
	0x06, 0x00, 0x00, 0x00, 0x10, 0x50, 0x00, 0x00, 0x05, 0x00, 0x00, 0x00, 0x14, 0x50, 0x00, 0x00, 
	0x06, 0x00, 0x00, 0x00, 0xc8, 0x50, 0x00, 0x00, 0x05, 0x00, 0x00, 0x00, 0xcc, 0x50, 0x00, 0x00, 
	0x06, 0x00, 0x00, 0x00, 0xd0, 0x50, 0x00, 0x00, 0x05, 0x00, 0x00, 0x00, 0xd4, 0x50, 0x00, 0x00, 
	0x06, 0x00, 0x00, 0x00, 0xf0, 0x50, 0x00, 0x00, 0x05, 0x00, 0x00, 0x00, 0xf4, 0x50, 0x00, 0x00, 
	0x06, 0x00, 0x00, 0x00, 0xf8, 0x50, 0x00, 0x00, 0x05, 0x00, 0x00, 0x00, 0xfc, 0x50, 0x00, 0x00, 
	0x06, 0x00, 0x00, 0x00, 0x10, 0x51, 0x00, 0x00, 0x05, 0x00, 0x00, 0x00, 0x14, 0x51, 0x00, 0x00, 
	0x06, 0x00, 0x00, 0x00, 0x44, 0x51, 0x00, 0x00, 0x05, 0x00, 0x00, 0x00, 0x48, 0x51, 0x00, 0x00, 
	0x06, 0x00, 0x00, 0x00, 0x8c, 0x51, 0x00, 0x00, 0x05, 0x00, 0x00, 0x00, 0x90, 0x51, 0x00, 0x00, 
	0x06, 0x00, 0x00, 0x00, 0xb4, 0x51, 0x00, 0x00, 0x05, 0x00, 0x00, 0x00, 0xb8, 0x51, 0x00, 0x00, 
	0x06, 0x00, 0x00, 0x00, 0xe8, 0x51, 0x00, 0x00, 0x05, 0x00, 0x00, 0x00, 0xec, 0x51, 0x00, 0x00, 
	0x06, 0x00, 0x00, 0x00, 0x1c, 0x52, 0x00, 0x00, 0x05, 0x00, 0x00, 0x00, 0x20, 0x52, 0x00, 0x00, 
	0x06, 0x00, 0x00, 0x00, 0x2c, 0x52, 0x00, 0x00, 0x05, 0x00, 0x00, 0x00, 0x30, 0x52, 0x00, 0x00, 
	0x06, 0x00, 0x00, 0x00, 0x60, 0x52, 0x00, 0x00, 0x05, 0x00, 0x00, 0x00, 0x64, 0x52, 0x00, 0x00, 
	0x06, 0x00, 0x00, 0x00, 0x94, 0x52, 0x00, 0x00, 0x05, 0x00, 0x00, 0x00, 0x98, 0x52, 0x00, 0x00, 
	0x06, 0x00, 0x00, 0x00, 0x28, 0x53, 0x00, 0x00, 0x05, 0x00, 0x00, 0x00, 0x2c, 0x53, 0x00, 0x00, 
	0x06, 0x00, 0x00, 0x00, 0x30, 0x53, 0x00, 0x00, 0x05, 0x00, 0x00, 0x00, 0x34, 0x53, 0x00, 0x00, 
	0x06, 0x00, 0x00, 0x00, 0x3c, 0x53, 0x00, 0x00, 0x05, 0x00, 0x00, 0x00, 0x40, 0x53, 0x00, 0x00, 
	0x06, 0x00, 0x00, 0x00, 0xd8, 0x53, 0x00, 0x00, 0x05, 0x00, 0x00, 0x00, 0xdc, 0x53, 0x00, 0x00, 
	0x06, 0x00, 0x00, 0x00, 0xf0, 0x53, 0x00, 0x00, 0x05, 0x00, 0x00, 0x00, 0xf4, 0x53, 0x00, 0x00, 
	0x06, 0x00, 0x00, 0x00, 0xf8, 0x53, 0x00, 0x00, 0x05, 0x00, 0x00, 0x00, 0xfc, 0x53, 0x00, 0x00, 
	0x06, 0x00, 0x00, 0x00, 0x00, 0x54, 0x00, 0x00, 0x05, 0x00, 0x00, 0x00, 0x04, 0x54, 0x00, 0x00, 
	0x06, 0x00, 0x00, 0x00, 0x08, 0x54, 0x00, 0x00, 0x05, 0x00, 0x00, 0x00, 0x0c, 0x54, 0x00, 0x00, 
	0x06, 0x00, 0x00, 0x00, 0x10, 0x54, 0x00, 0x00, 0x05, 0x00, 0x00, 0x00, 0x14, 0x54, 0x00, 0x00, 
	0x06, 0x00, 0x00, 0x00, 0x18, 0x54, 0x00, 0x00, 0x05, 0x00, 0x00, 0x00, 0x1c, 0x54, 0x00, 0x00, 
	0x06, 0x00, 0x00, 0x00, 0x20, 0x54, 0x00, 0x00, 0x05, 0x00, 0x00, 0x00, 0x24, 0x54, 0x00, 0x00, 
	0x06, 0x00, 0x00, 0x00, 0x28, 0x54, 0x00, 0x00, 0x05, 0x00, 0x00, 0x00, 0x2c, 0x54, 0x00, 0x00, 
	0x06, 0x00, 0x00, 0x00, 0x30, 0x54, 0x00, 0x00, 0x05, 0x00, 0x00, 0x00, 0x34, 0x54, 0x00, 0x00, 
	0x06, 0x00, 0x00, 0x00, 0x38, 0x54, 0x00, 0x00, 0x05, 0x00, 0x00, 0x00, 0x3c, 0x54, 0x00, 0x00, 
	0x06, 0x00, 0x00, 0x00, 0x40, 0x54, 0x00, 0x00, 0x05, 0x00, 0x00, 0x00, 0x44, 0x54, 0x00, 0x00, 
	0x06, 0x00, 0x00, 0x00, 0x48, 0x54, 0x00, 0x00, 0x05, 0x00, 0x00, 0x00, 0x4c, 0x54, 0x00, 0x00, 
	0x06, 0x00, 0x00, 0x00, 0x50, 0x54, 0x00, 0x00, 0x05, 0x00, 0x00, 0x00, 0x54, 0x54, 0x00, 0x00, 
	0x06, 0x00, 0x00, 0x00, 0x58, 0x54, 0x00, 0x00, 0x05, 0x00, 0x00, 0x00, 0x5c, 0x54, 0x00, 0x00, 
	0x06, 0x00, 0x00, 0x00, 0x60, 0x54, 0x00, 0x00, 0x05, 0x00, 0x00, 0x00, 0x64, 0x54, 0x00, 0x00, 
	0x06, 0x00, 0x00, 0x00, 0x68, 0x54, 0x00, 0x00, 0x05, 0x00, 0x00, 0x00, 0x6c, 0x54, 0x00, 0x00, 
	0x06, 0x00, 0x00, 0x00, 0x70, 0x54, 0x00, 0x00, 0x05, 0x00, 0x00, 0x00, 0x74, 0x54, 0x00, 0x00, 
	0x06, 0x00, 0x00, 0x00, 0x78, 0x54, 0x00, 0x00, 0x05, 0x00, 0x00, 0x00, 0x7c, 0x54, 0x00, 0x00, 
	0x06, 0x00, 0x00, 0x00, 0x80, 0x54, 0x00, 0x00, 0x05, 0x00, 0x00, 0x00, 0x84, 0x54, 0x00, 0x00, 
	0x06, 0x00, 0x00, 0x00, 0x88, 0x54, 0x00, 0x00, 0x05, 0x00, 0x00, 0x00, 0x90, 0x54, 0x00, 0x00, 
	0x06, 0x00, 0x00, 0x00, 0xc4, 0x54, 0x00, 0x00, 0x05, 0x00, 0x00, 0x00, 0xc8, 0x54, 0x00, 0x00, 
	0x06, 0x00, 0x00, 0x00, 0x0c, 0x55, 0x00, 0x00, 0x05, 0x00, 0x00, 0x00, 0x10, 0x55, 0x00, 0x00, 
	0x06, 0x00, 0x00, 0x00, 0x58, 0x55, 0x00, 0x00, 0x05, 0x00, 0x00, 0x00, 0x5c, 0x55, 0x00, 0x00, 
	0x06, 0x00, 0x00, 0x00, 0xa4, 0x55, 0x00, 0x00, 0x05, 0x00, 0x00, 0x00, 0xa8, 0x55, 0x00, 0x00, 
	0x06, 0x00, 0x00, 0x00, 0xf0, 0x55, 0x00, 0x00, 0x05, 0x00, 0x00, 0x00, 0xf4, 0x55, 0x00, 0x00, 
	0x06, 0x00, 0x00, 0x00, 0x18, 0x56, 0x00, 0x00, 0x05, 0x00, 0x00, 0x00, 0x1c, 0x56, 0x00, 0x00, 
	0x06, 0x00, 0x00, 0x00, 0x74, 0x57, 0x00, 0x00, 0x05, 0x00, 0x00, 0x00, 0x78, 0x57, 0x00, 0x00, 
	0x06, 0x00, 0x00, 0x00, 0xcc, 0x57, 0x00, 0x00, 0x05, 0x00, 0x00, 0x00, 0xd0, 0x57, 0x00, 0x00, 
	0x06, 0x00, 0x00, 0x00, 0x14, 0x58, 0x00, 0x00, 0x05, 0x00, 0x00, 0x00, 0x18, 0x58, 0x00, 0x00, 
	0x06, 0x00, 0x00, 0x00, 0x1c, 0x58, 0x00, 0x00, 0x05, 0x00, 0x00, 0x00, 0x20, 0x58, 0x00, 0x00, 
	0x06, 0x00, 0x00, 0x00, 0x24, 0x58, 0x00, 0x00, 0x05, 0x00, 0x00, 0x00, 0x28, 0x58, 0x00, 0x00, 
	0x06, 0x00, 0x00, 0x00, 0x2c, 0x58, 0x00, 0x00, 0x05, 0x00, 0x00, 0x00, 0x34, 0x58, 0x00, 0x00, 
	0x06, 0x00, 0x00, 0x00, 0x60, 0x58, 0x00, 0x00, 0x05, 0x00, 0x00, 0x00, 0x64, 0x58, 0x00, 0x00, 
	0x06, 0x00, 0x00, 0x00, 0x78, 0x58, 0x00, 0x00, 0x05, 0x00, 0x00, 0x00, 0x7c, 0x58, 0x00, 0x00, 
	0x06, 0x00, 0x00, 0x00, 0xb8, 0x58, 0x00, 0x00, 0x05, 0x00, 0x00, 0x00, 0xbc, 0x58, 0x00, 0x00, 
	0x06, 0x00, 0x00, 0x00, 0x08, 0x59, 0x00, 0x00, 0x05, 0x00, 0x00, 0x00, 0x0c, 0x59, 0x00, 0x00, 
	0x06, 0x00, 0x00, 0x00, 0x18, 0x59, 0x00, 0x00, 0x05, 0x00, 0x00, 0x00, 0x1c, 0x59, 0x00, 0x00, 
	0x06, 0x00, 0x00, 0x00, 0x20, 0x59, 0x00, 0x00, 0x05, 0x00, 0x00, 0x00, 0x28, 0x59, 0x00, 0x00, 
	0x06, 0x00, 0x00, 0x00, 0x90, 0x59, 0x00, 0x00, 0x05, 0x00, 0x00, 0x00, 0x94, 0x59, 0x00, 0x00, 
	0x06, 0x00, 0x00, 0x00, 0x20, 0x6e, 0x00, 0x00, 0x02, 0x00, 0x00, 0x00, 0x24, 0x6e, 0x00, 0x00, 
	0x02, 0x00, 0x00, 0x00, 0x28, 0x6e, 0x00, 0x00, 0x02, 0x00, 0x00, 0x00, 0x2c, 0x6e, 0x00, 0x00, 
	0x02, 0x00, 0x00, 0x00, 0x30, 0x6e, 0x00, 0x00, 0x02, 0x00, 0x00, 0x00, 0x34, 0x6e, 0x00, 0x00, 
	0x02, 0x00, 0x00, 0x00, 0x38, 0x6e, 0x00, 0x00, 0x02, 0x00, 0x00, 0x00, 0x3c, 0x6e, 0x00, 0x00, 
	0x02, 0x00, 0x00, 0x00, 0x40, 0x6e, 0x00, 0x00, 0x02, 0x00, 0x00, 0x00, 0x44, 0x6e, 0x00, 0x00, 
	0x02, 0x00, 0x00, 0x00, 0x48, 0x6e, 0x00, 0x00, 0x02, 0x00, 0x00, 0x00, 0x4c, 0x6e, 0x00, 0x00, 
	0x02, 0x00, 0x00, 0x00, 0x50, 0x6e, 0x00, 0x00, 0x02, 0x00, 0x00, 0x00, 0x54, 0x6e, 0x00, 0x00, 
	0x02, 0x00, 0x00, 0x00, 0x58, 0x6e, 0x00, 0x00, 0x02, 0x00, 0x00, 0x00, 0x5c, 0x6e, 0x00, 0x00, 
	0x02, 0x00, 0x00, 0x00, 0x60, 0x6e, 0x00, 0x00, 0x02, 0x00, 0x00, 0x00, 0x64, 0x6e, 0x00, 0x00, 
	0x02, 0x00, 0x00, 0x00, 0x70, 0x6e, 0x00, 0x00, 0x02, 0x00, 0x00, 0x00, 0x74, 0x6e, 0x00, 0x00, 
	0x02, 0x00, 0x00, 0x00, 0x78, 0x6e, 0x00, 0x00, 0x02, 0x00, 0x00, 0x00, 0x7c, 0x6e, 0x00, 0x00, 
	0x02, 0x00, 0x00, 0x00, 0x80, 0x6e, 0x00, 0x00, 0x02, 0x00, 0x00, 0x00, 0x84, 0x6e, 0x00, 0x00, 
	0x02, 0x00, 0x00, 0x00, 0x88, 0x6e, 0x00, 0x00, 0x02, 0x00, 0x00, 0x00, 0xb0, 0x74, 0x00, 0x00, 
	0x02, 0x00, 0x00, 0x00, 0x00, 0x00, 0x00, 0x00, 0x00, 0x00, 0x00, 0x00, 0x00, 0x00, 0x00, 0x00, 
	0x00, 0x00, 0x00, 0x00, 0x00, 
};

#endif